activity_id,invoice_id,customer_id,activity_date,activity_type,analyst,outcome,promise_to_pay_date
ACT-0000001,INV-0022371,C00206,2026-04-16,EMAIL,S. Duarte,NO_ANSWER,
ACT-0000002,INV-0025892,C00240,2026-06-13,STATEMENT,B. Quintana,INFO_REQUESTED,
ACT-0000003,INV-0025892,C00240,2026-06-12,STATEMENT,B. Quintana,INFO_REQUESTED,
ACT-0000004,INV-0001681,C00015,2026-01-20,EMAIL,D. Aguilar,NO_ANSWER,
ACT-0000005,INV-0001681,C00015,2025-12-08,STATEMENT,D. Aguilar,PROMISE_TO_PAY,2026-01-01
ACT-0000006,INV-0016728,C00151,2026-06-04,CALL,N. Espinoza,NO_ANSWER,
ACT-0000007,INV-0016728,C00151,2026-04-06,EMAIL,N. Espinoza,NO_ANSWER,
ACT-0000008,INV-0016728,C00151,2026-06-08,EMAIL,N. Espinoza,PAYMENT_CONFIRMED,
ACT-0000009,INV-0010532,C00091,2025-09-06,STATEMENT,L. Moreno,NO_ANSWER,
ACT-0000010,INV-0012000,C00105,2025-12-18,ESCALATION,J. Villalobos,INFO_REQUESTED,
ACT-0000011,INV-0008679,C00075,2025-11-11,CALL,D. Aguilar,PROMISE_TO_PAY,2025-12-09
ACT-0000012,INV-0008679,C00075,2025-12-09,EMAIL,D. Aguilar,INFO_REQUESTED,
ACT-0000013,INV-0008679,C00075,2026-01-08,STATEMENT,D. Aguilar,NO_ANSWER,
ACT-0000014,INV-0026512,C00246,2026-04-05,CALL,V. Cardenas,PAYMENT_CONFIRMED,
ACT-0000015,INV-0026512,C00246,2026-03-19,EMAIL,V. Cardenas,INFO_REQUESTED,
ACT-0000016,INV-0026512,C00246,2026-03-25,CALL,V. Cardenas,DISPUTE_RAISED,
ACT-0000017,INV-0011287,C00098,2025-10-14,CALL,R. Salazar,DISPUTE_RAISED,
ACT-0000018,INV-0011287,C00098,2025-11-07,CALL,R. Salazar,PROMISE_TO_PAY,2025-11-21
ACT-0000019,INV-0011287,C00098,2025-10-27,CALL,R. Salazar,NO_ANSWER,
ACT-0000020,INV-0011287,C00098,2025-10-31,EMAIL,R. Salazar,PAYMENT_CONFIRMED,
ACT-0000021,INV-0023791,C00220,2025-08-09,EMAIL,B. Quintana,DISPUTE_RAISED,
ACT-0000022,INV-0001328,C00012,2026-01-14,EMAIL,C. Fuentes,PROMISE_TO_PAY,2026-01-21
ACT-0000023,INV-0001328,C00012,2025-12-03,STATEMENT,C. Fuentes,PAYMENT_CONFIRMED,
ACT-0000024,INV-0001328,C00012,2025-12-12,ESCALATION,C. Fuentes,INFO_REQUESTED,
ACT-0000025,INV-0001328,C00012,2026-03-14,EMAIL,C. Fuentes,PROMISE_TO_PAY,2026-04-11
ACT-0000026,INV-0014555,C00130,2025-10-07,CALL,P. Ibarra,PROMISE_TO_PAY,2025-10-28
ACT-0000027,INV-0014555,C00130,2025-08-27,EMAIL,P. Ibarra,PROMISE_TO_PAY,2025-09-10
ACT-0000028,INV-0014555,C00130,2025-10-06,CALL,P. Ibarra,PROMISE_TO_PAY,2025-10-26
ACT-0000029,INV-0016122,C00145,2026-04-03,EMAIL,J. Villalobos,INFO_REQUESTED,
ACT-0000030,INV-0016122,C00145,2026-04-17,EMAIL,J. Villalobos,NO_ANSWER,
ACT-0000031,INV-0007737,C00067,2025-06-03,STATEMENT,A. Reyes,PROMISE_TO_PAY,2025-06-30
ACT-0000032,INV-0007737,C00067,2025-08-18,CALL,A. Reyes,NO_ANSWER,
ACT-0000033,INV-0007737,C00067,2025-08-30,EMAIL,A. Reyes,PROMISE_TO_PAY,2025-09-09
ACT-0000034,INV-0020499,C00188,2025-05-22,EMAIL,D. Aguilar,PROMISE_TO_PAY,2025-06-04
ACT-0000035,INV-0020499,C00188,2025-05-29,EMAIL,D. Aguilar,PROMISE_TO_PAY,2025-06-20
ACT-0000036,INV-0020499,C00188,2025-08-15,CALL,D. Aguilar,INFO_REQUESTED,
ACT-0000037,INV-0010426,C00090,2025-09-01,CALL,L. Moreno,INFO_REQUESTED,
ACT-0000038,INV-0010426,C00090,2025-10-12,ESCALATION,L. Moreno,DISPUTE_RAISED,
ACT-0000039,INV-0010426,C00090,2025-10-04,STATEMENT,L. Moreno,PAYMENT_CONFIRMED,
ACT-0000040,INV-0010426,C00090,2025-10-29,EMAIL,L. Moreno,NO_ANSWER,
ACT-0000041,INV-0019306,C00176,2025-12-11,EMAIL,A. Reyes,INFO_REQUESTED,
ACT-0000042,INV-0018570,C00169,2026-01-08,EMAIL,T. Rivas,NO_ANSWER,
ACT-0000043,INV-0018570,C00169,2026-01-30,EMAIL,T. Rivas,DISPUTE_RAISED,
ACT-0000044,INV-0018570,C00169,2026-03-14,STATEMENT,T. Rivas,PROMISE_TO_PAY,2026-04-04
ACT-0000045,INV-0018570,C00169,2026-05-02,CALL,T. Rivas,NO_ANSWER,
ACT-0000046,INV-0018010,C00164,2025-09-17,STATEMENT,P. Ibarra,PAYMENT_CONFIRMED,
ACT-0000047,INV-0018010,C00164,2025-07-09,EMAIL,P. Ibarra,NO_ANSWER,
ACT-0000048,INV-0018010,C00164,2025-08-03,EMAIL,P. Ibarra,NO_ANSWER,
ACT-0000049,INV-0002884,C00026,2025-06-25,EMAIL,L. Moreno,NO_ANSWER,
ACT-0000050,INV-0002884,C00026,2025-07-16,EMAIL,L. Moreno,PROMISE_TO_PAY,2025-08-13
ACT-0000051,INV-0002884,C00026,2025-06-19,CALL,L. Moreno,PAYMENT_CONFIRMED,
ACT-0000052,INV-0009999,C00086,2026-01-04,EMAIL,J. Villalobos,NO_ANSWER,
ACT-0000053,INV-0009999,C00086,2026-01-18,EMAIL,J. Villalobos,PAYMENT_CONFIRMED,
ACT-0000054,INV-0009999,C00086,2026-02-24,CALL,J. Villalobos,NO_ANSWER,
ACT-0000055,INV-0012416,C00109,2026-06-05,STATEMENT,T. Rivas,PROMISE_TO_PAY,2026-06-27
ACT-0000056,INV-0016818,C00152,2026-04-13,EMAIL,M. Contreras,NO_ANSWER,
ACT-0000057,INV-0016818,C00152,2026-03-27,EMAIL,M. Contreras,PROMISE_TO_PAY,2026-04-21
ACT-0000058,INV-0016818,C00152,2026-06-08,CALL,M. Contreras,INFO_REQUESTED,
ACT-0000059,INV-0016818,C00152,2026-05-04,EMAIL,M. Contreras,INFO_REQUESTED,
ACT-0000060,INV-0028303,C00264,2025-06-17,CALL,T. Rivas,PROMISE_TO_PAY,2025-06-28
ACT-0000061,INV-0028303,C00264,2025-08-29,EMAIL,T. Rivas,PAYMENT_CONFIRMED,
ACT-0000062,INV-0028303,C00264,2025-08-13,CALL,T. Rivas,NO_ANSWER,
ACT-0000063,INV-0028303,C00264,2025-10-07,EMAIL,T. Rivas,DISPUTE_RAISED,
ACT-0000064,INV-0002472,C00022,2026-01-31,CALL,P. Ibarra,PAYMENT_CONFIRMED,
ACT-0000065,INV-0023252,C00215,2025-06-28,ESCALATION,M. Contreras,NO_ANSWER,
ACT-0000066,INV-0023252,C00215,2025-05-04,EMAIL,M. Contreras,NO_ANSWER,
ACT-0000067,INV-0008598,C00074,2026-06-21,STATEMENT,L. Moreno,PAYMENT_CONFIRMED,
ACT-0000068,INV-0008598,C00074,2026-06-01,CALL,L. Moreno,PROMISE_TO_PAY,2026-06-18
ACT-0000069,INV-0004800,C00042,2025-12-09,CALL,D. Aguilar,DISPUTE_RAISED,
ACT-0000070,INV-0004800,C00042,2026-02-12,EMAIL,D. Aguilar,NO_ANSWER,
ACT-0000071,INV-0004800,C00042,2026-01-04,ESCALATION,D. Aguilar,NO_ANSWER,
ACT-0000072,INV-0004800,C00042,2026-01-15,CALL,D. Aguilar,PROMISE_TO_PAY,2026-01-28
ACT-0000073,INV-0006190,C00054,2025-08-13,ESCALATION,G. Montoya,DISPUTE_RAISED,
ACT-0000074,INV-0008359,C00072,2026-03-17,EMAIL,J. Villalobos,PROMISE_TO_PAY,2026-03-23
ACT-0000075,INV-0008359,C00072,2026-04-07,CALL,J. Villalobos,PROMISE_TO_PAY,2026-05-07
ACT-0000076,INV-0008359,C00072,2026-06-17,ESCALATION,J. Villalobos,NO_ANSWER,
ACT-0000077,INV-0008359,C00072,2026-06-05,CALL,J. Villalobos,PROMISE_TO_PAY,2026-06-20
ACT-0000078,INV-0002058,C00018,2026-05-10,STATEMENT,B. Quintana,INFO_REQUESTED,
ACT-0000079,INV-0002058,C00018,2026-04-09,STATEMENT,B. Quintana,PROMISE_TO_PAY,2026-05-05
ACT-0000080,INV-0002058,C00018,2026-05-22,CALL,B. Quintana,NO_ANSWER,
ACT-0000081,INV-0020748,C00190,2026-04-23,EMAIL,L. Moreno,PAYMENT_CONFIRMED,
ACT-0000082,INV-0020748,C00190,2026-06-25,STATEMENT,L. Moreno,DISPUTE_RAISED,
ACT-0000083,INV-0012442,C00110,2025-06-03,STATEMENT,M. Contreras,PROMISE_TO_PAY,2025-06-20
ACT-0000084,INV-0012442,C00110,2025-07-09,CALL,M. Contreras,PROMISE_TO_PAY,2025-07-24
ACT-0000085,INV-0012442,C00110,2025-07-08,EMAIL,M. Contreras,DISPUTE_RAISED,
ACT-0000086,INV-0000075,C00001,2026-05-16,CALL,B. Quintana,PROMISE_TO_PAY,2026-06-12
ACT-0000087,INV-0000075,C00001,2026-05-20,EMAIL,B. Quintana,INFO_REQUESTED,
ACT-0000088,INV-0007619,C00066,2025-08-12,STATEMENT,A. Reyes,NO_ANSWER,
ACT-0000089,INV-0007619,C00066,2025-09-19,CALL,A. Reyes,NO_ANSWER,
ACT-0000090,INV-0007619,C00066,2025-08-04,CALL,A. Reyes,NO_ANSWER,
ACT-0000091,INV-0019940,C00182,2026-01-27,CALL,A. Reyes,INFO_REQUESTED,
ACT-0000092,INV-0019940,C00182,2026-03-07,CALL,A. Reyes,INFO_REQUESTED,
ACT-0000093,INV-0009300,C00080,2026-05-18,CALL,L. Moreno,PAYMENT_CONFIRMED,
ACT-0000094,INV-0009300,C00080,2026-04-13,EMAIL,L. Moreno,PROMISE_TO_PAY,2026-05-16
ACT-0000095,INV-0020228,C00185,2025-12-11,EMAIL,R. Salazar,DISPUTE_RAISED,
ACT-0000096,INV-0020228,C00185,2025-12-03,CALL,R. Salazar,PROMISE_TO_PAY,2025-12-15
ACT-0000097,INV-0011817,C00103,2026-03-05,ESCALATION,P. Ibarra,PROMISE_TO_PAY,2026-04-10
ACT-0000098,INV-0011817,C00103,2026-02-22,ESCALATION,P. Ibarra,PAYMENT_CONFIRMED,
ACT-0000099,INV-0011817,C00103,2026-05-11,EMAIL,P. Ibarra,PAYMENT_CONFIRMED,
ACT-0000100,INV-0002026,C00018,2025-10-09,CALL,B. Quintana,NO_ANSWER,
ACT-0000101,INV-0011800,C00103,2025-12-09,CALL,P. Ibarra,PROMISE_TO_PAY,2026-01-06
ACT-0000102,INV-0011800,C00103,2025-12-11,CALL,P. Ibarra,PROMISE_TO_PAY,2025-12-23
ACT-0000103,INV-0011800,C00103,2025-11-12,EMAIL,P. Ibarra,NO_ANSWER,
ACT-0000104,INV-0011800,C00103,2025-12-28,ESCALATION,P. Ibarra,NO_ANSWER,
ACT-0000105,INV-0015807,C00142,2026-01-18,EMAIL,P. Ibarra,PROMISE_TO_PAY,2026-02-03
ACT-0000106,INV-0015807,C00142,2026-01-04,EMAIL,P. Ibarra,INFO_REQUESTED,
ACT-0000107,INV-0015807,C00142,2026-02-21,CALL,P. Ibarra,PROMISE_TO_PAY,2026-03-07
ACT-0000108,INV-0026488,C00246,2025-09-23,EMAIL,V. Cardenas,INFO_REQUESTED,
ACT-0000109,INV-0026488,C00246,2025-09-26,STATEMENT,V. Cardenas,PROMISE_TO_PAY,2025-11-04
ACT-0000110,INV-0026488,C00246,2025-12-23,EMAIL,V. Cardenas,PAYMENT_CONFIRMED,
ACT-0000111,INV-0021265,C00195,2026-03-31,CALL,R. Salazar,PAYMENT_CONFIRMED,
ACT-0000112,INV-0021265,C00195,2026-04-05,EMAIL,R. Salazar,PAYMENT_CONFIRMED,
ACT-0000113,INV-0021265,C00195,2026-04-18,STATEMENT,R. Salazar,NO_ANSWER,
ACT-0000114,INV-0015898,C00143,2026-01-16,EMAIL,P. Ibarra,PROMISE_TO_PAY,2026-02-09
ACT-0000115,INV-0004368,C00039,2025-05-28,EMAIL,T. Rivas,NO_ANSWER,
ACT-0000116,INV-0018446,C00168,2025-11-15,EMAIL,B. Quintana,INFO_REQUESTED,
ACT-0000117,INV-0028315,C00264,2025-09-12,EMAIL,T. Rivas,DISPUTE_RAISED,
ACT-0000118,INV-0028315,C00264,2025-09-29,CALL,T. Rivas,PAYMENT_CONFIRMED,
ACT-0000119,INV-0028315,C00264,2025-08-18,EMAIL,T. Rivas,PROMISE_TO_PAY,2025-09-20
ACT-0000120,INV-0007247,C00063,2025-05-02,EMAIL,C. Fuentes,PROMISE_TO_PAY,2025-05-09
ACT-0000121,INV-0007247,C00063,2025-06-02,EMAIL,C. Fuentes,DISPUTE_RAISED,
ACT-0000122,INV-0017508,C00159,2025-07-20,CALL,A. Reyes,NO_ANSWER,
ACT-0000123,INV-0017508,C00159,2025-07-24,EMAIL,A. Reyes,PROMISE_TO_PAY,2025-08-24
ACT-0000124,INV-0000119,C00002,2025-06-05,ESCALATION,G. Montoya,PROMISE_TO_PAY,2025-07-11
ACT-0000125,INV-0000119,C00002,2025-06-21,CALL,G. Montoya,NO_ANSWER,
ACT-0000126,INV-0000119,C00002,2025-07-05,EMAIL,G. Montoya,NO_ANSWER,
ACT-0000127,INV-0000119,C00002,2025-06-28,CALL,G. Montoya,PROMISE_TO_PAY,2025-07-10
ACT-0000128,INV-0025240,C00234,2025-10-25,EMAIL,V. Cardenas,DISPUTE_RAISED,
ACT-0000129,INV-0003737,C00033,2026-02-16,STATEMENT,L. Moreno,NO_ANSWER,
ACT-0000130,INV-0003737,C00033,2026-02-06,STATEMENT,L. Moreno,NO_ANSWER,
ACT-0000131,INV-0003737,C00033,2026-03-25,EMAIL,L. Moreno,NO_ANSWER,
ACT-0000132,INV-0003737,C00033,2026-03-02,STATEMENT,L. Moreno,NO_ANSWER,
ACT-0000133,INV-0019594,C00179,2025-08-04,STATEMENT,N. Espinoza,INFO_REQUESTED,
ACT-0000134,INV-0019594,C00179,2025-07-28,CALL,N. Espinoza,DISPUTE_RAISED,
ACT-0000135,INV-0019594,C00179,2025-10-07,EMAIL,N. Espinoza,INFO_REQUESTED,
ACT-0000136,INV-0019594,C00179,2025-08-19,CALL,N. Espinoza,NO_ANSWER,
ACT-0000137,INV-0020531,C00188,2025-12-11,CALL,D. Aguilar,PROMISE_TO_PAY,2026-01-19
ACT-0000138,INV-0020531,C00188,2025-12-10,STATEMENT,D. Aguilar,PROMISE_TO_PAY,2026-01-11
ACT-0000139,INV-0020531,C00188,2026-02-01,STATEMENT,D. Aguilar,NO_ANSWER,
ACT-0000140,INV-0020531,C00188,2026-01-02,EMAIL,D. Aguilar,INFO_REQUESTED,
ACT-0000141,INV-0027206,C00253,2026-03-15,CALL,T. Rivas,PROMISE_TO_PAY,2026-04-17
ACT-0000142,INV-0027206,C00253,2026-03-08,CALL,T. Rivas,PAYMENT_CONFIRMED,
ACT-0000143,INV-0027206,C00253,2026-04-06,CALL,T. Rivas,PROMISE_TO_PAY,2026-04-16
ACT-0000144,INV-0027206,C00253,2026-05-29,CALL,T. Rivas,DISPUTE_RAISED,
ACT-0000145,INV-0021887,C00201,2026-02-23,CALL,L. Moreno,PAYMENT_CONFIRMED,
ACT-0000146,INV-0021887,C00201,2026-01-25,STATEMENT,L. Moreno,DISPUTE_RAISED,
ACT-0000147,INV-0021887,C00201,2026-02-20,EMAIL,L. Moreno,PAYMENT_CONFIRMED,
ACT-0000148,INV-0022376,C00206,2026-03-26,CALL,S. Duarte,NO_ANSWER,
ACT-0000149,INV-0022376,C00206,2026-03-22,CALL,S. Duarte,NO_ANSWER,
ACT-0000150,INV-0022376,C00206,2026-03-17,CALL,S. Duarte,NO_ANSWER,
ACT-0000151,INV-0022376,C00206,2026-05-17,STATEMENT,S. Duarte,PROMISE_TO_PAY,2026-05-24
ACT-0000152,INV-0011904,C00104,2025-12-08,EMAIL,V. Cardenas,INFO_REQUESTED,
ACT-0000153,INV-0011904,C00104,2025-12-25,CALL,V. Cardenas,INFO_REQUESTED,
ACT-0000154,INV-0016408,C00148,2026-01-16,EMAIL,V. Cardenas,PAYMENT_CONFIRMED,
ACT-0000155,INV-0016408,C00148,2026-01-21,EMAIL,V. Cardenas,PAYMENT_CONFIRMED,
ACT-0000156,INV-0000035,C00001,2025-08-15,STATEMENT,B. Quintana,PROMISE_TO_PAY,2025-09-04
ACT-0000157,INV-0000035,C00001,2025-09-07,EMAIL,B. Quintana,NO_ANSWER,
ACT-0000158,INV-0000035,C00001,2025-10-12,CALL,B. Quintana,INFO_REQUESTED,
ACT-0000159,INV-0000704,C00007,2025-05-31,EMAIL,T. Rivas,DISPUTE_RAISED,
ACT-0000160,INV-0007334,C00063,2026-05-31,EMAIL,C. Fuentes,DISPUTE_RAISED,
ACT-0000161,INV-0003755,C00033,2026-06-03,ESCALATION,L. Moreno,PROMISE_TO_PAY,2026-06-18
ACT-0000162,INV-0003755,C00033,2026-06-10,STATEMENT,L. Moreno,PROMISE_TO_PAY,2026-07-06
ACT-0000163,INV-0003755,C00033,2026-06-13,CALL,L. Moreno,NO_ANSWER,
ACT-0000164,INV-0013208,C00117,2025-09-02,CALL,C. Fuentes,PROMISE_TO_PAY,2025-09-26
ACT-0000165,INV-0013208,C00117,2025-09-12,CALL,C. Fuentes,PAYMENT_CONFIRMED,
ACT-0000166,INV-0004471,C00039,2026-06-18,EMAIL,T. Rivas,PROMISE_TO_PAY,2026-06-23
ACT-0000167,INV-0010775,C00093,2025-10-07,EMAIL,J. Villalobos,PROMISE_TO_PAY,2025-11-08
ACT-0000168,INV-0010775,C00093,2025-12-27,CALL,J. Villalobos,PROMISE_TO_PAY,2026-01-24
ACT-0000169,INV-0010775,C00093,2025-12-11,EMAIL,J. Villalobos,NO_ANSWER,
ACT-0000170,INV-0010775,C00093,2026-01-17,CALL,J. Villalobos,PAYMENT_CONFIRMED,
ACT-0000171,INV-0023177,C00214,2025-11-13,EMAIL,S. Duarte,PROMISE_TO_PAY,2025-12-14
ACT-0000172,INV-0005483,C00048,2025-07-19,EMAIL,T. Rivas,DISPUTE_RAISED,
ACT-0000173,INV-0005483,C00048,2025-09-10,STATEMENT,T. Rivas,PAYMENT_CONFIRMED,
ACT-0000174,INV-0005483,C00048,2025-07-22,CALL,T. Rivas,DISPUTE_RAISED,
ACT-0000175,INV-0005483,C00048,2025-07-15,CALL,T. Rivas,PAYMENT_CONFIRMED,
ACT-0000176,INV-0015079,C00135,2025-07-28,STATEMENT,M. Contreras,DISPUTE_RAISED,
ACT-0000177,INV-0015079,C00135,2025-08-30,CALL,M. Contreras,DISPUTE_RAISED,
ACT-0000178,INV-0015079,C00135,2025-07-29,EMAIL,M. Contreras,NO_ANSWER,
ACT-0000179,INV-0015079,C00135,2025-09-10,CALL,M. Contreras,NO_ANSWER,
ACT-0000180,INV-0004350,C00038,2026-06-27,EMAIL,V. Cardenas,NO_ANSWER,
ACT-0000181,INV-0013683,C00121,2026-05-26,EMAIL,R. Salazar,PAYMENT_CONFIRMED,
ACT-0000182,INV-0005369,C00047,2025-10-14,STATEMENT,V. Cardenas,NO_ANSWER,
ACT-0000183,INV-0005369,C00047,2025-09-11,EMAIL,V. Cardenas,PAYMENT_CONFIRMED,
ACT-0000184,INV-0005369,C00047,2025-09-06,EMAIL,V. Cardenas,INFO_REQUESTED,
ACT-0000185,INV-0016392,C00148,2025-10-24,CALL,V. Cardenas,INFO_REQUESTED,
ACT-0000186,INV-0016392,C00148,2025-11-14,CALL,V. Cardenas,INFO_REQUESTED,
ACT-0000187,INV-0016392,C00148,2025-10-23,CALL,V. Cardenas,PROMISE_TO_PAY,2025-11-13
ACT-0000188,INV-0005021,C00044,2026-01-19,EMAIL,B. Quintana,NO_ANSWER,
ACT-0000189,INV-0005021,C00044,2025-12-24,EMAIL,B. Quintana,PROMISE_TO_PAY,2026-01-27
ACT-0000190,INV-0007691,C00066,2026-06-23,EMAIL,A. Reyes,PAYMENT_CONFIRMED,
ACT-0000191,INV-0023160,C00214,2025-06-28,EMAIL,S. Duarte,PROMISE_TO_PAY,2025-07-12
ACT-0000192,INV-0006100,C00053,2025-10-08,EMAIL,M. Contreras,PROMISE_TO_PAY,2025-11-09
ACT-0000193,INV-0006100,C00053,2026-01-02,CALL,M. Contreras,INFO_REQUESTED,
ACT-0000194,INV-0006100,C00053,2025-11-07,EMAIL,M. Contreras,DISPUTE_RAISED,
ACT-0000195,INV-0003085,C00027,2026-05-28,EMAIL,L. Moreno,PAYMENT_CONFIRMED,
ACT-0000196,INV-0003085,C00027,2026-06-24,CALL,L. Moreno,PROMISE_TO_PAY,2026-07-16
ACT-0000197,INV-0003085,C00027,2026-05-17,CALL,L. Moreno,PROMISE_TO_PAY,2026-05-30
ACT-0000198,INV-0010120,C00087,2026-01-15,EMAIL,D. Aguilar,NO_ANSWER,
ACT-0000199,INV-0010120,C00087,2026-01-07,CALL,D. Aguilar,PROMISE_TO_PAY,2026-02-02
ACT-0000200,INV-0010120,C00087,2026-03-07,EMAIL,D. Aguilar,PAYMENT_CONFIRMED,
ACT-0000201,INV-0001159,C00011,2025-05-21,CALL,R. Salazar,NO_ANSWER,
ACT-0000202,INV-0025316,C00235,2025-06-18,CALL,S. Duarte,PAYMENT_CONFIRMED,
ACT-0000203,INV-0025316,C00235,2025-06-24,CALL,S. Duarte,PROMISE_TO_PAY,2025-07-12
ACT-0000204,INV-0025316,C00235,2025-07-02,CALL,S. Duarte,NO_ANSWER,
ACT-0000205,INV-0015229,C00136,2026-04-20,STATEMENT,B. Quintana,NO_ANSWER,
ACT-0000206,INV-0015229,C00136,2026-05-16,EMAIL,B. Quintana,NO_ANSWER,
ACT-0000207,INV-0015229,C00136,2026-05-08,CALL,B. Quintana,DISPUTE_RAISED,
ACT-0000208,INV-0015733,C00141,2026-03-25,ESCALATION,B. Quintana,DISPUTE_RAISED,
ACT-0000209,INV-0015733,C00141,2026-06-20,CALL,B. Quintana,PROMISE_TO_PAY,2026-07-20
ACT-0000210,INV-0015733,C00141,2026-04-24,STATEMENT,B. Quintana,PROMISE_TO_PAY,2026-05-03
ACT-0000211,INV-0015733,C00141,2026-06-14,CALL,B. Quintana,PROMISE_TO_PAY,2026-06-20
ACT-0000212,INV-0024610,C00228,2025-07-18,CALL,F. Zamora,NO_ANSWER,
ACT-0000213,INV-0024610,C00228,2025-07-09,STATEMENT,F. Zamora,PROMISE_TO_PAY,2025-08-16
ACT-0000214,INV-0003027,C00027,2025-10-23,STATEMENT,L. Moreno,DISPUTE_RAISED,
ACT-0000215,INV-0003027,C00027,2025-11-09,EMAIL,L. Moreno,PROMISE_TO_PAY,2025-12-07
ACT-0000216,INV-0003027,C00027,2025-10-22,STATEMENT,L. Moreno,DISPUTE_RAISED,
ACT-0000217,INV-0003027,C00027,2025-12-25,CALL,L. Moreno,PAYMENT_CONFIRMED,
ACT-0000218,INV-0000130,C00002,2025-06-24,CALL,G. Montoya,NO_ANSWER,
ACT-0000219,INV-0000130,C00002,2025-08-13,EMAIL,G. Montoya,PROMISE_TO_PAY,2025-09-17
ACT-0000220,INV-0000130,C00002,2025-07-22,EMAIL,G. Montoya,PAYMENT_CONFIRMED,
ACT-0000221,INV-0000130,C00002,2025-06-19,STATEMENT,G. Montoya,PROMISE_TO_PAY,2025-07-05
ACT-0000222,INV-0008318,C00072,2025-09-21,ESCALATION,J. Villalobos,PAYMENT_CONFIRMED,
ACT-0000223,INV-0008318,C00072,2025-08-25,EMAIL,J. Villalobos,PROMISE_TO_PAY,2025-09-13
ACT-0000224,INV-0008318,C00072,2025-08-29,EMAIL,J. Villalobos,PROMISE_TO_PAY,2025-09-06
ACT-0000225,INV-0008318,C00072,2025-09-20,ESCALATION,J. Villalobos,NO_ANSWER,
ACT-0000226,INV-0017896,C00163,2025-05-26,CALL,A. Reyes,NO_ANSWER,
ACT-0000227,INV-0017896,C00163,2025-04-15,EMAIL,A. Reyes,DISPUTE_RAISED,
ACT-0000228,INV-0017896,C00163,2025-06-13,EMAIL,A. Reyes,PAYMENT_CONFIRMED,
ACT-0000229,INV-0017896,C00163,2025-05-28,CALL,A. Reyes,DISPUTE_RAISED,
ACT-0000230,INV-0025871,C00240,2026-04-28,CALL,B. Quintana,PAYMENT_CONFIRMED,
ACT-0000231,INV-0025871,C00240,2026-04-27,CALL,B. Quintana,INFO_REQUESTED,
ACT-0000232,INV-0025871,C00240,2026-04-16,EMAIL,B. Quintana,PROMISE_TO_PAY,2026-04-26
ACT-0000233,INV-0021959,C00202,2025-07-31,CALL,C. Fuentes,PAYMENT_CONFIRMED,
ACT-0000234,INV-0021959,C00202,2025-08-31,CALL,C. Fuentes,PAYMENT_CONFIRMED,
ACT-0000235,INV-0021959,C00202,2025-10-19,CALL,C. Fuentes,PROMISE_TO_PAY,2025-11-20
ACT-0000236,INV-0029398,C00278,2026-06-02,STATEMENT,C. Fuentes,DISPUTE_RAISED,
ACT-0000237,INV-0017700,C00161,2025-03-30,EMAIL,S. Duarte,DISPUTE_RAISED,
ACT-0000238,INV-0004466,C00039,2026-06-29,EMAIL,T. Rivas,NO_ANSWER,
ACT-0000239,INV-0011423,C00099,2026-04-19,EMAIL,A. Reyes,PROMISE_TO_PAY,2026-05-06
ACT-0000240,INV-0011423,C00099,2026-05-09,CALL,A. Reyes,PROMISE_TO_PAY,2026-05-17
ACT-0000241,INV-0011423,C00099,2026-05-21,CALL,A. Reyes,PAYMENT_CONFIRMED,
ACT-0000242,INV-0029974,C00286,2026-06-23,EMAIL,D. Aguilar,PROMISE_TO_PAY,2026-07-30
ACT-0000243,INV-0005674,C00049,2026-06-20,EMAIL,T. Rivas,PROMISE_TO_PAY,2026-06-26
ACT-0000244,INV-0005674,C00049,2026-06-09,EMAIL,T. Rivas,NO_ANSWER,
ACT-0000245,INV-0011679,C00102,2025-09-15,EMAIL,N. Espinoza,INFO_REQUESTED,
ACT-0000246,INV-0011679,C00102,2025-10-01,EMAIL,N. Espinoza,NO_ANSWER,
ACT-0000247,INV-0011679,C00102,2025-10-11,STATEMENT,N. Espinoza,NO_ANSWER,
ACT-0000248,INV-0012155,C00107,2025-06-08,EMAIL,D. Aguilar,NO_ANSWER,
ACT-0000249,INV-0016311,C00147,2026-03-05,CALL,M. Contreras,PROMISE_TO_PAY,2026-04-05
ACT-0000250,INV-0024342,C00225,2026-03-16,CALL,T. Rivas,PAYMENT_CONFIRMED,
ACT-0000251,INV-0024342,C00225,2026-03-29,CALL,T. Rivas,INFO_REQUESTED,
ACT-0000252,INV-0024342,C00225,2026-02-16,CALL,T. Rivas,NO_ANSWER,
ACT-0000253,INV-0024342,C00225,2026-04-23,CALL,T. Rivas,PROMISE_TO_PAY,2026-05-04
ACT-0000254,INV-0024402,C00226,2025-06-29,EMAIL,B. Quintana,PAYMENT_CONFIRMED,
ACT-0000255,INV-0024402,C00226,2025-08-06,EMAIL,B. Quintana,PAYMENT_CONFIRMED,
ACT-0000256,INV-0001963,C00017,2026-06-12,EMAIL,D. Aguilar,DISPUTE_RAISED,
ACT-0000257,INV-0001963,C00017,2026-06-10,STATEMENT,D. Aguilar,INFO_REQUESTED,
ACT-0000258,INV-0004790,C00042,2025-11-17,STATEMENT,D. Aguilar,DISPUTE_RAISED,
ACT-0000259,INV-0004790,C00042,2025-11-07,CALL,D. Aguilar,NO_ANSWER,
ACT-0000260,INV-0004790,C00042,2025-12-14,ESCALATION,D. Aguilar,DISPUTE_RAISED,
ACT-0000261,INV-0004790,C00042,2025-12-26,STATEMENT,D. Aguilar,INFO_REQUESTED,
ACT-0000262,INV-0022789,C00210,2026-06-12,EMAIL,F. Zamora,PAYMENT_CONFIRMED,
ACT-0000263,INV-0015580,C00140,2025-08-06,EMAIL,P. Ibarra,PROMISE_TO_PAY,2025-09-06
ACT-0000264,INV-0015580,C00140,2025-08-21,STATEMENT,P. Ibarra,NO_ANSWER,
ACT-0000265,INV-0002247,C00020,2025-12-08,ESCALATION,A. Reyes,PROMISE_TO_PAY,2025-12-31
ACT-0000266,INV-0002247,C00020,2025-12-15,ESCALATION,A. Reyes,PAYMENT_CONFIRMED,
ACT-0000267,INV-0001116,C00010,2026-06-20,CALL,F. Zamora,PROMISE_TO_PAY,2026-06-25
ACT-0000268,INV-0001116,C00010,2026-06-25,EMAIL,F. Zamora,NO_ANSWER,
ACT-0000269,INV-0018132,C00165,2025-12-02,CALL,L. Moreno,PAYMENT_CONFIRMED,
ACT-0000270,INV-0018132,C00165,2025-12-19,EMAIL,L. Moreno,NO_ANSWER,
ACT-0000271,INV-0018132,C00165,2025-12-20,CALL,L. Moreno,PAYMENT_CONFIRMED,
ACT-0000272,INV-0018132,C00165,2025-12-28,ESCALATION,L. Moreno,NO_ANSWER,
ACT-0000273,INV-0001832,C00016,2026-05-17,EMAIL,N. Espinoza,NO_ANSWER,
ACT-0000274,INV-0001832,C00016,2026-05-20,CALL,N. Espinoza,PAYMENT_CONFIRMED,
ACT-0000275,INV-0001832,C00016,2026-05-11,STATEMENT,N. Espinoza,NO_ANSWER,
ACT-0000276,INV-0001832,C00016,2026-04-03,EMAIL,N. Espinoza,INFO_REQUESTED,
ACT-0000277,INV-0024799,C00230,2025-03-02,EMAIL,N. Espinoza,DISPUTE_RAISED,
ACT-0000278,INV-0024799,C00230,2025-03-14,EMAIL,N. Espinoza,DISPUTE_RAISED,
ACT-0000279,INV-0019902,C00182,2025-08-07,STATEMENT,A. Reyes,INFO_REQUESTED,
ACT-0000280,INV-0019902,C00182,2025-07-07,STATEMENT,A. Reyes,DISPUTE_RAISED,
ACT-0000281,INV-0019902,C00182,2025-10-04,ESCALATION,A. Reyes,INFO_REQUESTED,
ACT-0000282,INV-0030560,C00295,2025-07-19,EMAIL,R. Salazar,PAYMENT_CONFIRMED,
ACT-0000283,INV-0030560,C00295,2025-09-08,EMAIL,R. Salazar,PAYMENT_CONFIRMED,
ACT-0000284,INV-0030560,C00295,2025-09-10,EMAIL,R. Salazar,NO_ANSWER,
ACT-0000285,INV-0030560,C00295,2025-09-23,EMAIL,R. Salazar,DISPUTE_RAISED,
ACT-0000286,INV-0011700,C00102,2026-01-31,CALL,N. Espinoza,PROMISE_TO_PAY,2026-03-04
ACT-0000287,INV-0011700,C00102,2026-02-27,ESCALATION,N. Espinoza,PROMISE_TO_PAY,2026-03-22
ACT-0000288,INV-0011700,C00102,2026-02-09,EMAIL,N. Espinoza,DISPUTE_RAISED,
ACT-0000289,INV-0011700,C00102,2026-02-19,EMAIL,N. Espinoza,PROMISE_TO_PAY,2026-03-05
ACT-0000290,INV-0006244,C00054,2026-01-28,ESCALATION,G. Montoya,PROMISE_TO_PAY,2026-03-02
ACT-0000291,INV-0006244,C00054,2026-03-17,EMAIL,G. Montoya,PROMISE_TO_PAY,2026-04-14
ACT-0000292,INV-0006244,C00054,2026-04-01,ESCALATION,G. Montoya,PROMISE_TO_PAY,2026-04-16
ACT-0000293,INV-0006244,C00054,2026-02-23,CALL,G. Montoya,PROMISE_TO_PAY,2026-03-10
ACT-0000294,INV-0015765,C00142,2025-05-31,ESCALATION,P. Ibarra,INFO_REQUESTED,
ACT-0000295,INV-0015765,C00142,2025-06-22,ESCALATION,P. Ibarra,PROMISE_TO_PAY,2025-07-20
ACT-0000296,INV-0015765,C00142,2025-06-02,EMAIL,P. Ibarra,PROMISE_TO_PAY,2025-07-11
ACT-0000297,INV-0015765,C00142,2025-06-26,EMAIL,P. Ibarra,PROMISE_TO_PAY,2025-07-30
ACT-0000298,INV-0023373,C00216,2025-08-27,EMAIL,S. Duarte,INFO_REQUESTED,
ACT-0000299,INV-0023373,C00216,2025-07-10,CALL,S. Duarte,NO_ANSWER,
ACT-0000300,INV-0023373,C00216,2025-07-05,EMAIL,S. Duarte,PROMISE_TO_PAY,2025-08-02
ACT-0000301,INV-0023373,C00216,2025-07-21,EMAIL,S. Duarte,PROMISE_TO_PAY,2025-08-05
ACT-0000302,INV-0005530,C00048,2026-04-20,STATEMENT,T. Rivas,DISPUTE_RAISED,
ACT-0000303,INV-0025463,C00236,2026-05-19,EMAIL,F. Zamora,PROMISE_TO_PAY,2026-06-27
ACT-0000304,INV-0022836,C00211,2025-09-14,STATEMENT,D. Aguilar,PROMISE_TO_PAY,2025-09-28
ACT-0000305,INV-0006564,C00057,2025-10-26,EMAIL,J. Villalobos,DISPUTE_RAISED,
ACT-0000306,INV-0006564,C00057,2025-09-09,EMAIL,J. Villalobos,PROMISE_TO_PAY,2025-09-25
ACT-0000307,INV-0006564,C00057,2025-09-10,CALL,J. Villalobos,PROMISE_TO_PAY,2025-10-15
ACT-0000308,INV-0013935,C00124,2025-10-06,EMAIL,A. Reyes,PROMISE_TO_PAY,2025-11-08
ACT-0000309,INV-0001598,C00014,2026-06-19,STATEMENT,P. Ibarra,NO_ANSWER,
ACT-0000310,INV-0001598,C00014,2026-06-25,EMAIL,P. Ibarra,PROMISE_TO_PAY,2026-07-23
ACT-0000311,INV-0023628,C00218,2025-12-29,CALL,N. Espinoza,NO_ANSWER,
ACT-0000312,INV-0023628,C00218,2026-02-24,CALL,N. Espinoza,PROMISE_TO_PAY,2026-03-03
ACT-0000313,INV-0023628,C00218,2026-03-21,EMAIL,N. Espinoza,NO_ANSWER,
ACT-0000314,INV-0023628,C00218,2026-01-27,CALL,N. Espinoza,PROMISE_TO_PAY,2026-03-05
ACT-0000315,INV-0003236,C00029,2025-06-17,CALL,C. Fuentes,PROMISE_TO_PAY,2025-07-03
ACT-0000316,INV-0006020,C00052,2026-04-21,EMAIL,C. Fuentes,INFO_REQUESTED,
ACT-0000317,INV-0006020,C00052,2026-06-06,EMAIL,C. Fuentes,NO_ANSWER,
ACT-0000318,INV-0003948,C00035,2025-12-30,EMAIL,V. Cardenas,PAYMENT_CONFIRMED,
ACT-0000319,INV-0003948,C00035,2026-02-04,EMAIL,V. Cardenas,PAYMENT_CONFIRMED,
ACT-0000320,INV-0003948,C00035,2026-03-07,EMAIL,V. Cardenas,NO_ANSWER,
ACT-0000321,INV-0015568,C00140,2025-05-01,STATEMENT,P. Ibarra,NO_ANSWER,
ACT-0000322,INV-0015568,C00140,2025-04-27,EMAIL,P. Ibarra,PROMISE_TO_PAY,2025-05-15
ACT-0000323,INV-0004671,C00041,2026-01-15,CALL,P. Ibarra,INFO_REQUESTED,
ACT-0000324,INV-0004671,C00041,2026-01-02,CALL,P. Ibarra,INFO_REQUESTED,
ACT-0000325,INV-0004671,C00041,2026-01-18,ESCALATION,P. Ibarra,DISPUTE_RAISED,
ACT-0000326,INV-0005801,C00050,2026-06-22,STATEMENT,A. Reyes,PAYMENT_CONFIRMED,
ACT-0000327,INV-0005801,C00050,2026-06-13,EMAIL,A. Reyes,PROMISE_TO_PAY,2026-06-20
ACT-0000328,INV-0005801,C00050,2026-06-21,EMAIL,A. Reyes,DISPUTE_RAISED,
ACT-0000329,INV-0005801,C00050,2026-06-13,STATEMENT,A. Reyes,INFO_REQUESTED,
ACT-0000330,INV-0009344,C00081,2025-05-08,STATEMENT,T. Rivas,INFO_REQUESTED,
ACT-0000331,INV-0027128,C00252,2026-04-12,EMAIL,D. Aguilar,PROMISE_TO_PAY,2026-05-04
ACT-0000332,INV-0027128,C00252,2026-05-14,EMAIL,D. Aguilar,INFO_REQUESTED,
ACT-0000333,INV-0027128,C00252,2026-06-27,CALL,D. Aguilar,DISPUTE_RAISED,
ACT-0000334,INV-0005411,C00047,2026-02-21,STATEMENT,V. Cardenas,DISPUTE_RAISED,
ACT-0000335,INV-0005411,C00047,2026-02-22,STATEMENT,V. Cardenas,NO_ANSWER,
ACT-0000336,INV-0005411,C00047,2026-02-18,EMAIL,V. Cardenas,NO_ANSWER,
ACT-0000337,INV-0017412,C00158,2025-08-02,CALL,T. Rivas,PAYMENT_CONFIRMED,
ACT-0000338,INV-0017412,C00158,2025-10-07,CALL,T. Rivas,PAYMENT_CONFIRMED,
ACT-0000339,INV-0017412,C00158,2025-07-27,ESCALATION,T. Rivas,PROMISE_TO_PAY,2025-08-28
ACT-0000340,INV-0004248,C00038,2025-07-06,EMAIL,V. Cardenas,PROMISE_TO_PAY,2025-07-12
ACT-0000341,INV-0004248,C00038,2025-04-29,EMAIL,V. Cardenas,INFO_REQUESTED,
ACT-0000342,INV-0004248,C00038,2025-07-01,CALL,V. Cardenas,DISPUTE_RAISED,
ACT-0000343,INV-0004248,C00038,2025-06-10,CALL,V. Cardenas,NO_ANSWER,
ACT-0000344,INV-0001076,C00010,2025-11-28,EMAIL,F. Zamora,NO_ANSWER,
ACT-0000345,INV-0003591,C00032,2025-09-06,CALL,N. Espinoza,NO_ANSWER,
ACT-0000346,INV-0003591,C00032,2025-10-04,EMAIL,N. Espinoza,NO_ANSWER,
ACT-0000347,INV-0003591,C00032,2025-10-05,CALL,N. Espinoza,NO_ANSWER,
ACT-0000348,INV-0027306,C00254,2026-03-27,EMAIL,A. Reyes,INFO_REQUESTED,
ACT-0000349,INV-0027306,C00254,2026-02-02,EMAIL,A. Reyes,INFO_REQUESTED,
ACT-0000350,INV-0027306,C00254,2026-03-05,CALL,A. Reyes,PAYMENT_CONFIRMED,
ACT-0000351,INV-0018929,C00173,2025-06-17,EMAIL,J. Villalobos,INFO_REQUESTED,
ACT-0000352,INV-0018929,C00173,2025-06-17,EMAIL,J. Villalobos,PROMISE_TO_PAY,2025-07-20
ACT-0000353,INV-0018929,C00173,2025-05-23,EMAIL,J. Villalobos,NO_ANSWER,
ACT-0000354,INV-0018929,C00173,2025-06-10,EMAIL,J. Villalobos,NO_ANSWER,
ACT-0000355,INV-0025846,C00240,2025-11-08,STATEMENT,B. Quintana,INFO_REQUESTED,
ACT-0000356,INV-0025846,C00240,2026-01-07,EMAIL,B. Quintana,INFO_REQUESTED,
ACT-0000357,INV-0025846,C00240,2025-11-12,EMAIL,B. Quintana,PROMISE_TO_PAY,2025-11-23
ACT-0000358,INV-0010090,C00087,2025-09-24,STATEMENT,D. Aguilar,PROMISE_TO_PAY,2025-10-09
ACT-0000359,INV-0015578,C00140,2025-07-26,EMAIL,P. Ibarra,INFO_REQUESTED,
ACT-0000360,INV-0015578,C00140,2025-07-04,CALL,P. Ibarra,DISPUTE_RAISED,
ACT-0000361,INV-0015578,C00140,2025-08-06,EMAIL,P. Ibarra,NO_ANSWER,
ACT-0000362,INV-0002435,C00022,2025-04-26,CALL,P. Ibarra,PAYMENT_CONFIRMED,
ACT-0000363,INV-0002435,C00022,2025-07-17,STATEMENT,P. Ibarra,PAYMENT_CONFIRMED,
ACT-0000364,INV-0007742,C00067,2025-08-26,EMAIL,A. Reyes,NO_ANSWER,
ACT-0000365,INV-0007742,C00067,2025-09-23,EMAIL,A. Reyes,NO_ANSWER,
ACT-0000366,INV-0007742,C00067,2025-08-27,STATEMENT,A. Reyes,PAYMENT_CONFIRMED,
ACT-0000367,INV-0005423,C00047,2026-04-21,EMAIL,V. Cardenas,INFO_REQUESTED,
ACT-0000368,INV-0005423,C00047,2026-04-16,ESCALATION,V. Cardenas,PROMISE_TO_PAY,2026-05-25
ACT-0000369,INV-0019987,C00183,2025-04-23,EMAIL,F. Zamora,DISPUTE_RAISED,
ACT-0000370,INV-0019987,C00183,2025-02-23,ESCALATION,F. Zamora,NO_ANSWER,
ACT-0000371,INV-0019987,C00183,2025-03-04,EMAIL,F. Zamora,PROMISE_TO_PAY,2025-03-27
ACT-0000372,INV-0019987,C00183,2025-04-29,CALL,F. Zamora,NO_ANSWER,
ACT-0000373,INV-0014564,C00130,2025-10-31,STATEMENT,P. Ibarra,PROMISE_TO_PAY,2025-11-14
ACT-0000374,INV-0014564,C00130,2025-12-04,EMAIL,P. Ibarra,PROMISE_TO_PAY,2026-01-03
ACT-0000375,INV-0014564,C00130,2025-12-26,STATEMENT,P. Ibarra,PROMISE_TO_PAY,2026-01-05
ACT-0000376,INV-0005037,C00044,2026-01-16,EMAIL,B. Quintana,DISPUTE_RAISED,
ACT-0000377,INV-0008644,C00075,2025-07-03,ESCALATION,D. Aguilar,PAYMENT_CONFIRMED,
ACT-0000378,INV-0008644,C00075,2025-08-19,CALL,D. Aguilar,DISPUTE_RAISED,
ACT-0000379,INV-0008644,C00075,2025-09-09,EMAIL,D. Aguilar,INFO_REQUESTED,
ACT-0000380,INV-0008644,C00075,2025-08-28,EMAIL,D. Aguilar,NO_ANSWER,
ACT-0000381,INV-0020828,C00191,2026-02-20,CALL,T. Rivas,PROMISE_TO_PAY,2026-03-31
ACT-0000382,INV-0020828,C00191,2026-01-20,EMAIL,T. Rivas,PROMISE_TO_PAY,2026-02-26
ACT-0000383,INV-0004914,C00043,2026-01-29,CALL,S. Duarte,PAYMENT_CONFIRMED,
ACT-0000384,INV-0004914,C00043,2026-02-26,ESCALATION,S. Duarte,DISPUTE_RAISED,
ACT-0000385,INV-0017675,C00160,2026-06-20,CALL,B. Quintana,PROMISE_TO_PAY,2026-06-26
ACT-0000386,INV-0017675,C00160,2026-06-01,EMAIL,B. Quintana,PROMISE_TO_PAY,2026-06-23
ACT-0000387,INV-0017675,C00160,2026-05-18,CALL,B. Quintana,INFO_REQUESTED,
ACT-0000388,INV-0010692,C00092,2026-05-25,CALL,P. Ibarra,PROMISE_TO_PAY,2026-06-20
ACT-0000389,INV-0010692,C00092,2026-05-07,CALL,P. Ibarra,NO_ANSWER,
ACT-0000390,INV-0010692,C00092,2026-06-27,CALL,P. Ibarra,PROMISE_TO_PAY,2026-07-28
ACT-0000391,INV-0007843,C00068,2025-05-14,EMAIL,C. Fuentes,PROMISE_TO_PAY,2025-05-21
ACT-0000392,INV-0007843,C00068,2025-05-13,CALL,C. Fuentes,PROMISE_TO_PAY,2025-06-16
ACT-0000393,INV-0007843,C00068,2025-06-28,CALL,C. Fuentes,PROMISE_TO_PAY,2025-07-14
ACT-0000394,INV-0007843,C00068,2025-06-28,EMAIL,C. Fuentes,INFO_REQUESTED,
ACT-0000395,INV-0011014,C00095,2026-06-20,STATEMENT,A. Reyes,PROMISE_TO_PAY,2026-07-17
ACT-0000396,INV-0011014,C00095,2026-05-11,EMAIL,A. Reyes,PAYMENT_CONFIRMED,
ACT-0000397,INV-0011014,C00095,2026-06-21,ESCALATION,A. Reyes,PROMISE_TO_PAY,2026-07-22
ACT-0000398,INV-0027569,C00257,2025-07-23,EMAIL,G. Montoya,PROMISE_TO_PAY,2025-08-13
ACT-0000399,INV-0027569,C00257,2025-06-14,EMAIL,G. Montoya,PAYMENT_CONFIRMED,
ACT-0000400,INV-0027569,C00257,2025-07-22,CALL,G. Montoya,INFO_REQUESTED,
ACT-0000401,INV-0010784,C00093,2026-04-04,EMAIL,J. Villalobos,INFO_REQUESTED,
ACT-0000402,INV-0010784,C00093,2026-03-11,CALL,J. Villalobos,NO_ANSWER,
ACT-0000403,INV-0010784,C00093,2026-04-16,CALL,J. Villalobos,NO_ANSWER,
ACT-0000404,INV-0010784,C00093,2026-04-14,CALL,J. Villalobos,NO_ANSWER,
ACT-0000405,INV-0017859,C00162,2026-03-20,CALL,R. Salazar,PAYMENT_CONFIRMED,
ACT-0000406,INV-0012795,C00113,2025-11-25,EMAIL,C. Fuentes,NO_ANSWER,
ACT-0000407,INV-0018673,C00170,2026-03-21,EMAIL,B. Quintana,INFO_REQUESTED,
ACT-0000408,INV-0019431,C00177,2026-05-15,EMAIL,J. Villalobos,PROMISE_TO_PAY,2026-05-27
ACT-0000409,INV-0019431,C00177,2026-05-21,CALL,J. Villalobos,DISPUTE_RAISED,
ACT-0000410,INV-0019431,C00177,2026-04-18,STATEMENT,J. Villalobos,PROMISE_TO_PAY,2026-05-17
ACT-0000411,INV-0019431,C00177,2026-04-03,EMAIL,J. Villalobos,NO_ANSWER,
ACT-0000412,INV-0019534,C00178,2026-05-05,EMAIL,M. Contreras,NO_ANSWER,
ACT-0000413,INV-0020209,C00185,2025-06-30,CALL,R. Salazar,NO_ANSWER,
ACT-0000414,INV-0022977,C00212,2026-01-10,CALL,P. Ibarra,NO_ANSWER,
ACT-0000415,INV-0006950,C00060,2025-12-03,EMAIL,P. Ibarra,PROMISE_TO_PAY,2025-12-31
ACT-0000416,INV-0021394,C00196,2026-04-22,EMAIL,R. Salazar,DISPUTE_RAISED,
ACT-0000417,INV-0000188,C00002,2026-05-06,CALL,G. Montoya,DISPUTE_RAISED,
ACT-0000418,INV-0000188,C00002,2026-04-02,EMAIL,G. Montoya,PAYMENT_CONFIRMED,
ACT-0000419,INV-0000188,C00002,2026-06-02,EMAIL,G. Montoya,NO_ANSWER,
ACT-0000420,INV-0022710,C00210,2025-05-04,EMAIL,F. Zamora,NO_ANSWER,
ACT-0000421,INV-0022710,C00210,2025-06-12,CALL,F. Zamora,PAYMENT_CONFIRMED,
ACT-0000422,INV-0022710,C00210,2025-07-25,CALL,F. Zamora,PROMISE_TO_PAY,2025-08-11
ACT-0000423,INV-0007751,C00067,2025-08-27,CALL,A. Reyes,PAYMENT_CONFIRMED,
ACT-0000424,INV-0007751,C00067,2025-08-06,EMAIL,A. Reyes,PROMISE_TO_PAY,2025-09-10
ACT-0000425,INV-0007751,C00067,2025-09-16,CALL,A. Reyes,PROMISE_TO_PAY,2025-09-21
ACT-0000426,INV-0010687,C00092,2026-04-08,CALL,P. Ibarra,DISPUTE_RAISED,
ACT-0000427,INV-0010687,C00092,2026-03-30,EMAIL,P. Ibarra,NO_ANSWER,
ACT-0000428,INV-0010687,C00092,2026-05-29,CALL,P. Ibarra,NO_ANSWER,
ACT-0000429,INV-0012173,C00107,2025-10-03,CALL,D. Aguilar,PROMISE_TO_PAY,2025-10-15
ACT-0000430,INV-0012173,C00107,2025-10-01,ESCALATION,D. Aguilar,DISPUTE_RAISED,
ACT-0000431,INV-0021468,C00197,2025-12-30,EMAIL,B. Quintana,NO_ANSWER,
ACT-0000432,INV-0021468,C00197,2025-11-12,CALL,B. Quintana,PROMISE_TO_PAY,2025-11-20
ACT-0000433,INV-0025780,C00239,2026-05-17,CALL,B. Quintana,PROMISE_TO_PAY,2026-06-24
ACT-0000434,INV-0015481,C00139,2025-03-30,CALL,V. Cardenas,PROMISE_TO_PAY,2025-04-14
ACT-0000435,INV-0015481,C00139,2025-05-14,EMAIL,V. Cardenas,INFO_REQUESTED,
ACT-0000436,INV-0015481,C00139,2025-05-13,CALL,V. Cardenas,PROMISE_TO_PAY,2025-05-30
ACT-0000437,INV-0013990,C00124,2026-05-16,EMAIL,A. Reyes,PROMISE_TO_PAY,2026-06-19
ACT-0000438,INV-0030134,C00289,2025-04-28,CALL,B. Quintana,DISPUTE_RAISED,
ACT-0000439,INV-0030134,C00289,2025-06-19,EMAIL,B. Quintana,PROMISE_TO_PAY,2025-07-19
ACT-0000440,INV-0005982,C00052,2025-09-06,CALL,C. Fuentes,PROMISE_TO_PAY,2025-09-23
ACT-0000441,INV-0000159,C00002,2025-11-09,EMAIL,G. Montoya,PROMISE_TO_PAY,2025-12-09
ACT-0000442,INV-0000159,C00002,2025-11-14,EMAIL,G. Montoya,DISPUTE_RAISED,
ACT-0000443,INV-0000159,C00002,2025-12-04,STATEMENT,G. Montoya,NO_ANSWER,
ACT-0000444,INV-0006343,C00055,2025-11-15,EMAIL,B. Quintana,INFO_REQUESTED,
ACT-0000445,INV-0006343,C00055,2026-01-03,EMAIL,B. Quintana,PROMISE_TO_PAY,2026-01-30
ACT-0000446,INV-0012302,C00108,2026-01-04,EMAIL,G. Montoya,PROMISE_TO_PAY,2026-01-29
ACT-0000447,INV-0002481,C00022,2025-12-06,CALL,P. Ibarra,PAYMENT_CONFIRMED,
ACT-0000448,INV-0002481,C00022,2026-02-07,EMAIL,P. Ibarra,PROMISE_TO_PAY,2026-03-03
ACT-0000449,INV-0002481,C00022,2026-01-06,EMAIL,P. Ibarra,PROMISE_TO_PAY,2026-01-13
ACT-0000450,INV-0013644,C00121,2025-12-14,STATEMENT,R. Salazar,PROMISE_TO_PAY,2026-01-15
ACT-0000451,INV-0013644,C00121,2026-01-09,EMAIL,R. Salazar,PROMISE_TO_PAY,2026-02-04
ACT-0000452,INV-0013644,C00121,2025-12-12,EMAIL,R. Salazar,NO_ANSWER,
ACT-0000453,INV-0025307,C00235,2025-06-06,EMAIL,S. Duarte,NO_ANSWER,
ACT-0000454,INV-0018817,C00172,2025-05-17,EMAIL,T. Rivas,PROMISE_TO_PAY,2025-06-07
ACT-0000455,INV-0018817,C00172,2025-07-25,EMAIL,T. Rivas,NO_ANSWER,
ACT-0000456,INV-0006092,C00053,2025-09-27,ESCALATION,M. Contreras,INFO_REQUESTED,
ACT-0000457,INV-0006092,C00053,2025-11-16,EMAIL,M. Contreras,PROMISE_TO_PAY,2025-12-16
ACT-0000458,INV-0005470,C00048,2025-05-05,EMAIL,T. Rivas,PROMISE_TO_PAY,2025-05-26
ACT-0000459,INV-0005470,C00048,2025-07-09,EMAIL,T. Rivas,PAYMENT_CONFIRMED,
ACT-0000460,INV-0009691,C00083,2026-04-21,CALL,R. Salazar,INFO_REQUESTED,
ACT-0000461,INV-0009691,C00083,2026-06-29,EMAIL,R. Salazar,NO_ANSWER,
ACT-0000462,INV-0009691,C00083,2026-06-04,EMAIL,R. Salazar,NO_ANSWER,
ACT-0000463,INV-0020057,C00183,2026-06-01,CALL,F. Zamora,DISPUTE_RAISED,
ACT-0000464,INV-0020057,C00183,2026-05-01,STATEMENT,F. Zamora,PROMISE_TO_PAY,2026-06-04
ACT-0000465,INV-0029698,C00282,2026-06-15,EMAIL,P. Ibarra,PROMISE_TO_PAY,2026-07-19
ACT-0000466,INV-0019631,C00179,2026-05-27,CALL,N. Espinoza,PAYMENT_CONFIRMED,
ACT-0000467,INV-0019631,C00179,2026-06-03,EMAIL,N. Espinoza,NO_ANSWER,
ACT-0000468,INV-0012933,C00114,2026-05-26,CALL,F. Zamora,PROMISE_TO_PAY,2026-06-05
ACT-0000469,INV-0012933,C00114,2026-04-19,STATEMENT,F. Zamora,PROMISE_TO_PAY,2026-05-11
ACT-0000470,INV-0012933,C00114,2026-06-22,STATEMENT,F. Zamora,DISPUTE_RAISED,
ACT-0000471,INV-0020796,C00191,2025-09-17,CALL,T. Rivas,INFO_REQUESTED,
ACT-0000472,INV-0020796,C00191,2025-08-11,CALL,T. Rivas,PAYMENT_CONFIRMED,
ACT-0000473,INV-0020796,C00191,2025-09-08,CALL,T. Rivas,INFO_REQUESTED,
ACT-0000474,INV-0020796,C00191,2025-08-22,EMAIL,T. Rivas,NO_ANSWER,
ACT-0000475,INV-0004923,C00043,2026-04-30,EMAIL,S. Duarte,NO_ANSWER,
ACT-0000476,INV-0016433,C00148,2026-05-28,EMAIL,V. Cardenas,PAYMENT_CONFIRMED,
ACT-0000477,INV-0028514,C00266,2026-01-04,EMAIL,B. Quintana,PROMISE_TO_PAY,2026-01-31
ACT-0000478,INV-0028514,C00266,2026-01-27,EMAIL,B. Quintana,PAYMENT_CONFIRMED,
ACT-0000479,INV-0028514,C00266,2026-02-03,EMAIL,B. Quintana,PROMISE_TO_PAY,2026-03-05
ACT-0000480,INV-0028514,C00266,2025-12-27,EMAIL,B. Quintana,PAYMENT_CONFIRMED,
ACT-0000481,INV-0012412,C00109,2026-04-24,CALL,T. Rivas,PAYMENT_CONFIRMED,
ACT-0000482,INV-0012412,C00109,2026-05-10,ESCALATION,T. Rivas,DISPUTE_RAISED,
ACT-0000483,INV-0012412,C00109,2026-06-28,STATEMENT,T. Rivas,DISPUTE_RAISED,
ACT-0000484,INV-0000993,C00009,2026-04-19,ESCALATION,A. Reyes,PROMISE_TO_PAY,2026-04-26
ACT-0000485,INV-0000993,C00009,2026-06-28,STATEMENT,A. Reyes,PROMISE_TO_PAY,2026-07-27
ACT-0000486,INV-0000993,C00009,2026-05-05,EMAIL,A. Reyes,NO_ANSWER,
ACT-0000487,INV-0015819,C00142,2026-03-31,CALL,P. Ibarra,PROMISE_TO_PAY,2026-04-05
ACT-0000488,INV-0015819,C00142,2026-02-22,CALL,P. Ibarra,NO_ANSWER,
ACT-0000489,INV-0014784,C00132,2025-11-14,EMAIL,B. Quintana,PAYMENT_CONFIRMED,
ACT-0000490,INV-0008243,C00071,2026-02-15,EMAIL,T. Rivas,PROMISE_TO_PAY,2026-02-24
ACT-0000491,INV-0008243,C00071,2026-03-29,EMAIL,T. Rivas,PROMISE_TO_PAY,2026-04-04
ACT-0000492,INV-0008243,C00071,2026-03-12,EMAIL,T. Rivas,NO_ANSWER,
ACT-0000493,INV-0008243,C00071,2026-04-02,STATEMENT,T. Rivas,DISPUTE_RAISED,
ACT-0000494,INV-0023409,C00216,2026-01-20,EMAIL,S. Duarte,PROMISE_TO_PAY,2026-02-14
ACT-0000495,INV-0007503,C00065,2025-06-18,EMAIL,F. Zamora,INFO_REQUESTED,
ACT-0000496,INV-0007503,C00065,2025-09-23,CALL,F. Zamora,PAYMENT_CONFIRMED,
ACT-0000497,INV-0007503,C00065,2025-07-19,EMAIL,F. Zamora,DISPUTE_RAISED,
ACT-0000498,INV-0007503,C00065,2025-07-21,EMAIL,F. Zamora,PROMISE_TO_PAY,2025-08-14
ACT-0000499,INV-0006023,C00052,2026-02-24,STATEMENT,C. Fuentes,PROMISE_TO_PAY,2026-03-11
ACT-0000500,INV-0006023,C00052,2026-04-26,CALL,C. Fuentes,NO_ANSWER,
ACT-0000501,INV-0000437,C00004,2026-05-24,CALL,T. Rivas,DISPUTE_RAISED,
ACT-0000502,INV-0000437,C00004,2026-05-25,EMAIL,T. Rivas,PAYMENT_CONFIRMED,
ACT-0000503,INV-0018783,C00171,2026-06-05,EMAIL,F. Zamora,PAYMENT_CONFIRMED,
ACT-0000504,INV-0018783,C00171,2026-05-09,ESCALATION,F. Zamora,NO_ANSWER,
ACT-0000505,INV-0018783,C00171,2026-05-30,EMAIL,F. Zamora,PROMISE_TO_PAY,2026-07-03
ACT-0000506,INV-0018783,C00171,2026-06-07,EMAIL,F. Zamora,DISPUTE_RAISED,
ACT-0000507,INV-0000605,C00006,2025-10-22,STATEMENT,P. Ibarra,PAYMENT_CONFIRMED,
ACT-0000508,INV-0000605,C00006,2025-08-30,EMAIL,P. Ibarra,PROMISE_TO_PAY,2025-09-24
ACT-0000509,INV-0011224,C00097,2026-03-25,EMAIL,P. Ibarra,PROMISE_TO_PAY,2026-04-01
ACT-0000510,INV-0011224,C00097,2026-05-12,EMAIL,P. Ibarra,PAYMENT_CONFIRMED,
ACT-0000511,INV-0011224,C00097,2026-03-21,EMAIL,P. Ibarra,PAYMENT_CONFIRMED,
ACT-0000512,INV-0011224,C00097,2026-05-23,EMAIL,P. Ibarra,PAYMENT_CONFIRMED,
ACT-0000513,INV-0017874,C00162,2026-06-05,EMAIL,R. Salazar,PAYMENT_CONFIRMED,
ACT-0000514,INV-0001306,C00012,2025-09-20,EMAIL,C. Fuentes,PROMISE_TO_PAY,2025-10-14
ACT-0000515,INV-0001306,C00012,2025-09-20,STATEMENT,C. Fuentes,NO_ANSWER,
ACT-0000516,INV-0001306,C00012,2025-11-16,CALL,C. Fuentes,INFO_REQUESTED,
ACT-0000517,INV-0009859,C00085,2025-10-24,EMAIL,C. Fuentes,NO_ANSWER,
ACT-0000518,INV-0009859,C00085,2025-11-27,CALL,C. Fuentes,NO_ANSWER,
ACT-0000519,INV-0027532,C00256,2026-06-22,EMAIL,J. Villalobos,NO_ANSWER,
ACT-0000520,INV-0006722,C00058,2026-03-12,EMAIL,M. Contreras,PAYMENT_CONFIRMED,
ACT-0000521,INV-0006722,C00058,2026-04-07,EMAIL,M. Contreras,NO_ANSWER,
ACT-0000522,INV-0006722,C00058,2026-03-17,EMAIL,M. Contreras,NO_ANSWER,
ACT-0000523,INV-0001948,C00017,2026-05-05,STATEMENT,D. Aguilar,PROMISE_TO_PAY,2026-05-26
ACT-0000524,INV-0001948,C00017,2026-03-26,CALL,D. Aguilar,PAYMENT_CONFIRMED,
ACT-0000525,INV-0001948,C00017,2026-04-03,EMAIL,D. Aguilar,NO_ANSWER,
ACT-0000526,INV-0001948,C00017,2026-04-06,EMAIL,D. Aguilar,PROMISE_TO_PAY,2026-05-08
ACT-0000527,INV-0002783,C00025,2025-07-15,CALL,B. Quintana,INFO_REQUESTED,
ACT-0000528,INV-0002783,C00025,2025-09-21,STATEMENT,B. Quintana,PROMISE_TO_PAY,2025-10-03
ACT-0000529,INV-0029083,C00274,2025-06-26,EMAIL,B. Quintana,DISPUTE_RAISED,
ACT-0000530,INV-0029083,C00274,2025-09-07,ESCALATION,B. Quintana,PROMISE_TO_PAY,2025-09-22
ACT-0000531,INV-0029083,C00274,2025-09-30,CALL,B. Quintana,INFO_REQUESTED,
ACT-0000532,INV-0029083,C00274,2025-09-15,CALL,B. Quintana,PAYMENT_CONFIRMED,
ACT-0000533,INV-0002547,C00023,2025-07-17,CALL,C. Fuentes,PROMISE_TO_PAY,2025-08-05
ACT-0000534,INV-0002547,C00023,2025-08-11,EMAIL,C. Fuentes,NO_ANSWER,
ACT-0000535,INV-0002547,C00023,2025-06-19,EMAIL,C. Fuentes,NO_ANSWER,
ACT-0000536,INV-0007239,C00063,2025-04-09,EMAIL,C. Fuentes,PROMISE_TO_PAY,2025-05-10
ACT-0000537,INV-0007239,C00063,2025-04-17,CALL,C. Fuentes,INFO_REQUESTED,
ACT-0000538,INV-0007239,C00063,2025-06-15,ESCALATION,C. Fuentes,PROMISE_TO_PAY,2025-07-18
ACT-0000539,INV-0030455,C00293,2026-06-23,CALL,J. Villalobos,PROMISE_TO_PAY,2026-07-21
ACT-0000540,INV-0003177,C00028,2026-02-24,EMAIL,G. Montoya,NO_ANSWER,
ACT-0000541,INV-0003177,C00028,2026-04-23,EMAIL,G. Montoya,INFO_REQUESTED,
ACT-0000542,INV-0023687,C00219,2025-07-12,EMAIL,B. Quintana,PROMISE_TO_PAY,2025-08-18
ACT-0000543,INV-0023687,C00219,2025-07-26,ESCALATION,B. Quintana,NO_ANSWER,
ACT-0000544,INV-0016709,C00151,2026-03-04,CALL,N. Espinoza,PROMISE_TO_PAY,2026-03-11
ACT-0000545,INV-0016709,C00151,2026-03-10,STATEMENT,N. Espinoza,NO_ANSWER,
ACT-0000546,INV-0016709,C00151,2026-03-01,CALL,N. Espinoza,PROMISE_TO_PAY,2026-04-06
ACT-0000547,INV-0000435,C00004,2026-06-25,CALL,T. Rivas,PROMISE_TO_PAY,2026-07-25
ACT-0000548,INV-0006923,C00060,2025-09-28,EMAIL,P. Ibarra,PROMISE_TO_PAY,2025-10-23
ACT-0000549,INV-0006923,C00060,2025-11-11,CALL,P. Ibarra,NO_ANSWER,
ACT-0000550,INV-0006923,C00060,2025-11-07,CALL,P. Ibarra,NO_ANSWER,
ACT-0000551,INV-0014638,C00131,2025-06-14,CALL,P. Ibarra,NO_ANSWER,
ACT-0000552,INV-0014638,C00131,2025-05-10,EMAIL,P. Ibarra,PROMISE_TO_PAY,2025-06-08
ACT-0000553,INV-0026412,C00245,2026-05-02,STATEMENT,S. Duarte,NO_ANSWER,
ACT-0000554,INV-0026412,C00245,2026-03-28,CALL,S. Duarte,PROMISE_TO_PAY,2026-04-09
ACT-0000555,INV-0026412,C00245,2026-03-30,CALL,S. Duarte,INFO_REQUESTED,
ACT-0000556,INV-0026412,C00245,2026-06-16,CALL,S. Duarte,NO_ANSWER,
ACT-0000557,INV-0026922,C00250,2026-03-06,EMAIL,P. Ibarra,PROMISE_TO_PAY,2026-03-19
ACT-0000558,INV-0026922,C00250,2026-05-07,CALL,P. Ibarra,PROMISE_TO_PAY,2026-06-10
ACT-0000559,INV-0026922,C00250,2026-05-13,STATEMENT,P. Ibarra,PAYMENT_CONFIRMED,
ACT-0000560,INV-0026922,C00250,2026-04-22,EMAIL,P. Ibarra,NO_ANSWER,
ACT-0000561,INV-0001695,C00015,2026-03-02,EMAIL,D. Aguilar,PROMISE_TO_PAY,2026-03-18
ACT-0000562,INV-0001695,C00015,2026-02-10,EMAIL,D. Aguilar,PROMISE_TO_PAY,2026-03-05
ACT-0000563,INV-0001695,C00015,2026-04-06,CALL,D. Aguilar,INFO_REQUESTED,
ACT-0000564,INV-0001695,C00015,2026-03-12,CALL,D. Aguilar,DISPUTE_RAISED,
ACT-0000565,INV-0005266,C00046,2026-03-07,CALL,V. Cardenas,PROMISE_TO_PAY,2026-03-13
ACT-0000566,INV-0005266,C00046,2026-02-08,EMAIL,V. Cardenas,PROMISE_TO_PAY,2026-03-05
ACT-0000567,INV-0005266,C00046,2026-02-14,STATEMENT,V. Cardenas,DISPUTE_RAISED,
ACT-0000568,INV-0005266,C00046,2026-03-27,CALL,V. Cardenas,INFO_REQUESTED,
ACT-0000569,INV-0006679,C00058,2025-08-06,EMAIL,M. Contreras,NO_ANSWER,
ACT-0000570,INV-0006679,C00058,2025-07-28,CALL,M. Contreras,DISPUTE_RAISED,
ACT-0000571,INV-0006679,C00058,2025-10-16,EMAIL,M. Contreras,NO_ANSWER,
ACT-0000572,INV-0007428,C00064,2026-03-06,EMAIL,S. Duarte,NO_ANSWER,
ACT-0000573,INV-0007428,C00064,2026-03-28,EMAIL,S. Duarte,NO_ANSWER,
ACT-0000574,INV-0007428,C00064,2026-04-11,EMAIL,S. Duarte,DISPUTE_RAISED,
ACT-0000575,INV-0025273,C00234,2026-04-12,EMAIL,V. Cardenas,PROMISE_TO_PAY,2026-04-17
ACT-0000576,INV-0025273,C00234,2026-04-28,CALL,V. Cardenas,DISPUTE_RAISED,
ACT-0000577,INV-0004777,C00042,2025-09-01,EMAIL,D. Aguilar,NO_ANSWER,
ACT-0000578,INV-0004777,C00042,2025-10-27,STATEMENT,D. Aguilar,PROMISE_TO_PAY,2025-11-23
ACT-0000579,INV-0004777,C00042,2025-10-07,CALL,D. Aguilar,PAYMENT_CONFIRMED,
ACT-0000580,INV-0006919,C00060,2025-09-29,CALL,P. Ibarra,PROMISE_TO_PAY,2025-10-20
ACT-0000581,INV-0006919,C00060,2025-08-08,EMAIL,P. Ibarra,NO_ANSWER,
ACT-0000582,INV-0006919,C00060,2025-11-14,EMAIL,P. Ibarra,NO_ANSWER,
ACT-0000583,INV-0006919,C00060,2025-09-28,CALL,P. Ibarra,NO_ANSWER,
ACT-0000584,INV-0012010,C00105,2025-12-29,EMAIL,J. Villalobos,PROMISE_TO_PAY,2026-01-04
ACT-0000585,INV-0028355,C00264,2026-03-03,EMAIL,T. Rivas,NO_ANSWER,
ACT-0000586,INV-0028355,C00264,2026-05-03,EMAIL,T. Rivas,NO_ANSWER,
ACT-0000587,INV-0028355,C00264,2026-04-12,EMAIL,T. Rivas,DISPUTE_RAISED,
ACT-0000588,INV-0028355,C00264,2026-03-17,CALL,T. Rivas,PAYMENT_CONFIRMED,
ACT-0000589,INV-0004595,C00040,2026-06-22,CALL,S. Duarte,NO_ANSWER,
ACT-0000590,INV-0021594,C00198,2026-04-29,EMAIL,J. Villalobos,PROMISE_TO_PAY,2026-05-17
ACT-0000591,INV-0021594,C00198,2026-04-09,EMAIL,J. Villalobos,NO_ANSWER,
ACT-0000592,INV-0009634,C00083,2025-10-03,CALL,R. Salazar,INFO_REQUESTED,
ACT-0000593,INV-0029887,C00285,2026-02-23,EMAIL,C. Fuentes,NO_ANSWER,
ACT-0000594,INV-0029887,C00285,2026-04-30,EMAIL,C. Fuentes,NO_ANSWER,
ACT-0000595,INV-0029887,C00285,2026-05-27,CALL,C. Fuentes,NO_ANSWER,
ACT-0000596,INV-0029887,C00285,2026-04-28,EMAIL,C. Fuentes,INFO_REQUESTED,
ACT-0000597,INV-0005866,C00051,2025-12-06,EMAIL,V. Cardenas,DISPUTE_RAISED,
ACT-0000598,INV-0001420,C00013,2025-05-12,CALL,M. Contreras,NO_ANSWER,
ACT-0000599,INV-0001420,C00013,2025-06-09,STATEMENT,M. Contreras,PROMISE_TO_PAY,2025-07-08
ACT-0000600,INV-0001420,C00013,2025-07-30,EMAIL,M. Contreras,PROMISE_TO_PAY,2025-08-10
ACT-0000601,INV-0001420,C00013,2025-07-18,STATEMENT,M. Contreras,DISPUTE_RAISED,
ACT-0000602,INV-0011567,C00101,2025-08-01,EMAIL,G. Montoya,PROMISE_TO_PAY,2025-09-02
ACT-0000603,INV-0011567,C00101,2025-08-22,CALL,G. Montoya,INFO_REQUESTED,
ACT-0000604,INV-0011567,C00101,2025-08-02,EMAIL,G. Montoya,PROMISE_TO_PAY,2025-09-05
ACT-0000605,INV-0011567,C00101,2025-07-25,EMAIL,G. Montoya,INFO_REQUESTED,
ACT-0000606,INV-0015147,C00135,2026-06-18,STATEMENT,M. Contreras,NO_ANSWER,
ACT-0000607,INV-0013475,C00119,2026-04-16,CALL,B. Quintana,NO_ANSWER,
ACT-0000608,INV-0013475,C00119,2026-05-03,CALL,B. Quintana,PROMISE_TO_PAY,2026-05-25
ACT-0000609,INV-0013475,C00119,2026-06-04,EMAIL,B. Quintana,NO_ANSWER,
ACT-0000610,INV-0021401,C00196,2026-05-01,EMAIL,R. Salazar,PAYMENT_CONFIRMED,
ACT-0000611,INV-0021401,C00196,2026-06-05,EMAIL,R. Salazar,DISPUTE_RAISED,
ACT-0000612,INV-0021401,C00196,2026-05-13,CALL,R. Salazar,DISPUTE_RAISED,
ACT-0000613,INV-0021401,C00196,2026-06-15,EMAIL,R. Salazar,DISPUTE_RAISED,
ACT-0000614,INV-0016808,C00152,2026-01-04,EMAIL,M. Contreras,PROMISE_TO_PAY,2026-01-26
ACT-0000615,INV-0016504,C00149,2026-01-18,CALL,V. Cardenas,PROMISE_TO_PAY,2026-02-18
ACT-0000616,INV-0016504,C00149,2026-02-17,CALL,V. Cardenas,PAYMENT_CONFIRMED,
ACT-0000617,INV-0001097,C00010,2026-04-26,EMAIL,F. Zamora,NO_ANSWER,
ACT-0000618,INV-0001097,C00010,2026-04-03,CALL,F. Zamora,NO_ANSWER,
ACT-0000619,INV-0001097,C00010,2026-04-21,ESCALATION,F. Zamora,NO_ANSWER,
ACT-0000620,INV-0003875,C00034,2026-06-18,EMAIL,L. Moreno,NO_ANSWER,
ACT-0000621,INV-0003875,C00034,2026-06-29,EMAIL,L. Moreno,PROMISE_TO_PAY,2026-07-18
ACT-0000622,INV-0024539,C00227,2026-01-24,EMAIL,L. Moreno,DISPUTE_RAISED,
ACT-0000623,INV-0024539,C00227,2026-01-24,EMAIL,L. Moreno,PROMISE_TO_PAY,2026-02-25
ACT-0000624,INV-0024539,C00227,2026-02-06,CALL,L. Moreno,NO_ANSWER,
ACT-0000625,INV-0003505,C00031,2026-04-19,CALL,N. Espinoza,PROMISE_TO_PAY,2026-05-12
ACT-0000626,INV-0003505,C00031,2026-04-10,CALL,N. Espinoza,PAYMENT_CONFIRMED,
ACT-0000627,INV-0003505,C00031,2026-05-27,CALL,N. Espinoza,PROMISE_TO_PAY,2026-06-07
ACT-0000628,INV-0015546,C00139,2026-04-04,EMAIL,V. Cardenas,PROMISE_TO_PAY,2026-04-15
ACT-0000629,INV-0015546,C00139,2026-05-31,STATEMENT,V. Cardenas,PROMISE_TO_PAY,2026-06-09
ACT-0000630,INV-0014078,C00125,2026-04-29,EMAIL,P. Ibarra,PROMISE_TO_PAY,2026-05-10
ACT-0000631,INV-0014078,C00125,2026-04-14,CALL,P. Ibarra,DISPUTE_RAISED,
ACT-0000632,INV-0014078,C00125,2026-05-28,EMAIL,P. Ibarra,PROMISE_TO_PAY,2026-06-16
ACT-0000633,INV-0006248,C00054,2026-03-08,EMAIL,G. Montoya,DISPUTE_RAISED,
ACT-0000634,INV-0006248,C00054,2026-05-06,EMAIL,G. Montoya,DISPUTE_RAISED,
ACT-0000635,INV-0027591,C00257,2025-10-02,CALL,G. Montoya,PROMISE_TO_PAY,2025-10-18
ACT-0000636,INV-0027591,C00257,2025-11-13,EMAIL,G. Montoya,INFO_REQUESTED,
ACT-0000637,INV-0020786,C00191,2025-06-17,STATEMENT,T. Rivas,INFO_REQUESTED,
ACT-0000638,INV-0020786,C00191,2025-06-24,CALL,T. Rivas,NO_ANSWER,
ACT-0000639,INV-0020786,C00191,2025-07-15,STATEMENT,T. Rivas,PROMISE_TO_PAY,2025-07-26
ACT-0000640,INV-0020786,C00191,2025-08-16,EMAIL,T. Rivas,PROMISE_TO_PAY,2025-09-05
ACT-0000641,INV-0016897,C00153,2025-11-09,CALL,L. Moreno,PROMISE_TO_PAY,2025-11-30
ACT-0000642,INV-0016897,C00153,2025-12-16,CALL,L. Moreno,NO_ANSWER,
ACT-0000643,INV-0024308,C00225,2025-08-22,CALL,T. Rivas,PROMISE_TO_PAY,2025-09-08
ACT-0000644,INV-0024308,C00225,2025-08-13,EMAIL,T. Rivas,NO_ANSWER,
ACT-0000645,INV-0014156,C00126,2025-11-05,STATEMENT,S. Duarte,INFO_REQUESTED,
ACT-0000646,INV-0014156,C00126,2026-01-02,ESCALATION,S. Duarte,NO_ANSWER,
ACT-0000647,INV-0014156,C00126,2026-01-27,EMAIL,S. Duarte,INFO_REQUESTED,
ACT-0000648,INV-0012500,C00110,2026-02-11,EMAIL,M. Contreras,PAYMENT_CONFIRMED,
ACT-0000649,INV-0012500,C00110,2026-02-22,STATEMENT,M. Contreras,PAYMENT_CONFIRMED,
ACT-0000650,INV-0008922,C00077,2026-01-05,EMAIL,P. Ibarra,PROMISE_TO_PAY,2026-02-09
ACT-0000651,INV-0020324,C00186,2025-12-25,EMAIL,N. Espinoza,NO_ANSWER,
ACT-0000652,INV-0020324,C00186,2025-12-01,ESCALATION,N. Espinoza,NO_ANSWER,
ACT-0000653,INV-0012487,C00110,2026-02-17,EMAIL,M. Contreras,NO_ANSWER,
ACT-0000654,INV-0012487,C00110,2026-03-07,CALL,M. Contreras,INFO_REQUESTED,
ACT-0000655,INV-0003499,C00031,2026-01-29,STATEMENT,N. Espinoza,INFO_REQUESTED,
ACT-0000656,INV-0003747,C00033,2026-03-18,CALL,L. Moreno,PROMISE_TO_PAY,2026-03-30
ACT-0000657,INV-0003747,C00033,2026-03-23,EMAIL,L. Moreno,INFO_REQUESTED,
ACT-0000658,INV-0003747,C00033,2026-04-14,CALL,L. Moreno,INFO_REQUESTED,
ACT-0000659,INV-0024286,C00225,2025-03-30,CALL,T. Rivas,INFO_REQUESTED,
ACT-0000660,INV-0003841,C00034,2025-11-11,EMAIL,L. Moreno,NO_ANSWER,
ACT-0000661,INV-0003841,C00034,2026-01-05,EMAIL,L. Moreno,NO_ANSWER,
ACT-0000662,INV-0003841,C00034,2025-12-23,ESCALATION,L. Moreno,PAYMENT_CONFIRMED,
ACT-0000663,INV-0004512,C00040,2025-06-22,EMAIL,S. Duarte,NO_ANSWER,
ACT-0000664,INV-0004512,C00040,2025-06-03,CALL,S. Duarte,INFO_REQUESTED,
ACT-0000665,INV-0004512,C00040,2025-06-22,STATEMENT,S. Duarte,NO_ANSWER,
ACT-0000666,INV-0009780,C00084,2026-01-22,EMAIL,C. Fuentes,DISPUTE_RAISED,
ACT-0000667,INV-0009780,C00084,2026-03-17,EMAIL,C. Fuentes,NO_ANSWER,
ACT-0000668,INV-0003872,C00034,2026-05-30,EMAIL,L. Moreno,PROMISE_TO_PAY,2026-06-17
ACT-0000669,INV-0023728,C00219,2026-02-02,EMAIL,B. Quintana,PROMISE_TO_PAY,2026-02-25
ACT-0000670,INV-0023728,C00219,2026-04-02,EMAIL,B. Quintana,PROMISE_TO_PAY,2026-05-04
ACT-0000671,INV-0008101,C00070,2025-11-18,CALL,B. Quintana,PROMISE_TO_PAY,2025-12-27
ACT-0000672,INV-0008101,C00070,2025-10-30,EMAIL,B. Quintana,INFO_REQUESTED,
ACT-0000673,INV-0008101,C00070,2025-12-31,CALL,B. Quintana,PROMISE_TO_PAY,2026-02-07
ACT-0000674,INV-0008101,C00070,2026-02-06,STATEMENT,B. Quintana,NO_ANSWER,
ACT-0000675,INV-0000138,C00002,2025-07-17,CALL,G. Montoya,INFO_REQUESTED,
ACT-0000676,INV-0000138,C00002,2025-07-21,STATEMENT,G. Montoya,PROMISE_TO_PAY,2025-08-15
ACT-0000677,INV-0000138,C00002,2025-08-03,STATEMENT,G. Montoya,NO_ANSWER,
ACT-0000678,INV-0000138,C00002,2025-08-23,EMAIL,G. Montoya,NO_ANSWER,
ACT-0000679,INV-0027283,C00254,2025-08-24,CALL,A. Reyes,PROMISE_TO_PAY,2025-09-04
ACT-0000680,INV-0006918,C00060,2025-09-24,CALL,P. Ibarra,PROMISE_TO_PAY,2025-10-11
ACT-0000681,INV-0018095,C00165,2025-03-12,STATEMENT,L. Moreno,NO_ANSWER,
ACT-0000682,INV-0006428,C00056,2025-04-11,EMAIL,G. Montoya,PROMISE_TO_PAY,2025-04-29
ACT-0000683,INV-0006428,C00056,2025-07-03,EMAIL,G. Montoya,NO_ANSWER,
ACT-0000684,INV-0010788,C00093,2026-02-11,STATEMENT,J. Villalobos,INFO_REQUESTED,
ACT-0000685,INV-0013440,C00119,2025-10-29,CALL,B. Quintana,PROMISE_TO_PAY,2025-12-01
ACT-0000686,INV-0013440,C00119,2025-11-19,EMAIL,B. Quintana,PROMISE_TO_PAY,2025-12-12
ACT-0000687,INV-0000417,C00004,2026-02-17,STATEMENT,T. Rivas,NO_ANSWER,
ACT-0000688,INV-0000417,C00004,2026-04-26,CALL,T. Rivas,INFO_REQUESTED,
ACT-0000689,INV-0000417,C00004,2026-05-09,EMAIL,T. Rivas,NO_ANSWER,
ACT-0000690,INV-0020959,C00192,2026-05-10,EMAIL,C. Fuentes,NO_ANSWER,
ACT-0000691,INV-0024765,C00229,2026-03-28,CALL,B. Quintana,INFO_REQUESTED,
ACT-0000692,INV-0024765,C00229,2026-03-02,STATEMENT,B. Quintana,PROMISE_TO_PAY,2026-03-15
ACT-0000693,INV-0026520,C00246,2026-02-20,CALL,V. Cardenas,NO_ANSWER,
ACT-0000694,INV-0026520,C00246,2026-03-30,EMAIL,V. Cardenas,PAYMENT_CONFIRMED,
ACT-0000695,INV-0026520,C00246,2026-06-04,CALL,V. Cardenas,NO_ANSWER,
ACT-0000696,INV-0012305,C00108,2026-04-10,CALL,G. Montoya,PROMISE_TO_PAY,2026-04-23
ACT-0000697,INV-0012305,C00108,2026-03-09,EMAIL,G. Montoya,DISPUTE_RAISED,
ACT-0000698,INV-0012305,C00108,2026-05-02,EMAIL,G. Montoya,INFO_REQUESTED,
ACT-0000699,INV-0012305,C00108,2026-04-29,CALL,G. Montoya,PAYMENT_CONFIRMED,
ACT-0000700,INV-0000273,C00003,2025-10-01,EMAIL,V. Cardenas,PROMISE_TO_PAY,2025-10-30
ACT-0000701,INV-0000273,C00003,2025-09-08,EMAIL,V. Cardenas,DISPUTE_RAISED,
ACT-0000702,INV-0000273,C00003,2025-09-11,CALL,V. Cardenas,PROMISE_TO_PAY,2025-09-28
ACT-0000703,INV-0007648,C00066,2026-01-27,STATEMENT,A. Reyes,PAYMENT_CONFIRMED,
ACT-0000704,INV-0007648,C00066,2026-01-07,ESCALATION,A. Reyes,PAYMENT_CONFIRMED,
ACT-0000705,INV-0007648,C00066,2026-01-31,CALL,A. Reyes,PROMISE_TO_PAY,2026-02-14
ACT-0000706,INV-0007648,C00066,2026-02-22,CALL,A. Reyes,NO_ANSWER,
ACT-0000707,INV-0008638,C00075,2025-06-24,CALL,D. Aguilar,NO_ANSWER,
ACT-0000708,INV-0010211,C00088,2025-08-26,STATEMENT,R. Salazar,NO_ANSWER,
ACT-0000709,INV-0002145,C00019,2026-03-02,EMAIL,C. Fuentes,INFO_REQUESTED,
ACT-0000710,INV-0002145,C00019,2026-03-14,CALL,C. Fuentes,NO_ANSWER,
ACT-0000711,INV-0002145,C00019,2026-01-28,STATEMENT,C. Fuentes,PROMISE_TO_PAY,2026-02-03
ACT-0000712,INV-0002145,C00019,2026-04-07,EMAIL,C. Fuentes,NO_ANSWER,
ACT-0000713,INV-0020154,C00184,2026-04-21,EMAIL,L. Moreno,NO_ANSWER,
ACT-0000714,INV-0030419,C00293,2025-10-16,EMAIL,J. Villalobos,PROMISE_TO_PAY,2025-11-12
ACT-0000715,INV-0030419,C00293,2025-12-01,STATEMENT,J. Villalobos,NO_ANSWER,
ACT-0000716,INV-0030419,C00293,2025-10-25,EMAIL,J. Villalobos,DISPUTE_RAISED,
ACT-0000717,INV-0030419,C00293,2025-12-19,STATEMENT,J. Villalobos,INFO_REQUESTED,
ACT-0000718,INV-0026191,C00243,2026-04-01,CALL,F. Zamora,DISPUTE_RAISED,
ACT-0000719,INV-0026191,C00243,2026-05-05,STATEMENT,F. Zamora,PROMISE_TO_PAY,2026-05-31
ACT-0000720,INV-0028209,C00263,2025-09-23,EMAIL,S. Duarte,INFO_REQUESTED,
ACT-0000721,INV-0028209,C00263,2025-08-15,CALL,S. Duarte,PROMISE_TO_PAY,2025-09-19
ACT-0000722,INV-0012918,C00114,2026-04-29,EMAIL,F. Zamora,PAYMENT_CONFIRMED,
ACT-0000723,INV-0012918,C00114,2026-02-24,EMAIL,F. Zamora,PROMISE_TO_PAY,2026-03-02
ACT-0000724,INV-0012918,C00114,2026-03-10,CALL,F. Zamora,PROMISE_TO_PAY,2026-03-31
ACT-0000725,INV-0012918,C00114,2026-04-23,EMAIL,F. Zamora,PAYMENT_CONFIRMED,
ACT-0000726,INV-0026796,C00249,2025-11-16,EMAIL,L. Moreno,DISPUTE_RAISED,
ACT-0000727,INV-0026675,C00248,2025-09-18,CALL,D. Aguilar,PROMISE_TO_PAY,2025-10-25
ACT-0000728,INV-0026675,C00248,2025-08-26,ESCALATION,D. Aguilar,PROMISE_TO_PAY,2025-09-27
ACT-0000729,INV-0011290,C00098,2025-12-04,STATEMENT,R. Salazar,NO_ANSWER,
ACT-0000730,INV-0011290,C00098,2026-01-03,EMAIL,R. Salazar,INFO_REQUESTED,
ACT-0000731,INV-0016973,C00154,2025-06-27,CALL,J. Villalobos,NO_ANSWER,
ACT-0000732,INV-0016973,C00154,2025-06-21,ESCALATION,J. Villalobos,PROMISE_TO_PAY,2025-07-11
ACT-0000733,INV-0024418,C00226,2025-08-18,CALL,B. Quintana,PAYMENT_CONFIRMED,
ACT-0000734,INV-0024418,C00226,2025-09-06,STATEMENT,B. Quintana,NO_ANSWER,
ACT-0000735,INV-0030539,C00294,2026-06-24,EMAIL,R. Salazar,NO_ANSWER,
ACT-0000736,INV-0021976,C00202,2026-02-02,CALL,C. Fuentes,PROMISE_TO_PAY,2026-02-25
ACT-0000737,INV-0026344,C00245,2025-04-26,CALL,S. Duarte,DISPUTE_RAISED,
ACT-0000738,INV-0026344,C00245,2025-05-20,CALL,S. Duarte,NO_ANSWER,
ACT-0000739,INV-0026344,C00245,2025-05-17,EMAIL,S. Duarte,NO_ANSWER,
ACT-0000740,INV-0026344,C00245,2025-06-25,ESCALATION,S. Duarte,DISPUTE_RAISED,
ACT-0000741,INV-0008016,C00069,2026-02-11,EMAIL,F. Zamora,PROMISE_TO_PAY,2026-02-27
ACT-0000742,INV-0005747,C00050,2025-11-14,STATEMENT,A. Reyes,NO_ANSWER,
ACT-0000743,INV-0005747,C00050,2025-11-12,EMAIL,A. Reyes,PROMISE_TO_PAY,2025-12-11
ACT-0000744,INV-0005747,C00050,2025-11-28,CALL,A. Reyes,NO_ANSWER,
ACT-0000745,INV-0007395,C00064,2025-09-21,EMAIL,S. Duarte,INFO_REQUESTED,
ACT-0000746,INV-0007395,C00064,2025-08-19,EMAIL,S. Duarte,PROMISE_TO_PAY,2025-09-23
ACT-0000747,INV-0007395,C00064,2025-10-23,EMAIL,S. Duarte,INFO_REQUESTED,
ACT-0000748,INV-0000583,C00006,2025-06-19,ESCALATION,P. Ibarra,NO_ANSWER,
ACT-0000749,INV-0000583,C00006,2025-05-04,EMAIL,P. Ibarra,NO_ANSWER,
ACT-0000750,INV-0000583,C00006,2025-07-19,EMAIL,P. Ibarra,PROMISE_TO_PAY,2025-07-28
ACT-0000751,INV-0000583,C00006,2025-08-06,EMAIL,P. Ibarra,INFO_REQUESTED,
ACT-0000752,INV-0010473,C00090,2026-05-14,EMAIL,L. Moreno,PROMISE_TO_PAY,2026-05-27
ACT-0000753,INV-0014430,C00129,2025-08-04,CALL,S. Duarte,DISPUTE_RAISED,
ACT-0000754,INV-0014430,C00129,2025-07-26,EMAIL,S. Duarte,PROMISE_TO_PAY,2025-08-02
ACT-0000755,INV-0014430,C00129,2025-08-17,ESCALATION,S. Duarte,NO_ANSWER,
ACT-0000756,INV-0017553,C00159,2026-04-02,EMAIL,A. Reyes,PROMISE_TO_PAY,2026-04-14
ACT-0000757,INV-0017553,C00159,2026-03-02,EMAIL,A. Reyes,PROMISE_TO_PAY,2026-03-23
ACT-0000758,INV-0004967,C00044,2025-03-13,EMAIL,B. Quintana,PROMISE_TO_PAY,2025-03-19
ACT-0000759,INV-0004967,C00044,2025-04-22,STATEMENT,B. Quintana,NO_ANSWER,
ACT-0000760,INV-0004967,C00044,2025-05-06,EMAIL,B. Quintana,PAYMENT_CONFIRMED,
ACT-0000761,INV-0004967,C00044,2025-04-23,ESCALATION,B. Quintana,NO_ANSWER,
ACT-0000762,INV-0014697,C00131,2026-03-25,CALL,P. Ibarra,DISPUTE_RAISED,
ACT-0000763,INV-0014697,C00131,2026-04-13,EMAIL,P. Ibarra,PROMISE_TO_PAY,2026-05-11
ACT-0000764,INV-0022294,C00205,2026-05-06,CALL,J. Villalobos,PROMISE_TO_PAY,2026-05-13
ACT-0000765,INV-0003002,C00027,2025-05-11,EMAIL,L. Moreno,PROMISE_TO_PAY,2025-06-11
ACT-0000766,INV-0003002,C00027,2025-08-05,STATEMENT,L. Moreno,INFO_REQUESTED,
ACT-0000767,INV-0003002,C00027,2025-06-23,STATEMENT,L. Moreno,PAYMENT_CONFIRMED,
ACT-0000768,INV-0011936,C00104,2026-05-11,EMAIL,V. Cardenas,PAYMENT_CONFIRMED,
ACT-0000769,INV-0011709,C00102,2026-02-28,EMAIL,N. Espinoza,PAYMENT_CONFIRMED,
ACT-0000770,INV-0011709,C00102,2026-04-10,CALL,N. Espinoza,PROMISE_TO_PAY,2026-05-05
ACT-0000771,INV-0011709,C00102,2026-05-06,CALL,N. Espinoza,INFO_REQUESTED,
ACT-0000772,INV-0011709,C00102,2026-05-22,EMAIL,N. Espinoza,PROMISE_TO_PAY,2026-06-22
ACT-0000773,INV-0007693,C00066,2026-06-28,EMAIL,A. Reyes,NO_ANSWER,
ACT-0000774,INV-0013504,C00120,2025-04-19,EMAIL,D. Aguilar,NO_ANSWER,
ACT-0000775,INV-0013504,C00120,2025-04-22,EMAIL,D. Aguilar,NO_ANSWER,
ACT-0000776,INV-0005615,C00049,2025-09-06,EMAIL,T. Rivas,INFO_REQUESTED,
ACT-0000777,INV-0005109,C00045,2025-07-27,CALL,S. Duarte,PAYMENT_CONFIRMED,
ACT-0000778,INV-0005109,C00045,2025-08-25,CALL,S. Duarte,PAYMENT_CONFIRMED,
ACT-0000779,INV-0005109,C00045,2025-09-21,STATEMENT,S. Duarte,PROMISE_TO_PAY,2025-10-15
ACT-0000780,INV-0005109,C00045,2025-09-18,EMAIL,S. Duarte,DISPUTE_RAISED,
ACT-0000781,INV-0025178,C00233,2026-05-16,EMAIL,R. Salazar,INFO_REQUESTED,
ACT-0000782,INV-0005797,C00050,2026-06-09,ESCALATION,A. Reyes,NO_ANSWER,
ACT-0000783,INV-0005797,C00050,2026-05-25,CALL,A. Reyes,DISPUTE_RAISED,
ACT-0000784,INV-0009005,C00078,2025-08-03,CALL,C. Fuentes,PROMISE_TO_PAY,2025-08-25
ACT-0000785,INV-0009005,C00078,2025-08-28,STATEMENT,C. Fuentes,INFO_REQUESTED,
ACT-0000786,INV-0009005,C00078,2025-07-29,EMAIL,C. Fuentes,PROMISE_TO_PAY,2025-08-27
ACT-0000787,INV-0009005,C00078,2025-09-22,EMAIL,C. Fuentes,NO_ANSWER,
ACT-0000788,INV-0023158,C00214,2025-05-07,EMAIL,S. Duarte,DISPUTE_RAISED,
ACT-0000789,INV-0023158,C00214,2025-07-18,STATEMENT,S. Duarte,PAYMENT_CONFIRMED,
ACT-0000790,INV-0021380,C00196,2026-02-25,STATEMENT,R. Salazar,NO_ANSWER,
ACT-0000791,INV-0021380,C00196,2026-03-26,CALL,R. Salazar,NO_ANSWER,
ACT-0000792,INV-0021380,C00196,2026-04-05,EMAIL,R. Salazar,PROMISE_TO_PAY,2026-04-30
ACT-0000793,INV-0007770,C00067,2026-01-31,STATEMENT,A. Reyes,NO_ANSWER,
ACT-0000794,INV-0007770,C00067,2025-12-08,EMAIL,A. Reyes,DISPUTE_RAISED,
ACT-0000795,INV-0007770,C00067,2026-01-27,EMAIL,A. Reyes,INFO_REQUESTED,
ACT-0000796,INV-0023533,C00217,2026-03-04,EMAIL,J. Villalobos,PROMISE_TO_PAY,2026-03-16
ACT-0000797,INV-0023533,C00217,2026-03-25,CALL,J. Villalobos,PROMISE_TO_PAY,2026-04-05
ACT-0000798,INV-0023533,C00217,2026-04-30,CALL,J. Villalobos,PAYMENT_CONFIRMED,
ACT-0000799,INV-0002562,C00023,2025-09-13,STATEMENT,C. Fuentes,NO_ANSWER,
ACT-0000800,INV-0019750,C00180,2026-06-28,STATEMENT,V. Cardenas,PAYMENT_CONFIRMED,
ACT-0000801,INV-0019750,C00180,2026-05-23,CALL,V. Cardenas,PROMISE_TO_PAY,2026-05-28
ACT-0000802,INV-0015625,C00140,2026-02-09,STATEMENT,P. Ibarra,DISPUTE_RAISED,
ACT-0000803,INV-0026828,C00249,2026-05-06,CALL,L. Moreno,DISPUTE_RAISED,
ACT-0000804,INV-0026828,C00249,2026-06-12,CALL,L. Moreno,PROMISE_TO_PAY,2026-07-02
ACT-0000805,INV-0026828,C00249,2026-05-29,CALL,L. Moreno,DISPUTE_RAISED,
ACT-0000806,INV-0022822,C00211,2025-06-26,EMAIL,D. Aguilar,NO_ANSWER,
ACT-0000807,INV-0022822,C00211,2025-08-29,CALL,D. Aguilar,INFO_REQUESTED,
ACT-0000808,INV-0022822,C00211,2025-06-23,EMAIL,D. Aguilar,NO_ANSWER,
ACT-0000809,INV-0022822,C00211,2025-08-26,EMAIL,D. Aguilar,INFO_REQUESTED,
ACT-0000810,INV-0008521,C00074,2025-04-25,CALL,L. Moreno,INFO_REQUESTED,
ACT-0000811,INV-0008521,C00074,2025-06-11,CALL,L. Moreno,DISPUTE_RAISED,
ACT-0000812,INV-0008521,C00074,2025-05-23,EMAIL,L. Moreno,PAYMENT_CONFIRMED,
ACT-0000813,INV-0008521,C00074,2025-06-26,STATEMENT,L. Moreno,DISPUTE_RAISED,
ACT-0000814,INV-0005670,C00049,2026-06-30,EMAIL,T. Rivas,PAYMENT_CONFIRMED,
ACT-0000815,INV-0005670,C00049,2026-05-20,STATEMENT,T. Rivas,PROMISE_TO_PAY,2026-05-26
ACT-0000816,INV-0005670,C00049,2026-06-25,EMAIL,T. Rivas,PROMISE_TO_PAY,2026-07-03
ACT-0000817,INV-0005670,C00049,2026-05-23,CALL,T. Rivas,PROMISE_TO_PAY,2026-06-25
ACT-0000818,INV-0017871,C00162,2026-04-22,CALL,R. Salazar,PROMISE_TO_PAY,2026-05-20
ACT-0000819,INV-0017871,C00162,2026-04-23,CALL,R. Salazar,PROMISE_TO_PAY,2026-05-17
ACT-0000820,INV-0000917,C00009,2025-05-09,CALL,A. Reyes,PROMISE_TO_PAY,2025-06-09
ACT-0000821,INV-0023413,C00216,2026-03-31,CALL,S. Duarte,NO_ANSWER,
ACT-0000822,INV-0017213,C00156,2025-11-09,CALL,T. Rivas,NO_ANSWER,
ACT-0000823,INV-0020895,C00192,2025-08-21,CALL,C. Fuentes,INFO_REQUESTED,
ACT-0000824,INV-0013476,C00119,2026-05-29,EMAIL,B. Quintana,DISPUTE_RAISED,
ACT-0000825,INV-0013476,C00119,2026-05-18,ESCALATION,B. Quintana,INFO_REQUESTED,
ACT-0000826,INV-0029170,C00275,2025-12-26,CALL,A. Reyes,NO_ANSWER,
ACT-0000827,INV-0029170,C00275,2025-11-09,CALL,A. Reyes,DISPUTE_RAISED,
ACT-0000828,INV-0029170,C00275,2026-01-30,CALL,A. Reyes,PROMISE_TO_PAY,2026-03-08
ACT-0000829,INV-0029170,C00275,2026-02-03,EMAIL,A. Reyes,NO_ANSWER,
ACT-0000830,INV-0007327,C00063,2026-05-12,EMAIL,C. Fuentes,PROMISE_TO_PAY,2026-06-05
ACT-0000831,INV-0007327,C00063,2026-04-28,CALL,C. Fuentes,NO_ANSWER,
ACT-0000832,INV-0007327,C00063,2026-05-25,ESCALATION,C. Fuentes,INFO_REQUESTED,
ACT-0000833,INV-0008851,C00076,2026-06-21,EMAIL,R. Salazar,PROMISE_TO_PAY,2026-06-30
ACT-0000834,INV-0009463,C00082,2025-03-22,STATEMENT,R. Salazar,PROMISE_TO_PAY,2025-04-01
ACT-0000835,INV-0016991,C00154,2025-09-05,CALL,J. Villalobos,NO_ANSWER,
ACT-0000836,INV-0016991,C00154,2025-10-13,CALL,J. Villalobos,INFO_REQUESTED,
ACT-0000837,INV-0016991,C00154,2025-11-08,ESCALATION,J. Villalobos,PROMISE_TO_PAY,2025-12-02
ACT-0000838,INV-0006302,C00055,2025-05-10,EMAIL,B. Quintana,PROMISE_TO_PAY,2025-06-14
ACT-0000839,INV-0006246,C00054,2026-04-04,EMAIL,G. Montoya,PROMISE_TO_PAY,2026-04-13
ACT-0000840,INV-0006246,C00054,2026-04-09,EMAIL,G. Montoya,PAYMENT_CONFIRMED,
ACT-0000841,INV-0011185,C00097,2025-07-21,EMAIL,P. Ibarra,NO_ANSWER,
ACT-0000842,INV-0011185,C00097,2025-08-18,CALL,P. Ibarra,PROMISE_TO_PAY,2025-09-02
ACT-0000843,INV-0003981,C00035,2026-04-29,CALL,V. Cardenas,PAYMENT_CONFIRMED,
ACT-0000844,INV-0003981,C00035,2026-05-15,EMAIL,V. Cardenas,PROMISE_TO_PAY,2026-05-22
ACT-0000845,INV-0003981,C00035,2026-05-14,EMAIL,V. Cardenas,PAYMENT_CONFIRMED,
ACT-0000846,INV-0003981,C00035,2026-05-25,EMAIL,V. Cardenas,DISPUTE_RAISED,
ACT-0000847,INV-0007783,C00067,2026-03-26,CALL,A. Reyes,PROMISE_TO_PAY,2026-04-22
ACT-0000848,INV-0007783,C00067,2026-04-16,EMAIL,A. Reyes,NO_ANSWER,
ACT-0000849,INV-0007783,C00067,2026-04-05,ESCALATION,A. Reyes,NO_ANSWER,
ACT-0000850,INV-0013630,C00121,2025-10-02,ESCALATION,R. Salazar,DISPUTE_RAISED,
ACT-0000851,INV-0013630,C00121,2025-10-20,CALL,R. Salazar,DISPUTE_RAISED,
ACT-0000852,INV-0013630,C00121,2025-08-25,CALL,R. Salazar,PAYMENT_CONFIRMED,
ACT-0000853,INV-0013630,C00121,2025-09-22,STATEMENT,R. Salazar,PROMISE_TO_PAY,2025-10-16
ACT-0000854,INV-0005271,C00046,2026-03-15,EMAIL,V. Cardenas,INFO_REQUESTED,
ACT-0000855,INV-0005271,C00046,2026-05-05,CALL,V. Cardenas,PAYMENT_CONFIRMED,
ACT-0000856,INV-0005271,C00046,2026-04-15,CALL,V. Cardenas,PROMISE_TO_PAY,2026-05-01
ACT-0000857,INV-0024190,C00224,2025-05-01,STATEMENT,A. Reyes,PROMISE_TO_PAY,2025-05-14
ACT-0000858,INV-0024190,C00224,2025-04-26,CALL,A. Reyes,PAYMENT_CONFIRMED,
ACT-0000859,INV-0024190,C00224,2025-04-20,CALL,A. Reyes,PROMISE_TO_PAY,2025-05-10
ACT-0000860,INV-0024190,C00224,2025-07-02,EMAIL,A. Reyes,NO_ANSWER,
ACT-0000861,INV-0006211,C00054,2025-09-12,CALL,G. Montoya,PROMISE_TO_PAY,2025-10-03
ACT-0000862,INV-0006211,C00054,2025-11-08,EMAIL,G. Montoya,PAYMENT_CONFIRMED,
ACT-0000863,INV-0006211,C00054,2025-12-04,CALL,G. Montoya,DISPUTE_RAISED,
ACT-0000864,INV-0006211,C00054,2025-11-03,EMAIL,G. Montoya,PROMISE_TO_PAY,2025-12-11
ACT-0000865,INV-0016018,C00144,2026-03-22,EMAIL,B. Quintana,INFO_REQUESTED,
ACT-0000866,INV-0016018,C00144,2026-05-07,EMAIL,B. Quintana,INFO_REQUESTED,
ACT-0000867,INV-0020601,C00189,2025-08-14,EMAIL,M. Contreras,INFO_REQUESTED,
ACT-0000868,INV-0020601,C00189,2025-08-25,STATEMENT,M. Contreras,NO_ANSWER,
ACT-0000869,INV-0020601,C00189,2025-09-07,EMAIL,M. Contreras,NO_ANSWER,
ACT-0000870,INV-0020601,C00189,2025-09-01,EMAIL,M. Contreras,NO_ANSWER,
ACT-0000871,INV-0014690,C00131,2026-04-08,EMAIL,P. Ibarra,INFO_REQUESTED,
ACT-0000872,INV-0014690,C00131,2026-04-28,EMAIL,P. Ibarra,PROMISE_TO_PAY,2026-05-05
ACT-0000873,INV-0007312,C00063,2026-02-02,CALL,C. Fuentes,PAYMENT_CONFIRMED,
ACT-0000874,INV-0007312,C00063,2026-03-28,CALL,C. Fuentes,PROMISE_TO_PAY,2026-04-20
ACT-0000875,INV-0003539,C00031,2026-06-06,ESCALATION,N. Espinoza,PROMISE_TO_PAY,2026-07-03
ACT-0000876,INV-0003539,C00031,2026-06-03,EMAIL,N. Espinoza,PROMISE_TO_PAY,2026-07-10
ACT-0000877,INV-0003539,C00031,2026-06-16,EMAIL,N. Espinoza,DISPUTE_RAISED,
ACT-0000878,INV-0028681,C00268,2026-06-11,EMAIL,P. Ibarra,PAYMENT_CONFIRMED,
ACT-0000879,INV-0012055,C00106,2025-04-10,CALL,D. Aguilar,PAYMENT_CONFIRMED,
ACT-0000880,INV-0025712,C00239,2025-04-08,EMAIL,B. Quintana,PROMISE_TO_PAY,2025-04-30
ACT-0000881,INV-0025712,C00239,2025-05-12,EMAIL,B. Quintana,NO_ANSWER,
ACT-0000882,INV-0025712,C00239,2025-06-03,EMAIL,B. Quintana,PAYMENT_CONFIRMED,
ACT-0000883,INV-0025150,C00233,2026-01-05,EMAIL,R. Salazar,PAYMENT_CONFIRMED,
ACT-0000884,INV-0001100,C00010,2026-03-26,EMAIL,F. Zamora,PAYMENT_CONFIRMED,
ACT-0000885,INV-0001100,C00010,2026-04-17,STATEMENT,F. Zamora,PROMISE_TO_PAY,2026-05-22
ACT-0000886,INV-0001100,C00010,2026-03-14,ESCALATION,F. Zamora,PROMISE_TO_PAY,2026-04-10
ACT-0000887,INV-0029464,C00279,2026-01-30,EMAIL,T. Rivas,DISPUTE_RAISED,
ACT-0000888,INV-0029464,C00279,2026-03-09,EMAIL,T. Rivas,PROMISE_TO_PAY,2026-04-11
ACT-0000889,INV-0008533,C00074,2025-05-27,CALL,L. Moreno,PAYMENT_CONFIRMED,
ACT-0000890,INV-0002342,C00021,2025-08-06,EMAIL,B. Quintana,PAYMENT_CONFIRMED,
ACT-0000891,INV-0002342,C00021,2025-06-24,STATEMENT,B. Quintana,NO_ANSWER,
ACT-0000892,INV-0029187,C00275,2026-02-21,EMAIL,A. Reyes,PROMISE_TO_PAY,2026-03-06
ACT-0000893,INV-0029187,C00275,2026-03-02,EMAIL,A. Reyes,DISPUTE_RAISED,
ACT-0000894,INV-0020843,C00191,2026-05-16,STATEMENT,T. Rivas,PAYMENT_CONFIRMED,
ACT-0000895,INV-0003265,C00029,2025-11-21,STATEMENT,C. Fuentes,INFO_REQUESTED,
ACT-0000896,INV-0003265,C00029,2025-12-25,CALL,C. Fuentes,INFO_REQUESTED,
ACT-0000897,INV-0003265,C00029,2025-12-15,CALL,C. Fuentes,PAYMENT_CONFIRMED,
ACT-0000898,INV-0003265,C00029,2026-03-06,CALL,C. Fuentes,PROMISE_TO_PAY,2026-04-12
ACT-0000899,INV-0008878,C00077,2025-06-04,EMAIL,P. Ibarra,NO_ANSWER,
ACT-0000900,INV-0005569,C00048,2026-06-13,CALL,T. Rivas,NO_ANSWER,
ACT-0000901,INV-0027921,C00260,2026-03-17,CALL,F. Zamora,PROMISE_TO_PAY,2026-03-22
ACT-0000902,INV-0027921,C00260,2026-01-15,EMAIL,F. Zamora,INFO_REQUESTED,
ACT-0000903,INV-0027921,C00260,2026-03-23,CALL,F. Zamora,PROMISE_TO_PAY,2026-04-09
ACT-0000904,INV-0022190,C00204,2026-05-25,EMAIL,N. Espinoza,INFO_REQUESTED,
ACT-0000905,INV-0022190,C00204,2026-05-10,CALL,N. Espinoza,PROMISE_TO_PAY,2026-06-05
ACT-0000906,INV-0022190,C00204,2026-04-26,STATEMENT,N. Espinoza,PAYMENT_CONFIRMED,
ACT-0000907,INV-0022190,C00204,2026-06-08,CALL,N. Espinoza,NO_ANSWER,
ACT-0000908,INV-0023992,C00222,2025-06-06,EMAIL,F. Zamora,NO_ANSWER,
ACT-0000909,INV-0023992,C00222,2025-05-15,CALL,F. Zamora,PROMISE_TO_PAY,2025-05-24
ACT-0000910,INV-0023992,C00222,2025-08-09,EMAIL,F. Zamora,NO_ANSWER,
ACT-0000911,INV-0023992,C00222,2025-07-05,EMAIL,F. Zamora,PROMISE_TO_PAY,2025-07-12
ACT-0000912,INV-0026761,C00249,2025-07-18,EMAIL,L. Moreno,DISPUTE_RAISED,
ACT-0000913,INV-0026761,C00249,2025-10-13,EMAIL,L. Moreno,PROMISE_TO_PAY,2025-11-01
ACT-0000914,INV-0026761,C00249,2025-10-07,ESCALATION,L. Moreno,PROMISE_TO_PAY,2025-10-17
ACT-0000915,INV-0026761,C00249,2025-09-28,EMAIL,L. Moreno,PROMISE_TO_PAY,2025-10-24
ACT-0000916,INV-0023802,C00220,2025-11-20,CALL,B. Quintana,PAYMENT_CONFIRMED,
ACT-0000917,INV-0023802,C00220,2025-12-03,CALL,B. Quintana,PROMISE_TO_PAY,2026-01-05
ACT-0000918,INV-0023802,C00220,2025-10-08,EMAIL,B. Quintana,NO_ANSWER,
ACT-0000919,INV-0015122,C00135,2026-03-23,EMAIL,M. Contreras,PROMISE_TO_PAY,2026-04-08
ACT-0000920,INV-0015122,C00135,2026-01-29,EMAIL,M. Contreras,PROMISE_TO_PAY,2026-02-22
ACT-0000921,INV-0018509,C00169,2025-03-07,STATEMENT,T. Rivas,NO_ANSWER,
ACT-0000922,INV-0018509,C00169,2025-05-21,CALL,T. Rivas,PAYMENT_CONFIRMED,
ACT-0000923,INV-0018509,C00169,2025-05-25,CALL,T. Rivas,DISPUTE_RAISED,
ACT-0000924,INV-0016743,C00151,2026-06-09,STATEMENT,N. Espinoza,PROMISE_TO_PAY,2026-07-04
ACT-0000925,INV-0016743,C00151,2026-06-08,EMAIL,N. Espinoza,DISPUTE_RAISED,
ACT-0000926,INV-0003030,C00027,2025-11-19,CALL,L. Moreno,PROMISE_TO_PAY,2025-12-20
ACT-0000927,INV-0001200,C00011,2025-09-27,ESCALATION,R. Salazar,DISPUTE_RAISED,
ACT-0000928,INV-0001200,C00011,2025-12-18,EMAIL,R. Salazar,NO_ANSWER,
ACT-0000929,INV-0020958,C00192,2026-05-21,STATEMENT,C. Fuentes,NO_ANSWER,
ACT-0000930,INV-0012346,C00109,2025-03-10,CALL,T. Rivas,PAYMENT_CONFIRMED,
ACT-0000931,INV-0012346,C00109,2025-04-04,CALL,T. Rivas,NO_ANSWER,
ACT-0000932,INV-0012346,C00109,2025-04-19,CALL,T. Rivas,NO_ANSWER,
ACT-0000933,INV-0002150,C00019,2026-04-01,EMAIL,C. Fuentes,PAYMENT_CONFIRMED,
ACT-0000934,INV-0002150,C00019,2026-01-25,EMAIL,C. Fuentes,INFO_REQUESTED,
ACT-0000935,INV-0002150,C00019,2026-02-24,STATEMENT,C. Fuentes,NO_ANSWER,
ACT-0000936,INV-0002150,C00019,2026-03-19,EMAIL,C. Fuentes,NO_ANSWER,
ACT-0000937,INV-0030241,C00290,2026-05-17,EMAIL,M. Contreras,NO_ANSWER,
ACT-0000938,INV-0003525,C00031,2026-05-19,EMAIL,N. Espinoza,DISPUTE_RAISED,
ACT-0000939,INV-0010207,C00088,2025-10-09,EMAIL,R. Salazar,PROMISE_TO_PAY,2025-11-04
ACT-0000940,INV-0010341,C00089,2026-03-09,EMAIL,R. Salazar,PROMISE_TO_PAY,2026-03-15
ACT-0000941,INV-0010341,C00089,2026-02-19,CALL,R. Salazar,INFO_REQUESTED,
ACT-0000942,INV-0010341,C00089,2026-03-21,ESCALATION,R. Salazar,PROMISE_TO_PAY,2026-04-04
ACT-0000943,INV-0016912,C00153,2026-02-21,STATEMENT,L. Moreno,DISPUTE_RAISED,
ACT-0000944,INV-0020004,C00183,2025-06-06,CALL,F. Zamora,DISPUTE_RAISED,
ACT-0000945,INV-0020004,C00183,2025-06-19,CALL,F. Zamora,PROMISE_TO_PAY,2025-07-16
ACT-0000946,INV-0004046,C00036,2025-09-27,EMAIL,C. Fuentes,NO_ANSWER,
ACT-0000947,INV-0004046,C00036,2025-10-01,EMAIL,C. Fuentes,PROMISE_TO_PAY,2025-10-11
ACT-0000948,INV-0004046,C00036,2025-12-08,STATEMENT,C. Fuentes,PROMISE_TO_PAY,2025-12-20
ACT-0000949,INV-0004046,C00036,2025-10-10,EMAIL,C. Fuentes,NO_ANSWER,
ACT-0000950,INV-0001814,C00016,2026-02-21,EMAIL,N. Espinoza,NO_ANSWER,
ACT-0000951,INV-0001814,C00016,2026-01-03,CALL,N. Espinoza,INFO_REQUESTED,
ACT-0000952,INV-0012552,C00111,2025-06-14,EMAIL,G. Montoya,PROMISE_TO_PAY,2025-06-23
ACT-0000953,INV-0012552,C00111,2025-06-23,EMAIL,G. Montoya,NO_ANSWER,
ACT-0000954,INV-0012552,C00111,2025-07-01,CALL,G. Montoya,PAYMENT_CONFIRMED,
ACT-0000955,INV-0007991,C00069,2025-09-21,CALL,F. Zamora,PAYMENT_CONFIRMED,
ACT-0000956,INV-0007991,C00069,2025-11-22,CALL,F. Zamora,PROMISE_TO_PAY,2025-12-17
ACT-0000957,INV-0007991,C00069,2025-11-10,EMAIL,F. Zamora,NO_ANSWER,
ACT-0000958,INV-0007991,C00069,2025-11-10,CALL,F. Zamora,INFO_REQUESTED,
ACT-0000959,INV-0002381,C00021,2025-12-10,CALL,B. Quintana,DISPUTE_RAISED,
ACT-0000960,INV-0002381,C00021,2026-02-24,STATEMENT,B. Quintana,DISPUTE_RAISED,
ACT-0000961,INV-0002381,C00021,2025-12-27,EMAIL,B. Quintana,DISPUTE_RAISED,
ACT-0000962,INV-0007084,C00061,2026-05-08,CALL,M. Contreras,DISPUTE_RAISED,
ACT-0000963,INV-0007084,C00061,2026-04-10,STATEMENT,M. Contreras,PROMISE_TO_PAY,2026-05-08
ACT-0000964,INV-0006938,C00060,2025-11-20,STATEMENT,P. Ibarra,PAYMENT_CONFIRMED,
ACT-0000965,INV-0006938,C00060,2025-12-18,EMAIL,P. Ibarra,PAYMENT_CONFIRMED,
ACT-0000966,INV-0010027,C00086,2026-06-03,EMAIL,J. Villalobos,NO_ANSWER,
ACT-0000967,INV-0009132,C00079,2025-09-25,EMAIL,B. Quintana,NO_ANSWER,
ACT-0000968,INV-0009132,C00079,2025-09-12,ESCALATION,B. Quintana,PROMISE_TO_PAY,2025-09-20
ACT-0000969,INV-0030415,C00293,2025-09-09,EMAIL,J. Villalobos,INFO_REQUESTED,
ACT-0000970,INV-0030415,C00293,2025-12-05,EMAIL,J. Villalobos,DISPUTE_RAISED,
ACT-0000971,INV-0030415,C00293,2025-11-04,CALL,J. Villalobos,INFO_REQUESTED,
ACT-0000972,INV-0022506,C00208,2025-03-10,EMAIL,B. Quintana,DISPUTE_RAISED,
ACT-0000973,INV-0022506,C00208,2025-05-15,EMAIL,B. Quintana,PROMISE_TO_PAY,2025-05-30
ACT-0000974,INV-0022506,C00208,2025-05-16,EMAIL,B. Quintana,PROMISE_TO_PAY,2025-06-08
ACT-0000975,INV-0022506,C00208,2025-06-05,CALL,B. Quintana,PROMISE_TO_PAY,2025-07-14
ACT-0000976,INV-0002554,C00023,2025-08-04,EMAIL,C. Fuentes,PAYMENT_CONFIRMED,
ACT-0000977,INV-0002554,C00023,2025-07-06,CALL,C. Fuentes,PAYMENT_CONFIRMED,
ACT-0000978,INV-0002554,C00023,2025-09-25,CALL,C. Fuentes,PROMISE_TO_PAY,2025-10-31
ACT-0000979,INV-0002554,C00023,2025-08-23,ESCALATION,C. Fuentes,PAYMENT_CONFIRMED,
ACT-0000980,INV-0025261,C00234,2026-03-15,EMAIL,V. Cardenas,PROMISE_TO_PAY,2026-04-13
ACT-0000981,INV-0025261,C00234,2026-03-05,EMAIL,V. Cardenas,DISPUTE_RAISED,
ACT-0000982,INV-0025261,C00234,2026-02-10,EMAIL,V. Cardenas,PAYMENT_CONFIRMED,
ACT-0000983,INV-0017041,C00154,2026-06-16,EMAIL,J. Villalobos,DISPUTE_RAISED,
ACT-0000984,INV-0030103,C00288,2026-02-26,CALL,L. Moreno,PROMISE_TO_PAY,2026-03-05
ACT-0000985,INV-0030103,C00288,2026-02-22,STATEMENT,L. Moreno,PAYMENT_CONFIRMED,
ACT-0000986,INV-0030103,C00288,2026-03-16,ESCALATION,L. Moreno,NO_ANSWER,
ACT-0000987,INV-0006130,C00053,2026-05-18,STATEMENT,M. Contreras,INFO_REQUESTED,
ACT-0000988,INV-0006130,C00053,2026-03-14,CALL,M. Contreras,NO_ANSWER,
ACT-0000989,INV-0006130,C00053,2026-04-23,EMAIL,M. Contreras,INFO_REQUESTED,
ACT-0000990,INV-0006130,C00053,2026-06-29,CALL,M. Contreras,NO_ANSWER,
ACT-0000991,INV-0006693,C00058,2025-11-29,CALL,M. Contreras,NO_ANSWER,
ACT-0000992,INV-0006693,C00058,2025-12-17,EMAIL,M. Contreras,NO_ANSWER,
ACT-0000993,INV-0006693,C00058,2025-12-30,STATEMENT,M. Contreras,PROMISE_TO_PAY,2026-02-07
ACT-0000994,INV-0030022,C00287,2026-02-21,CALL,C. Fuentes,PAYMENT_CONFIRMED,
ACT-0000995,INV-0020017,C00183,2025-11-13,ESCALATION,F. Zamora,PROMISE_TO_PAY,2025-12-10
ACT-0000996,INV-0020017,C00183,2025-11-12,STATEMENT,F. Zamora,PROMISE_TO_PAY,2025-12-19
ACT-0000997,INV-0020017,C00183,2025-10-18,ESCALATION,F. Zamora,INFO_REQUESTED,
ACT-0000998,INV-0020017,C00183,2025-11-28,EMAIL,F. Zamora,PROMISE_TO_PAY,2025-12-29
ACT-0000999,INV-0006358,C00055,2026-02-15,EMAIL,B. Quintana,INFO_REQUESTED,
ACT-0001000,INV-0024296,C00225,2025-05-04,EMAIL,T. Rivas,DISPUTE_RAISED,
ACT-0001001,INV-0009389,C00081,2025-12-19,CALL,T. Rivas,DISPUTE_RAISED,
ACT-0001002,INV-0009389,C00081,2025-12-12,EMAIL,T. Rivas,PROMISE_TO_PAY,2025-12-27
ACT-0001003,INV-0009389,C00081,2025-12-15,CALL,T. Rivas,DISPUTE_RAISED,
ACT-0001004,INV-0011982,C00105,2025-08-18,EMAIL,J. Villalobos,INFO_REQUESTED,
ACT-0001005,INV-0011982,C00105,2025-06-12,EMAIL,J. Villalobos,PROMISE_TO_PAY,2025-07-17
ACT-0001006,INV-0011982,C00105,2025-08-30,STATEMENT,J. Villalobos,PROMISE_TO_PAY,2025-09-10
ACT-0001007,INV-0008694,C00075,2026-01-25,EMAIL,D. Aguilar,PAYMENT_CONFIRMED,
ACT-0001008,INV-0023377,C00216,2025-09-15,STATEMENT,S. Duarte,PROMISE_TO_PAY,2025-10-08
ACT-0001009,INV-0023377,C00216,2025-08-24,EMAIL,S. Duarte,NO_ANSWER,
ACT-0001010,INV-0023377,C00216,2025-11-15,ESCALATION,S. Duarte,DISPUTE_RAISED,
ACT-0001011,INV-0023377,C00216,2025-11-22,EMAIL,S. Duarte,NO_ANSWER,
ACT-0001012,INV-0024485,C00227,2025-02-15,STATEMENT,L. Moreno,PAYMENT_CONFIRMED,
ACT-0001013,INV-0024485,C00227,2025-05-10,EMAIL,L. Moreno,NO_ANSWER,
ACT-0001014,INV-0002284,C00020,2026-03-20,CALL,A. Reyes,PROMISE_TO_PAY,2026-04-07
ACT-0001015,INV-0002284,C00020,2026-04-07,EMAIL,A. Reyes,INFO_REQUESTED,
ACT-0001016,INV-0002284,C00020,2026-04-07,STATEMENT,A. Reyes,DISPUTE_RAISED,
ACT-0001017,INV-0002284,C00020,2026-03-28,EMAIL,A. Reyes,NO_ANSWER,
ACT-0001018,INV-0020284,C00186,2025-04-14,EMAIL,N. Espinoza,NO_ANSWER,
ACT-0001019,INV-0020284,C00186,2025-03-16,CALL,N. Espinoza,INFO_REQUESTED,
ACT-0001020,INV-0018322,C00167,2025-06-13,CALL,V. Cardenas,PAYMENT_CONFIRMED,
ACT-0001021,INV-0018322,C00167,2025-08-01,EMAIL,V. Cardenas,PAYMENT_CONFIRMED,
ACT-0001022,INV-0019784,C00181,2025-06-14,EMAIL,A. Reyes,PROMISE_TO_PAY,2025-07-11
ACT-0001023,INV-0019784,C00181,2025-06-08,CALL,A. Reyes,INFO_REQUESTED,
ACT-0001024,INV-0019784,C00181,2025-06-01,EMAIL,A. Reyes,PROMISE_TO_PAY,2025-06-28
ACT-0001025,INV-0019784,C00181,2025-08-03,EMAIL,A. Reyes,PROMISE_TO_PAY,2025-09-06
ACT-0001026,INV-0001668,C00015,2025-10-02,CALL,D. Aguilar,PROMISE_TO_PAY,2025-11-03
ACT-0001027,INV-0003699,C00033,2025-08-24,CALL,L. Moreno,DISPUTE_RAISED,
ACT-0001028,INV-0003699,C00033,2025-09-01,EMAIL,L. Moreno,NO_ANSWER,
ACT-0001029,INV-0003699,C00033,2025-09-29,CALL,L. Moreno,NO_ANSWER,
ACT-0001030,INV-0017357,C00157,2026-04-28,STATEMENT,F. Zamora,DISPUTE_RAISED,
ACT-0001031,INV-0017357,C00157,2026-05-17,EMAIL,F. Zamora,DISPUTE_RAISED,
ACT-0001032,INV-0030405,C00293,2025-09-07,CALL,J. Villalobos,PROMISE_TO_PAY,2025-10-07
ACT-0001033,INV-0030405,C00293,2025-07-29,CALL,J. Villalobos,PROMISE_TO_PAY,2025-09-04
ACT-0001034,INV-0030405,C00293,2025-10-14,EMAIL,J. Villalobos,INFO_REQUESTED,
ACT-0001035,INV-0030405,C00293,2025-08-11,CALL,J. Villalobos,DISPUTE_RAISED,
ACT-0001036,INV-0010192,C00088,2025-09-14,CALL,R. Salazar,NO_ANSWER,
ACT-0001037,INV-0010192,C00088,2025-09-30,EMAIL,R. Salazar,PROMISE_TO_PAY,2025-10-11
ACT-0001038,INV-0008002,C00069,2025-11-11,STATEMENT,F. Zamora,INFO_REQUESTED,
ACT-0001039,INV-0022866,C00211,2026-01-14,EMAIL,D. Aguilar,PROMISE_TO_PAY,2026-01-27
ACT-0001040,INV-0001282,C00012,2025-08-08,CALL,C. Fuentes,PROMISE_TO_PAY,2025-08-29
ACT-0001041,INV-0001282,C00012,2025-07-11,EMAIL,C. Fuentes,NO_ANSWER,
ACT-0001042,INV-0001282,C00012,2025-06-13,EMAIL,C. Fuentes,PAYMENT_CONFIRMED,
ACT-0001043,INV-0027216,C00253,2026-03-14,CALL,T. Rivas,NO_ANSWER,
ACT-0001044,INV-0027216,C00253,2026-06-04,CALL,T. Rivas,DISPUTE_RAISED,
ACT-0001045,INV-0027216,C00253,2026-04-08,CALL,T. Rivas,DISPUTE_RAISED,
ACT-0001046,INV-0011880,C00104,2025-09-23,CALL,V. Cardenas,INFO_REQUESTED,
ACT-0001047,INV-0017036,C00154,2026-05-18,CALL,J. Villalobos,INFO_REQUESTED,
ACT-0001048,INV-0017036,C00154,2026-06-30,EMAIL,J. Villalobos,PROMISE_TO_PAY,2026-07-24
ACT-0001049,INV-0000001,C00001,2025-04-15,EMAIL,B. Quintana,NO_ANSWER,
ACT-0001050,INV-0000001,C00001,2025-04-22,CALL,B. Quintana,NO_ANSWER,
ACT-0001051,INV-0017542,C00159,2025-11-13,EMAIL,A. Reyes,NO_ANSWER,
ACT-0001052,INV-0017542,C00159,2026-01-09,STATEMENT,A. Reyes,PROMISE_TO_PAY,2026-02-09
ACT-0001053,INV-0017542,C00159,2026-02-01,CALL,A. Reyes,DISPUTE_RAISED,
ACT-0001054,INV-0017542,C00159,2026-02-06,EMAIL,A. Reyes,PROMISE_TO_PAY,2026-03-17
ACT-0001055,INV-0020346,C00186,2026-03-20,STATEMENT,N. Espinoza,PROMISE_TO_PAY,2026-04-21
ACT-0001056,INV-0020346,C00186,2026-03-03,CALL,N. Espinoza,PAYMENT_CONFIRMED,
ACT-0001057,INV-0013766,C00122,2026-02-15,ESCALATION,V. Cardenas,INFO_REQUESTED,
ACT-0001058,INV-0013766,C00122,2026-01-13,EMAIL,V. Cardenas,PAYMENT_CONFIRMED,
ACT-0001059,INV-0013766,C00122,2026-03-17,CALL,V. Cardenas,PROMISE_TO_PAY,2026-03-30
ACT-0001060,INV-0025280,C00234,2026-05-02,EMAIL,V. Cardenas,PAYMENT_CONFIRMED,
ACT-0001061,INV-0028404,C00265,2025-08-23,EMAIL,F. Zamora,PROMISE_TO_PAY,2025-09-22
ACT-0001062,INV-0009265,C00080,2025-12-20,EMAIL,L. Moreno,PAYMENT_CONFIRMED,
ACT-0001063,INV-0009265,C00080,2026-02-07,EMAIL,L. Moreno,NO_ANSWER,
ACT-0001064,INV-0009265,C00080,2026-01-23,CALL,L. Moreno,PROMISE_TO_PAY,2026-01-29
ACT-0001065,INV-0009265,C00080,2025-12-12,CALL,L. Moreno,PROMISE_TO_PAY,2026-01-20
ACT-0001066,INV-0019726,C00180,2026-01-03,EMAIL,V. Cardenas,NO_ANSWER,
ACT-0001067,INV-0019726,C00180,2026-01-13,STATEMENT,V. Cardenas,PAYMENT_CONFIRMED,
ACT-0001068,INV-0006727,C00058,2026-04-15,CALL,M. Contreras,NO_ANSWER,
ACT-0001069,INV-0006727,C00058,2026-02-13,EMAIL,M. Contreras,INFO_REQUESTED,
ACT-0001070,INV-0006727,C00058,2026-04-18,EMAIL,M. Contreras,INFO_REQUESTED,
ACT-0001071,INV-0020837,C00191,2026-04-19,STATEMENT,T. Rivas,PAYMENT_CONFIRMED,
ACT-0001072,INV-0020837,C00191,2026-03-29,ESCALATION,T. Rivas,NO_ANSWER,
ACT-0001073,INV-0003827,C00034,2025-11-20,ESCALATION,L. Moreno,NO_ANSWER,
ACT-0001074,INV-0003827,C00034,2025-11-17,ESCALATION,L. Moreno,PAYMENT_CONFIRMED,
ACT-0001075,INV-0005019,C00044,2025-10-17,CALL,B. Quintana,NO_ANSWER,
ACT-0001076,INV-0009539,C00082,2026-04-04,EMAIL,R. Salazar,PROMISE_TO_PAY,2026-04-14
ACT-0001077,INV-0009539,C00082,2026-04-13,CALL,R. Salazar,INFO_REQUESTED,
ACT-0001078,INV-0012781,C00113,2025-08-11,CALL,C. Fuentes,PAYMENT_CONFIRMED,
ACT-0001079,INV-0014963,C00134,2025-05-04,EMAIL,V. Cardenas,NO_ANSWER,
ACT-0001080,INV-0008072,C00070,2025-05-18,CALL,B. Quintana,PROMISE_TO_PAY,2025-05-31
ACT-0001081,INV-0008072,C00070,2025-05-28,EMAIL,B. Quintana,NO_ANSWER,
ACT-0001082,INV-0008072,C00070,2025-05-20,CALL,B. Quintana,PAYMENT_CONFIRMED,
ACT-0001083,INV-0008072,C00070,2025-07-29,EMAIL,B. Quintana,NO_ANSWER,
ACT-0001084,INV-0019596,C00179,2025-09-18,EMAIL,N. Espinoza,PROMISE_TO_PAY,2025-09-24
ACT-0001085,INV-0019596,C00179,2025-10-27,EMAIL,N. Espinoza,NO_ANSWER,
ACT-0001086,INV-0019596,C00179,2025-09-18,CALL,N. Espinoza,DISPUTE_RAISED,
ACT-0001087,INV-0019596,C00179,2025-09-05,ESCALATION,N. Espinoza,PROMISE_TO_PAY,2025-09-12
ACT-0001088,INV-0003491,C00031,2026-01-12,EMAIL,N. Espinoza,PAYMENT_CONFIRMED,
ACT-0001089,INV-0003491,C00031,2025-11-14,CALL,N. Espinoza,DISPUTE_RAISED,
ACT-0001090,INV-0003491,C00031,2025-11-19,CALL,N. Espinoza,INFO_REQUESTED,
ACT-0001091,INV-0018463,C00168,2026-03-06,CALL,B. Quintana,PROMISE_TO_PAY,2026-04-10
ACT-0001092,INV-0018463,C00168,2026-03-01,CALL,B. Quintana,NO_ANSWER,
ACT-0001093,INV-0014017,C00125,2025-06-07,CALL,P. Ibarra,PROMISE_TO_PAY,2025-06-27
ACT-0001094,INV-0014017,C00125,2025-07-04,EMAIL,P. Ibarra,INFO_REQUESTED,
ACT-0001095,INV-0014017,C00125,2025-05-31,EMAIL,P. Ibarra,NO_ANSWER,
ACT-0001096,INV-0014017,C00125,2025-05-22,ESCALATION,P. Ibarra,NO_ANSWER,
ACT-0001097,INV-0002844,C00025,2026-05-10,CALL,B. Quintana,PROMISE_TO_PAY,2026-06-15
ACT-0001098,INV-0002844,C00025,2026-05-15,EMAIL,B. Quintana,PROMISE_TO_PAY,2026-06-09
ACT-0001099,INV-0002844,C00025,2026-05-25,EMAIL,B. Quintana,PROMISE_TO_PAY,2026-06-04
ACT-0001100,INV-0014576,C00130,2026-02-11,EMAIL,P. Ibarra,PROMISE_TO_PAY,2026-03-09
ACT-0001101,INV-0014576,C00130,2025-12-25,STATEMENT,P. Ibarra,INFO_REQUESTED,
ACT-0001102,INV-0014576,C00130,2026-01-29,STATEMENT,P. Ibarra,PAYMENT_CONFIRMED,
ACT-0001103,INV-0011989,C00105,2025-07-30,STATEMENT,J. Villalobos,INFO_REQUESTED,
ACT-0001104,INV-0011989,C00105,2025-09-30,EMAIL,J. Villalobos,DISPUTE_RAISED,
ACT-0001105,INV-0011989,C00105,2025-09-21,CALL,J. Villalobos,INFO_REQUESTED,
ACT-0001106,INV-0011989,C00105,2025-08-26,EMAIL,J. Villalobos,PAYMENT_CONFIRMED,
ACT-0001107,INV-0002332,C00021,2025-04-30,STATEMENT,B. Quintana,NO_ANSWER,
ACT-0001108,INV-0002332,C00021,2025-06-20,EMAIL,B. Quintana,PROMISE_TO_PAY,2025-07-08
ACT-0001109,INV-0002332,C00021,2025-07-07,STATEMENT,B. Quintana,PROMISE_TO_PAY,2025-07-28
ACT-0001110,INV-0014607,C00130,2026-06-18,ESCALATION,P. Ibarra,NO_ANSWER,
ACT-0001111,INV-0006802,C00059,2025-09-06,STATEMENT,R. Salazar,PROMISE_TO_PAY,2025-09-15
ACT-0001112,INV-0009618,C00083,2025-09-14,ESCALATION,R. Salazar,PAYMENT_CONFIRMED,
ACT-0001113,INV-0009618,C00083,2025-08-02,EMAIL,R. Salazar,DISPUTE_RAISED,
ACT-0001114,INV-0009618,C00083,2025-07-31,CALL,R. Salazar,NO_ANSWER,
ACT-0001115,INV-0009618,C00083,2025-10-14,CALL,R. Salazar,PAYMENT_CONFIRMED,
ACT-0001116,INV-0029798,C00284,2025-09-06,EMAIL,G. Montoya,PAYMENT_CONFIRMED,
ACT-0001117,INV-0029798,C00284,2025-10-26,STATEMENT,G. Montoya,DISPUTE_RAISED,
ACT-0001118,INV-0018481,C00168,2026-04-11,EMAIL,B. Quintana,PROMISE_TO_PAY,2026-05-01
ACT-0001119,INV-0018481,C00168,2026-04-20,EMAIL,B. Quintana,NO_ANSWER,
ACT-0001120,INV-0018481,C00168,2026-06-19,EMAIL,B. Quintana,NO_ANSWER,
ACT-0001121,INV-0018481,C00168,2026-05-25,CALL,B. Quintana,DISPUTE_RAISED,
ACT-0001122,INV-0015913,C00143,2026-03-03,CALL,P. Ibarra,PAYMENT_CONFIRMED,
ACT-0001123,INV-0015913,C00143,2026-03-05,EMAIL,P. Ibarra,NO_ANSWER,
ACT-0001124,INV-0015913,C00143,2026-03-14,EMAIL,P. Ibarra,NO_ANSWER,
ACT-0001125,INV-0009058,C00078,2026-03-19,STATEMENT,C. Fuentes,INFO_REQUESTED,
ACT-0001126,INV-0009058,C00078,2026-02-14,EMAIL,C. Fuentes,PAYMENT_CONFIRMED,
ACT-0001127,INV-0004633,C00041,2025-08-21,CALL,P. Ibarra,NO_ANSWER,
ACT-0001128,INV-0004633,C00041,2025-07-03,CALL,P. Ibarra,PAYMENT_CONFIRMED,
ACT-0001129,INV-0023275,C00215,2025-09-25,EMAIL,M. Contreras,NO_ANSWER,
ACT-0001130,INV-0023275,C00215,2025-09-02,EMAIL,M. Contreras,NO_ANSWER,
ACT-0001131,INV-0023275,C00215,2025-10-03,CALL,M. Contreras,NO_ANSWER,
ACT-0001132,INV-0023275,C00215,2025-10-27,CALL,M. Contreras,INFO_REQUESTED,
ACT-0001133,INV-0007133,C00062,2025-07-03,CALL,P. Ibarra,PAYMENT_CONFIRMED,
ACT-0001134,INV-0007133,C00062,2025-05-17,EMAIL,P. Ibarra,DISPUTE_RAISED,
ACT-0001135,INV-0007133,C00062,2025-06-15,STATEMENT,P. Ibarra,PROMISE_TO_PAY,2025-06-30
ACT-0001136,INV-0003686,C00033,2025-04-10,STATEMENT,L. Moreno,NO_ANSWER,
ACT-0001137,INV-0013313,C00118,2025-09-05,EMAIL,M. Contreras,PROMISE_TO_PAY,2025-10-11
ACT-0001138,INV-0013313,C00118,2025-07-26,EMAIL,M. Contreras,INFO_REQUESTED,
ACT-0001139,INV-0013313,C00118,2025-07-28,EMAIL,M. Contreras,PROMISE_TO_PAY,2025-08-05
ACT-0001140,INV-0013313,C00118,2025-10-10,EMAIL,M. Contreras,PAYMENT_CONFIRMED,
ACT-0001141,INV-0019504,C00178,2025-12-02,EMAIL,M. Contreras,NO_ANSWER,
ACT-0001142,INV-0019504,C00178,2025-11-08,STATEMENT,M. Contreras,NO_ANSWER,
ACT-0001143,INV-0006444,C00056,2025-09-25,CALL,G. Montoya,PROMISE_TO_PAY,2025-10-01
ACT-0001144,INV-0030540,C00294,2026-06-20,EMAIL,R. Salazar,DISPUTE_RAISED,
ACT-0001145,INV-0027935,C00260,2026-04-04,EMAIL,F. Zamora,PROMISE_TO_PAY,2026-05-08
ACT-0001146,INV-0027935,C00260,2026-05-18,CALL,F. Zamora,PROMISE_TO_PAY,2026-05-28
ACT-0001147,INV-0014864,C00133,2025-04-21,CALL,J. Villalobos,INFO_REQUESTED,
ACT-0001148,INV-0014864,C00133,2025-04-14,EMAIL,J. Villalobos,NO_ANSWER,
ACT-0001149,INV-0014864,C00133,2025-05-25,CALL,J. Villalobos,PROMISE_TO_PAY,2025-06-06
ACT-0001150,INV-0001367,C00012,2026-05-23,ESCALATION,C. Fuentes,PROMISE_TO_PAY,2026-06-06
ACT-0001151,INV-0001367,C00012,2026-05-17,CALL,C. Fuentes,PAYMENT_CONFIRMED,
ACT-0001152,INV-0017127,C00155,2026-03-06,EMAIL,J. Villalobos,PAYMENT_CONFIRMED,
ACT-0001153,INV-0017127,C00155,2026-05-25,CALL,J. Villalobos,DISPUTE_RAISED,
ACT-0001154,INV-0017127,C00155,2026-04-18,EMAIL,J. Villalobos,NO_ANSWER,
ACT-0001155,INV-0007419,C00064,2026-02-21,CALL,S. Duarte,PROMISE_TO_PAY,2026-03-08
ACT-0001156,INV-0007419,C00064,2026-01-25,CALL,S. Duarte,NO_ANSWER,
ACT-0001157,INV-0007419,C00064,2026-02-15,EMAIL,S. Duarte,PAYMENT_CONFIRMED,
ACT-0001158,INV-0007419,C00064,2026-04-06,EMAIL,S. Duarte,NO_ANSWER,
ACT-0001159,INV-0010304,C00089,2025-08-16,EMAIL,R. Salazar,INFO_REQUESTED,
ACT-0001160,INV-0010304,C00089,2025-07-23,EMAIL,R. Salazar,PROMISE_TO_PAY,2025-08-20
ACT-0001161,INV-0010304,C00089,2025-07-31,CALL,R. Salazar,PROMISE_TO_PAY,2025-08-08
ACT-0001162,INV-0008575,C00074,2026-01-18,EMAIL,L. Moreno,INFO_REQUESTED,
ACT-0001163,INV-0008575,C00074,2025-12-13,ESCALATION,L. Moreno,INFO_REQUESTED,
ACT-0001164,INV-0008575,C00074,2026-01-10,EMAIL,L. Moreno,NO_ANSWER,
ACT-0001165,INV-0008575,C00074,2026-01-06,EMAIL,L. Moreno,NO_ANSWER,
ACT-0001166,INV-0006233,C00054,2026-01-10,CALL,G. Montoya,NO_ANSWER,
ACT-0001167,INV-0006233,C00054,2026-02-13,CALL,G. Montoya,DISPUTE_RAISED,
ACT-0001168,INV-0006233,C00054,2025-12-28,ESCALATION,G. Montoya,PROMISE_TO_PAY,2026-01-10
ACT-0001169,INV-0006233,C00054,2026-01-07,CALL,G. Montoya,DISPUTE_RAISED,
ACT-0001170,INV-0012161,C00107,2025-07-03,EMAIL,D. Aguilar,NO_ANSWER,
ACT-0001171,INV-0012161,C00107,2025-06-06,STATEMENT,D. Aguilar,DISPUTE_RAISED,
ACT-0001172,INV-0030652,C00296,2026-01-01,ESCALATION,F. Zamora,NO_ANSWER,
ACT-0001173,INV-0030652,C00296,2026-02-22,ESCALATION,F. Zamora,PROMISE_TO_PAY,2026-03-22
ACT-0001174,INV-0000718,C00007,2025-10-24,CALL,T. Rivas,PROMISE_TO_PAY,2025-11-03
ACT-0001175,INV-0000718,C00007,2025-11-20,STATEMENT,T. Rivas,PAYMENT_CONFIRMED,
ACT-0001176,INV-0000718,C00007,2025-09-04,CALL,T. Rivas,DISPUTE_RAISED,
ACT-0001177,INV-0022825,C00211,2025-07-20,STATEMENT,D. Aguilar,NO_ANSWER,
ACT-0001178,INV-0022825,C00211,2025-07-05,STATEMENT,D. Aguilar,NO_ANSWER,
ACT-0001179,INV-0022825,C00211,2025-06-20,ESCALATION,D. Aguilar,NO_ANSWER,
ACT-0001180,INV-0010894,C00094,2026-04-02,STATEMENT,B. Quintana,DISPUTE_RAISED,
ACT-0001181,INV-0010894,C00094,2026-02-14,CALL,B. Quintana,PAYMENT_CONFIRMED,
ACT-0001182,INV-0010894,C00094,2026-04-14,CALL,B. Quintana,PAYMENT_CONFIRMED,
ACT-0001183,INV-0023634,C00218,2026-01-26,EMAIL,N. Espinoza,INFO_REQUESTED,
ACT-0001184,INV-0023634,C00218,2026-02-19,CALL,N. Espinoza,PROMISE_TO_PAY,2026-03-05
ACT-0001185,INV-0023634,C00218,2026-04-30,EMAIL,N. Espinoza,PROMISE_TO_PAY,2026-05-19
ACT-0001186,INV-0023634,C00218,2026-04-06,EMAIL,N. Espinoza,PROMISE_TO_PAY,2026-04-14
ACT-0001187,INV-0017953,C00163,2026-04-14,EMAIL,A. Reyes,PROMISE_TO_PAY,2026-05-10
ACT-0001188,INV-0017953,C00163,2026-04-20,CALL,A. Reyes,INFO_REQUESTED,
ACT-0001189,INV-0017953,C00163,2026-04-24,CALL,A. Reyes,PROMISE_TO_PAY,2026-05-20
ACT-0001190,INV-0026777,C00249,2025-09-25,EMAIL,L. Moreno,NO_ANSWER,
ACT-0001191,INV-0026777,C00249,2025-09-22,CALL,L. Moreno,INFO_REQUESTED,
ACT-0001192,INV-0026777,C00249,2025-11-03,EMAIL,L. Moreno,DISPUTE_RAISED,
ACT-0001193,INV-0026777,C00249,2025-11-23,EMAIL,L. Moreno,NO_ANSWER,
ACT-0001194,INV-0019146,C00175,2025-03-03,CALL,B. Quintana,PROMISE_TO_PAY,2025-03-26
ACT-0001195,INV-0019146,C00175,2025-04-28,CALL,B. Quintana,NO_ANSWER,
ACT-0001196,INV-0026804,C00249,2026-02-08,EMAIL,L. Moreno,PROMISE_TO_PAY,2026-03-10
ACT-0001197,INV-0026804,C00249,2026-01-31,EMAIL,L. Moreno,PROMISE_TO_PAY,2026-02-26
ACT-0001198,INV-0030867,C00299,2026-03-13,CALL,D. Aguilar,PROMISE_TO_PAY,2026-04-06
ACT-0001199,INV-0030867,C00299,2026-01-15,CALL,D. Aguilar,PROMISE_TO_PAY,2026-02-01
ACT-0001200,INV-0023701,C00219,2025-08-21,EMAIL,B. Quintana,PROMISE_TO_PAY,2025-09-11
ACT-0001201,INV-0013987,C00124,2026-06-10,STATEMENT,A. Reyes,PROMISE_TO_PAY,2026-07-02
ACT-0001202,INV-0014291,C00127,2026-03-29,EMAIL,P. Ibarra,NO_ANSWER,
ACT-0001203,INV-0014291,C00127,2026-05-03,EMAIL,P. Ibarra,NO_ANSWER,
ACT-0001204,INV-0014291,C00127,2026-04-14,EMAIL,P. Ibarra,PROMISE_TO_PAY,2026-04-20
ACT-0001205,INV-0006491,C00056,2026-03-22,CALL,G. Montoya,PAYMENT_CONFIRMED,
ACT-0001206,INV-0004419,C00039,2025-11-23,EMAIL,T. Rivas,PAYMENT_CONFIRMED,
ACT-0001207,INV-0007125,C00062,2025-03-03,EMAIL,P. Ibarra,PAYMENT_CONFIRMED,
ACT-0001208,INV-0007125,C00062,2025-05-11,CALL,P. Ibarra,NO_ANSWER,
ACT-0001209,INV-0007125,C00062,2025-06-07,ESCALATION,P. Ibarra,NO_ANSWER,
ACT-0001210,INV-0007125,C00062,2025-06-14,EMAIL,P. Ibarra,PROMISE_TO_PAY,2025-06-20
ACT-0001211,INV-0006466,C00056,2025-11-09,CALL,G. Montoya,PAYMENT_CONFIRMED,
ACT-0001212,INV-0006466,C00056,2025-12-20,STATEMENT,G. Montoya,NO_ANSWER,
ACT-0001213,INV-0005886,C00051,2026-01-31,CALL,V. Cardenas,DISPUTE_RAISED,
ACT-0001214,INV-0005886,C00051,2026-03-21,ESCALATION,V. Cardenas,PROMISE_TO_PAY,2026-03-27
ACT-0001215,INV-0005886,C00051,2026-02-15,CALL,V. Cardenas,NO_ANSWER,
ACT-0001216,INV-0013643,C00121,2025-10-20,ESCALATION,R. Salazar,DISPUTE_RAISED,
ACT-0001217,INV-0013643,C00121,2025-11-12,CALL,R. Salazar,PROMISE_TO_PAY,2025-12-15
ACT-0001218,INV-0013643,C00121,2026-01-31,CALL,R. Salazar,NO_ANSWER,
ACT-0001219,INV-0013643,C00121,2025-12-30,STATEMENT,R. Salazar,PAYMENT_CONFIRMED,
ACT-0001220,INV-0001699,C00015,2026-03-09,EMAIL,D. Aguilar,PAYMENT_CONFIRMED,
ACT-0001221,INV-0001699,C00015,2026-03-01,EMAIL,D. Aguilar,PAYMENT_CONFIRMED,
ACT-0001222,INV-0001699,C00015,2026-03-25,EMAIL,D. Aguilar,NO_ANSWER,
ACT-0001223,INV-0001699,C00015,2026-03-11,ESCALATION,D. Aguilar,INFO_REQUESTED,
ACT-0001224,INV-0008649,C00075,2025-06-30,CALL,D. Aguilar,NO_ANSWER,
ACT-0001225,INV-0008649,C00075,2025-06-22,STATEMENT,D. Aguilar,PROMISE_TO_PAY,2025-07-05
ACT-0001226,INV-0008649,C00075,2025-07-31,EMAIL,D. Aguilar,NO_ANSWER,
ACT-0001227,INV-0013089,C00116,2025-04-08,EMAIL,B. Quintana,PROMISE_TO_PAY,2025-04-27
ACT-0001228,INV-0013089,C00116,2025-07-04,STATEMENT,B. Quintana,PAYMENT_CONFIRMED,
ACT-0001229,INV-0013089,C00116,2025-07-06,STATEMENT,B. Quintana,NO_ANSWER,
ACT-0001230,INV-0021481,C00197,2026-02-06,CALL,B. Quintana,NO_ANSWER,
ACT-0001231,INV-0021481,C00197,2026-04-20,EMAIL,B. Quintana,PROMISE_TO_PAY,2026-05-05
ACT-0001232,INV-0027207,C00253,2026-01-11,STATEMENT,T. Rivas,NO_ANSWER,
ACT-0001233,INV-0022833,C00211,2025-07-04,EMAIL,D. Aguilar,PAYMENT_CONFIRMED,
ACT-0001234,INV-0022150,C00204,2025-09-24,STATEMENT,N. Espinoza,PAYMENT_CONFIRMED,
ACT-0001235,INV-0022150,C00204,2025-09-20,CALL,N. Espinoza,PROMISE_TO_PAY,2025-10-13
ACT-0001236,INV-0022150,C00204,2025-10-30,EMAIL,N. Espinoza,NO_ANSWER,
ACT-0001237,INV-0022150,C00204,2025-10-28,EMAIL,N. Espinoza,NO_ANSWER,
ACT-0001238,INV-0004404,C00039,2025-09-27,CALL,T. Rivas,NO_ANSWER,
ACT-0001239,INV-0004404,C00039,2025-10-07,STATEMENT,T. Rivas,PAYMENT_CONFIRMED,
ACT-0001240,INV-0018104,C00165,2025-05-11,CALL,L. Moreno,PAYMENT_CONFIRMED,
ACT-0001241,INV-0029745,C00283,2026-02-08,CALL,P. Ibarra,PROMISE_TO_PAY,2026-02-27
ACT-0001242,INV-0029745,C00283,2026-01-30,EMAIL,P. Ibarra,NO_ANSWER,
ACT-0001243,INV-0003497,C00031,2026-02-09,CALL,N. Espinoza,INFO_REQUESTED,
ACT-0001244,INV-0003497,C00031,2026-01-15,CALL,N. Espinoza,PROMISE_TO_PAY,2026-02-21
ACT-0001245,INV-0003497,C00031,2026-03-03,EMAIL,N. Espinoza,NO_ANSWER,
ACT-0001246,INV-0006716,C00058,2025-12-12,EMAIL,M. Contreras,INFO_REQUESTED,
ACT-0001247,INV-0028223,C00263,2025-10-08,EMAIL,S. Duarte,PROMISE_TO_PAY,2025-10-22
ACT-0001248,INV-0028223,C00263,2025-11-21,EMAIL,S. Duarte,DISPUTE_RAISED,
ACT-0001249,INV-0028223,C00263,2025-11-25,STATEMENT,S. Duarte,NO_ANSWER,
ACT-0001250,INV-0028223,C00263,2025-12-11,EMAIL,S. Duarte,PROMISE_TO_PAY,2026-01-06
ACT-0001251,INV-0000347,C00004,2025-05-21,CALL,T. Rivas,PROMISE_TO_PAY,2025-06-16
ACT-0001252,INV-0000347,C00004,2025-05-28,CALL,T. Rivas,DISPUTE_RAISED,
ACT-0001253,INV-0019616,C00179,2025-11-26,EMAIL,N. Espinoza,PROMISE_TO_PAY,2025-12-30
ACT-0001254,INV-0003461,C00031,2025-10-07,EMAIL,N. Espinoza,NO_ANSWER,
ACT-0001255,INV-0003461,C00031,2025-07-23,EMAIL,N. Espinoza,PROMISE_TO_PAY,2025-08-10
ACT-0001256,INV-0003461,C00031,2025-08-13,ESCALATION,N. Espinoza,DISPUTE_RAISED,
ACT-0001257,INV-0004860,C00043,2025-03-24,CALL,S. Duarte,NO_ANSWER,
ACT-0001258,INV-0024098,C00223,2025-04-27,CALL,P. Ibarra,NO_ANSWER,
ACT-0001259,INV-0017289,C00157,2025-04-20,ESCALATION,F. Zamora,DISPUTE_RAISED,
ACT-0001260,INV-0017289,C00157,2025-06-22,CALL,F. Zamora,INFO_REQUESTED,
ACT-0001261,INV-0017289,C00157,2025-07-08,CALL,F. Zamora,PROMISE_TO_PAY,2025-08-16
ACT-0001262,INV-0014180,C00126,2026-05-25,EMAIL,S. Duarte,PROMISE_TO_PAY,2026-06-12
ACT-0001263,INV-0017935,C00163,2025-12-16,CALL,A. Reyes,PROMISE_TO_PAY,2025-12-30
ACT-0001264,INV-0019078,C00174,2026-01-17,ESCALATION,F. Zamora,PROMISE_TO_PAY,2026-02-02
ACT-0001265,INV-0019078,C00174,2025-12-02,STATEMENT,F. Zamora,PAYMENT_CONFIRMED,
ACT-0001266,INV-0019078,C00174,2025-12-19,CALL,F. Zamora,PAYMENT_CONFIRMED,
ACT-0001267,INV-0019078,C00174,2026-02-12,EMAIL,F. Zamora,DISPUTE_RAISED,
ACT-0001268,INV-0000539,C00005,2026-06-15,CALL,V. Cardenas,PROMISE_TO_PAY,2026-07-19
ACT-0001269,INV-0000539,C00005,2026-04-28,EMAIL,V. Cardenas,NO_ANSWER,
ACT-0001270,INV-0000539,C00005,2026-05-19,EMAIL,V. Cardenas,NO_ANSWER,
ACT-0001271,INV-0014578,C00130,2026-03-12,EMAIL,P. Ibarra,PROMISE_TO_PAY,2026-04-19
ACT-0001272,INV-0014578,C00130,2026-01-19,CALL,P. Ibarra,PROMISE_TO_PAY,2026-02-25
ACT-0001273,INV-0007147,C00062,2025-07-24,EMAIL,P. Ibarra,NO_ANSWER,
ACT-0001274,INV-0007147,C00062,2025-08-15,STATEMENT,P. Ibarra,NO_ANSWER,
ACT-0001275,INV-0007147,C00062,2025-08-18,EMAIL,P. Ibarra,NO_ANSWER,
ACT-0001276,INV-0007147,C00062,2025-08-23,EMAIL,P. Ibarra,DISPUTE_RAISED,
ACT-0001277,INV-0018129,C00165,2025-12-26,EMAIL,L. Moreno,PROMISE_TO_PAY,2026-01-27
ACT-0001278,INV-0018129,C00165,2025-12-24,EMAIL,L. Moreno,INFO_REQUESTED,
ACT-0001279,INV-0018129,C00165,2025-12-23,CALL,L. Moreno,INFO_REQUESTED,
ACT-0001280,INV-0008684,C00075,2026-01-20,EMAIL,D. Aguilar,NO_ANSWER,
ACT-0001281,INV-0025570,C00237,2026-06-20,STATEMENT,F. Zamora,NO_ANSWER,
ACT-0001282,INV-0025570,C00237,2026-05-31,STATEMENT,F. Zamora,PAYMENT_CONFIRMED,
ACT-0001283,INV-0025570,C00237,2026-06-14,CALL,F. Zamora,PAYMENT_CONFIRMED,
ACT-0001284,INV-0020101,C00184,2025-09-07,EMAIL,L. Moreno,PROMISE_TO_PAY,2025-09-25
ACT-0001285,INV-0013110,C00116,2025-09-08,CALL,B. Quintana,PROMISE_TO_PAY,2025-09-21
ACT-0001286,INV-0013110,C00116,2025-09-30,CALL,B. Quintana,DISPUTE_RAISED,
ACT-0001287,INV-0013110,C00116,2025-09-15,EMAIL,B. Quintana,PROMISE_TO_PAY,2025-10-24
ACT-0001288,INV-0009176,C00079,2026-05-12,ESCALATION,B. Quintana,NO_ANSWER,
ACT-0001289,INV-0009176,C00079,2026-06-26,CALL,B. Quintana,PROMISE_TO_PAY,2026-07-30
ACT-0001290,INV-0009540,C00082,2026-03-27,EMAIL,R. Salazar,PROMISE_TO_PAY,2026-04-03
ACT-0001291,INV-0009540,C00082,2026-03-07,EMAIL,R. Salazar,DISPUTE_RAISED,
ACT-0001292,INV-0009540,C00082,2026-04-06,STATEMENT,R. Salazar,INFO_REQUESTED,
ACT-0001293,INV-0021906,C00201,2026-05-31,STATEMENT,L. Moreno,DISPUTE_RAISED,
ACT-0001294,INV-0021906,C00201,2026-05-22,CALL,L. Moreno,PROMISE_TO_PAY,2026-06-09
ACT-0001295,INV-0020955,C00192,2026-05-11,EMAIL,C. Fuentes,NO_ANSWER,
ACT-0001296,INV-0017150,C00155,2026-06-03,EMAIL,J. Villalobos,INFO_REQUESTED,
ACT-0001297,INV-0017150,C00155,2026-06-14,STATEMENT,J. Villalobos,NO_ANSWER,
ACT-0001298,INV-0017150,C00155,2026-06-14,STATEMENT,J. Villalobos,INFO_REQUESTED,
ACT-0001299,INV-0013059,C00115,2026-05-16,ESCALATION,C. Fuentes,NO_ANSWER,
ACT-0001300,INV-0016258,C00147,2025-03-06,EMAIL,M. Contreras,PROMISE_TO_PAY,2025-04-04
ACT-0001301,INV-0016258,C00147,2025-04-02,CALL,M. Contreras,DISPUTE_RAISED,
ACT-0001302,INV-0016258,C00147,2025-05-07,EMAIL,M. Contreras,INFO_REQUESTED,
ACT-0001303,INV-0008696,C00075,2026-01-31,CALL,D. Aguilar,INFO_REQUESTED,
ACT-0001304,INV-0008696,C00075,2026-03-29,EMAIL,D. Aguilar,NO_ANSWER,
ACT-0001305,INV-0008696,C00075,2026-03-08,EMAIL,D. Aguilar,INFO_REQUESTED,
ACT-0001306,INV-0005303,C00046,2026-05-15,CALL,V. Cardenas,DISPUTE_RAISED,
ACT-0001307,INV-0005303,C00046,2026-06-28,CALL,V. Cardenas,NO_ANSWER,
ACT-0001308,INV-0015650,C00140,2026-06-30,EMAIL,P. Ibarra,PROMISE_TO_PAY,2026-08-05
ACT-0001309,INV-0013353,C00118,2026-01-18,EMAIL,M. Contreras,PROMISE_TO_PAY,2026-01-28
ACT-0001310,INV-0013353,C00118,2026-02-15,EMAIL,M. Contreras,PAYMENT_CONFIRMED,
ACT-0001311,INV-0016281,C00147,2025-08-08,EMAIL,M. Contreras,PAYMENT_CONFIRMED,
ACT-0001312,INV-0016281,C00147,2025-08-12,STATEMENT,M. Contreras,PROMISE_TO_PAY,2025-08-25
ACT-0001313,INV-0016281,C00147,2025-10-16,CALL,M. Contreras,NO_ANSWER,
ACT-0001314,INV-0016281,C00147,2025-11-15,ESCALATION,M. Contreras,PROMISE_TO_PAY,2025-12-15
ACT-0001315,INV-0015030,C00134,2026-04-10,STATEMENT,V. Cardenas,PROMISE_TO_PAY,2026-05-15
ACT-0001316,INV-0015030,C00134,2026-04-04,CALL,V. Cardenas,INFO_REQUESTED,
ACT-0001317,INV-0015381,C00138,2025-05-06,ESCALATION,N. Espinoza,NO_ANSWER,
ACT-0001318,INV-0016003,C00144,2026-01-04,STATEMENT,B. Quintana,NO_ANSWER,
ACT-0001319,INV-0016003,C00144,2026-01-16,EMAIL,B. Quintana,PAYMENT_CONFIRMED,
ACT-0001320,INV-0016003,C00144,2025-12-29,CALL,B. Quintana,NO_ANSWER,
ACT-0001321,INV-0008820,C00076,2026-02-21,CALL,R. Salazar,PROMISE_TO_PAY,2026-03-19
ACT-0001322,INV-0020328,C00186,2025-11-30,EMAIL,N. Espinoza,DISPUTE_RAISED,
ACT-0001323,INV-0020328,C00186,2025-12-31,ESCALATION,N. Espinoza,DISPUTE_RAISED,
ACT-0001324,INV-0006499,C00056,2026-06-17,STATEMENT,G. Montoya,INFO_REQUESTED,
ACT-0001325,INV-0021498,C00197,2026-04-11,EMAIL,B. Quintana,INFO_REQUESTED,
ACT-0001326,INV-0021498,C00197,2026-05-05,STATEMENT,B. Quintana,PROMISE_TO_PAY,2026-05-31
ACT-0001327,INV-0025996,C00241,2026-06-29,STATEMENT,S. Duarte,PROMISE_TO_PAY,2026-07-26
ACT-0001328,INV-0016451,C00148,2026-06-18,CALL,V. Cardenas,DISPUTE_RAISED,
ACT-0001329,INV-0020547,C00188,2026-02-17,CALL,D. Aguilar,NO_ANSWER,
ACT-0001330,INV-0020547,C00188,2026-03-29,CALL,D. Aguilar,NO_ANSWER,
ACT-0001331,INV-0020547,C00188,2026-04-19,STATEMENT,D. Aguilar,NO_ANSWER,
ACT-0001332,INV-0021030,C00193,2025-12-22,CALL,A. Reyes,DISPUTE_RAISED,
ACT-0001333,INV-0019833,C00181,2025-12-11,STATEMENT,A. Reyes,NO_ANSWER,
ACT-0001334,INV-0019833,C00181,2026-02-25,EMAIL,A. Reyes,PAYMENT_CONFIRMED,
ACT-0001335,INV-0019833,C00181,2026-03-02,CALL,A. Reyes,DISPUTE_RAISED,
ACT-0001336,INV-0019833,C00181,2026-03-25,CALL,A. Reyes,NO_ANSWER,
ACT-0001337,INV-0000027,C00001,2025-11-05,EMAIL,B. Quintana,PROMISE_TO_PAY,2025-12-12
ACT-0001338,INV-0000027,C00001,2025-11-20,STATEMENT,B. Quintana,PROMISE_TO_PAY,2025-12-04
ACT-0001339,INV-0000027,C00001,2025-11-02,ESCALATION,B. Quintana,PAYMENT_CONFIRMED,
ACT-0001340,INV-0000027,C00001,2025-09-25,ESCALATION,B. Quintana,NO_ANSWER,
ACT-0001341,INV-0021863,C00201,2025-08-03,EMAIL,L. Moreno,NO_ANSWER,
ACT-0001342,INV-0021863,C00201,2025-09-15,EMAIL,L. Moreno,NO_ANSWER,
ACT-0001343,INV-0021863,C00201,2025-10-16,CALL,L. Moreno,NO_ANSWER,
ACT-0001344,INV-0028302,C00264,2025-06-04,EMAIL,T. Rivas,DISPUTE_RAISED,
ACT-0001345,INV-0028302,C00264,2025-07-24,EMAIL,T. Rivas,NO_ANSWER,
ACT-0001346,INV-0014021,C00125,2025-05-19,EMAIL,P. Ibarra,NO_ANSWER,
ACT-0001347,INV-0022355,C00206,2025-12-12,EMAIL,S. Duarte,PAYMENT_CONFIRMED,
ACT-0001348,INV-0022355,C00206,2025-12-07,STATEMENT,S. Duarte,PAYMENT_CONFIRMED,
ACT-0001349,INV-0022355,C00206,2026-01-22,ESCALATION,S. Duarte,NO_ANSWER,
ACT-0001350,INV-0022991,C00212,2026-04-11,CALL,P. Ibarra,NO_ANSWER,
ACT-0001351,INV-0014372,C00128,2026-01-02,CALL,F. Zamora,NO_ANSWER,
ACT-0001352,INV-0014372,C00128,2026-02-16,CALL,F. Zamora,NO_ANSWER,
ACT-0001353,INV-0004378,C00039,2025-07-20,CALL,T. Rivas,PROMISE_TO_PAY,2025-08-03
ACT-0001354,INV-0004378,C00039,2025-08-03,EMAIL,T. Rivas,PAYMENT_CONFIRMED,
ACT-0001355,INV-0004378,C00039,2025-06-04,CALL,T. Rivas,PROMISE_TO_PAY,2025-06-23
ACT-0001356,INV-0000192,C00002,2026-04-25,EMAIL,G. Montoya,INFO_REQUESTED,
ACT-0001357,INV-0000192,C00002,2026-04-29,CALL,G. Montoya,NO_ANSWER,
ACT-0001358,INV-0000192,C00002,2026-05-23,EMAIL,G. Montoya,PROMISE_TO_PAY,2026-06-26
ACT-0001359,INV-0000192,C00002,2026-04-05,EMAIL,G. Montoya,PROMISE_TO_PAY,2026-05-03
ACT-0001360,INV-0008789,C00076,2025-08-11,EMAIL,R. Salazar,PROMISE_TO_PAY,2025-09-04
ACT-0001361,INV-0008789,C00076,2025-09-08,CALL,R. Salazar,PAYMENT_CONFIRMED,
ACT-0001362,INV-0008789,C00076,2025-10-13,CALL,R. Salazar,INFO_REQUESTED,
ACT-0001363,INV-0018841,C00172,2025-11-13,EMAIL,T. Rivas,PROMISE_TO_PAY,2025-12-03
ACT-0001364,INV-0018841,C00172,2025-10-12,EMAIL,T. Rivas,NO_ANSWER,
ACT-0001365,INV-0018841,C00172,2025-11-07,CALL,T. Rivas,PROMISE_TO_PAY,2025-12-07
ACT-0001366,INV-0018841,C00172,2026-01-02,CALL,T. Rivas,PAYMENT_CONFIRMED,
ACT-0001367,INV-0020369,C00186,2026-05-30,EMAIL,N. Espinoza,PROMISE_TO_PAY,2026-06-24
ACT-0001368,INV-0020369,C00186,2026-05-22,EMAIL,N. Espinoza,PROMISE_TO_PAY,2026-06-07
ACT-0001369,INV-0012665,C00112,2025-06-21,EMAIL,T. Rivas,NO_ANSWER,
ACT-0001370,INV-0012665,C00112,2025-08-30,ESCALATION,T. Rivas,INFO_REQUESTED,
ACT-0001371,INV-0012665,C00112,2025-07-23,EMAIL,T. Rivas,PROMISE_TO_PAY,2025-08-07
ACT-0001372,INV-0012665,C00112,2025-09-26,EMAIL,T. Rivas,INFO_REQUESTED,
ACT-0001373,INV-0010946,C00095,2025-07-07,CALL,A. Reyes,NO_ANSWER,
ACT-0001374,INV-0010946,C00095,2025-07-06,EMAIL,A. Reyes,DISPUTE_RAISED,
ACT-0001375,INV-0010946,C00095,2025-08-31,ESCALATION,A. Reyes,PROMISE_TO_PAY,2025-09-23
ACT-0001376,INV-0010946,C00095,2025-08-22,EMAIL,A. Reyes,INFO_REQUESTED,
ACT-0001377,INV-0008498,C00073,2026-05-24,CALL,D. Aguilar,INFO_REQUESTED,
ACT-0001378,INV-0008498,C00073,2026-06-07,EMAIL,D. Aguilar,PROMISE_TO_PAY,2026-06-29
ACT-0001379,INV-0025543,C00237,2025-11-06,STATEMENT,F. Zamora,PAYMENT_CONFIRMED,
ACT-0001380,INV-0025543,C00237,2025-11-20,STATEMENT,F. Zamora,PAYMENT_CONFIRMED,
ACT-0001381,INV-0025543,C00237,2026-01-03,CALL,F. Zamora,INFO_REQUESTED,
ACT-0001382,INV-0010636,C00092,2025-06-27,STATEMENT,P. Ibarra,PROMISE_TO_PAY,2025-07-30
ACT-0001383,INV-0010636,C00092,2025-08-06,CALL,P. Ibarra,PROMISE_TO_PAY,2025-08-19
ACT-0001384,INV-0012009,C00105,2026-02-08,EMAIL,J. Villalobos,PAYMENT_CONFIRMED,
ACT-0001385,INV-0012009,C00105,2025-12-23,CALL,J. Villalobos,NO_ANSWER,
ACT-0001386,INV-0012009,C00105,2026-03-01,CALL,J. Villalobos,NO_ANSWER,
ACT-0001387,INV-0006728,C00058,2026-03-10,CALL,M. Contreras,DISPUTE_RAISED,
ACT-0001388,INV-0006728,C00058,2026-03-07,EMAIL,M. Contreras,NO_ANSWER,
ACT-0001389,INV-0016391,C00148,2025-11-17,EMAIL,V. Cardenas,PROMISE_TO_PAY,2025-12-05
ACT-0001390,INV-0016391,C00148,2025-10-20,CALL,V. Cardenas,NO_ANSWER,
ACT-0001391,INV-0016391,C00148,2025-11-11,EMAIL,V. Cardenas,PROMISE_TO_PAY,2025-11-20
ACT-0001392,INV-0024087,C00223,2025-03-14,ESCALATION,P. Ibarra,INFO_REQUESTED,
ACT-0001393,INV-0014623,C00131,2025-03-22,EMAIL,P. Ibarra,PROMISE_TO_PAY,2025-04-25
ACT-0001394,INV-0014623,C00131,2025-04-12,STATEMENT,P. Ibarra,DISPUTE_RAISED,
ACT-0001395,INV-0014623,C00131,2025-03-10,EMAIL,P. Ibarra,NO_ANSWER,
ACT-0001396,INV-0014623,C00131,2025-06-11,STATEMENT,P. Ibarra,DISPUTE_RAISED,
ACT-0001397,INV-0028306,C00264,2025-09-03,CALL,T. Rivas,INFO_REQUESTED,
ACT-0001398,INV-0028306,C00264,2025-07-27,STATEMENT,T. Rivas,INFO_REQUESTED,
ACT-0001399,INV-0028306,C00264,2025-10-17,EMAIL,T. Rivas,INFO_REQUESTED,
ACT-0001400,INV-0028306,C00264,2025-09-19,CALL,T. Rivas,NO_ANSWER,
ACT-0001401,INV-0027586,C00257,2025-09-17,STATEMENT,G. Montoya,NO_ANSWER,
ACT-0001402,INV-0027586,C00257,2025-07-28,EMAIL,G. Montoya,NO_ANSWER,
ACT-0001403,INV-0027586,C00257,2025-10-13,EMAIL,G. Montoya,PROMISE_TO_PAY,2025-11-13
ACT-0001404,INV-0026919,C00250,2026-02-08,EMAIL,P. Ibarra,NO_ANSWER,
ACT-0001405,INV-0026919,C00250,2026-03-04,EMAIL,P. Ibarra,INFO_REQUESTED,
ACT-0001406,INV-0026919,C00250,2026-03-08,STATEMENT,P. Ibarra,PROMISE_TO_PAY,2026-04-16
ACT-0001407,INV-0010255,C00088,2026-04-25,ESCALATION,R. Salazar,NO_ANSWER,
ACT-0001408,INV-0010255,C00088,2026-05-16,ESCALATION,R. Salazar,PAYMENT_CONFIRMED,
ACT-0001409,INV-0013317,C00118,2025-09-13,EMAIL,M. Contreras,PROMISE_TO_PAY,2025-09-22
ACT-0001410,INV-0013317,C00118,2025-09-03,STATEMENT,M. Contreras,INFO_REQUESTED,
ACT-0001411,INV-0002306,C00020,2026-06-30,STATEMENT,A. Reyes,PAYMENT_CONFIRMED,
ACT-0001412,INV-0030713,C00297,2025-12-04,CALL,M. Contreras,PAYMENT_CONFIRMED,
ACT-0001413,INV-0030713,C00297,2025-12-20,EMAIL,M. Contreras,DISPUTE_RAISED,
ACT-0001414,INV-0030713,C00297,2025-11-16,STATEMENT,M. Contreras,PROMISE_TO_PAY,2025-12-17
ACT-0001415,INV-0030713,C00297,2025-11-27,CALL,M. Contreras,PAYMENT_CONFIRMED,
ACT-0001416,INV-0014173,C00126,2026-03-24,CALL,S. Duarte,DISPUTE_RAISED,
ACT-0001417,INV-0025669,C00238,2026-05-20,EMAIL,A. Reyes,DISPUTE_RAISED,
ACT-0001418,INV-0025669,C00238,2026-04-25,EMAIL,A. Reyes,INFO_REQUESTED,
ACT-0001419,INV-0017160,C00155,2026-06-29,CALL,J. Villalobos,PROMISE_TO_PAY,2026-07-23
ACT-0001420,INV-0000474,C00005,2025-06-24,CALL,V. Cardenas,PAYMENT_CONFIRMED,
ACT-0001421,INV-0005270,C00046,2026-03-03,EMAIL,V. Cardenas,PROMISE_TO_PAY,2026-04-01
ACT-0001422,INV-0005270,C00046,2026-03-10,CALL,V. Cardenas,NO_ANSWER,
ACT-0001423,INV-0020211,C00185,2025-08-08,CALL,R. Salazar,PROMISE_TO_PAY,2025-09-15
ACT-0001424,INV-0020211,C00185,2025-07-03,EMAIL,R. Salazar,PROMISE_TO_PAY,2025-07-26
ACT-0001425,INV-0024341,C00225,2026-02-14,CALL,T. Rivas,NO_ANSWER,
ACT-0001426,INV-0024341,C00225,2026-03-09,EMAIL,T. Rivas,DISPUTE_RAISED,
ACT-0001427,INV-0024341,C00225,2026-02-15,EMAIL,T. Rivas,DISPUTE_RAISED,
ACT-0001428,INV-0011214,C00097,2026-03-06,EMAIL,P. Ibarra,NO_ANSWER,
ACT-0001429,INV-0011214,C00097,2026-04-14,ESCALATION,P. Ibarra,INFO_REQUESTED,
ACT-0001430,INV-0011214,C00097,2026-03-03,EMAIL,P. Ibarra,PROMISE_TO_PAY,2026-03-15
ACT-0001431,INV-0004685,C00041,2026-02-20,STATEMENT,P. Ibarra,INFO_REQUESTED,
ACT-0001432,INV-0004693,C00041,2026-04-15,STATEMENT,P. Ibarra,PAYMENT_CONFIRMED,
ACT-0001433,INV-0004693,C00041,2026-04-03,STATEMENT,P. Ibarra,PROMISE_TO_PAY,2026-04-11
ACT-0001434,INV-0004693,C00041,2026-06-11,EMAIL,P. Ibarra,NO_ANSWER,
ACT-0001435,INV-0005906,C00051,2026-05-22,EMAIL,V. Cardenas,PROMISE_TO_PAY,2026-06-20
ACT-0001436,INV-0026876,C00250,2025-08-06,EMAIL,P. Ibarra,NO_ANSWER,
ACT-0001437,INV-0026876,C00250,2025-06-29,EMAIL,P. Ibarra,PAYMENT_CONFIRMED,
ACT-0001438,INV-0026876,C00250,2025-08-14,EMAIL,P. Ibarra,INFO_REQUESTED,
ACT-0001439,INV-0029939,C00286,2025-11-10,STATEMENT,D. Aguilar,NO_ANSWER,
ACT-0001440,INV-0029939,C00286,2025-11-14,CALL,D. Aguilar,PAYMENT_CONFIRMED,
ACT-0001441,INV-0029939,C00286,2025-11-06,EMAIL,D. Aguilar,PAYMENT_CONFIRMED,
ACT-0001442,INV-0014595,C00130,2026-04-24,CALL,P. Ibarra,PROMISE_TO_PAY,2026-05-04
ACT-0001443,INV-0014595,C00130,2026-05-29,CALL,P. Ibarra,INFO_REQUESTED,
ACT-0001444,INV-0014595,C00130,2026-05-24,EMAIL,P. Ibarra,PAYMENT_CONFIRMED,
ACT-0001445,INV-0025765,C00239,2026-01-21,CALL,B. Quintana,INFO_REQUESTED,
ACT-0001446,INV-0025765,C00239,2026-01-26,EMAIL,B. Quintana,PAYMENT_CONFIRMED,
ACT-0001447,INV-0019252,C00176,2025-06-06,CALL,A. Reyes,NO_ANSWER,
ACT-0001448,INV-0019252,C00176,2025-04-25,CALL,A. Reyes,PROMISE_TO_PAY,2025-05-29
ACT-0001449,INV-0019252,C00176,2025-06-18,STATEMENT,A. Reyes,INFO_REQUESTED,
ACT-0001450,INV-0030716,C00297,2025-12-11,EMAIL,M. Contreras,DISPUTE_RAISED,
ACT-0001451,INV-0030716,C00297,2025-10-28,STATEMENT,M. Contreras,PAYMENT_CONFIRMED,
ACT-0001452,INV-0030716,C00297,2025-11-12,EMAIL,M. Contreras,INFO_REQUESTED,
ACT-0001453,INV-0001801,C00016,2025-11-10,EMAIL,N. Espinoza,NO_ANSWER,
ACT-0001454,INV-0016781,C00152,2025-07-13,EMAIL,M. Contreras,NO_ANSWER,
ACT-0001455,INV-0016781,C00152,2025-08-25,EMAIL,M. Contreras,PROMISE_TO_PAY,2025-09-10
ACT-0001456,INV-0023546,C00217,2026-05-17,STATEMENT,J. Villalobos,DISPUTE_RAISED,
ACT-0001457,INV-0023546,C00217,2026-05-14,CALL,J. Villalobos,PAYMENT_CONFIRMED,
ACT-0001458,INV-0022938,C00212,2025-07-12,CALL,P. Ibarra,PROMISE_TO_PAY,2025-08-13
ACT-0001459,INV-0022938,C00212,2025-06-23,EMAIL,P. Ibarra,NO_ANSWER,
ACT-0001460,INV-0022938,C00212,2025-08-21,CALL,P. Ibarra,PAYMENT_CONFIRMED,
ACT-0001461,INV-0014382,C00128,2026-02-21,CALL,F. Zamora,PROMISE_TO_PAY,2026-03-14
ACT-0001462,INV-0014382,C00128,2026-02-20,EMAIL,F. Zamora,DISPUTE_RAISED,
ACT-0001463,INV-0014382,C00128,2026-05-11,EMAIL,F. Zamora,PROMISE_TO_PAY,2026-06-04
ACT-0001464,INV-0007160,C00062,2025-10-31,STATEMENT,P. Ibarra,NO_ANSWER,
ACT-0001465,INV-0000645,C00006,2026-04-26,EMAIL,P. Ibarra,PROMISE_TO_PAY,2026-05-25
ACT-0001466,INV-0000645,C00006,2026-04-30,CALL,P. Ibarra,NO_ANSWER,
ACT-0001467,INV-0000645,C00006,2026-05-11,EMAIL,P. Ibarra,NO_ANSWER,
ACT-0001468,INV-0015236,C00136,2026-06-24,CALL,B. Quintana,PROMISE_TO_PAY,2026-07-11
ACT-0001469,INV-0015236,C00136,2026-04-21,CALL,B. Quintana,INFO_REQUESTED,
ACT-0001470,INV-0015236,C00136,2026-04-30,EMAIL,B. Quintana,PAYMENT_CONFIRMED,
ACT-0001471,INV-0006443,C00056,2025-08-27,STATEMENT,G. Montoya,PROMISE_TO_PAY,2025-09-14
ACT-0001472,INV-0018387,C00167,2026-05-16,CALL,V. Cardenas,PROMISE_TO_PAY,2026-05-27
ACT-0001473,INV-0018387,C00167,2026-06-29,ESCALATION,V. Cardenas,NO_ANSWER,
ACT-0001474,INV-0025624,C00238,2025-10-27,EMAIL,A. Reyes,NO_ANSWER,
ACT-0001475,INV-0025624,C00238,2025-09-18,EMAIL,A. Reyes,DISPUTE_RAISED,
ACT-0001476,INV-0025624,C00238,2025-11-16,STATEMENT,A. Reyes,PROMISE_TO_PAY,2025-12-02
ACT-0001477,INV-0025624,C00238,2025-11-17,EMAIL,A. Reyes,NO_ANSWER,
ACT-0001478,INV-0019483,C00178,2025-05-14,EMAIL,M. Contreras,NO_ANSWER,
ACT-0001479,INV-0019483,C00178,2025-05-09,STATEMENT,M. Contreras,NO_ANSWER,
ACT-0001480,INV-0019483,C00178,2025-07-23,EMAIL,M. Contreras,PAYMENT_CONFIRMED,
ACT-0001481,INV-0019483,C00178,2025-08-03,EMAIL,M. Contreras,PROMISE_TO_PAY,2025-08-19
ACT-0001482,INV-0024350,C00225,2026-05-11,CALL,T. Rivas,DISPUTE_RAISED,
ACT-0001483,INV-0024350,C00225,2026-05-08,CALL,T. Rivas,PROMISE_TO_PAY,2026-05-14
ACT-0001484,INV-0024350,C00225,2026-05-08,CALL,T. Rivas,PAYMENT_CONFIRMED,
ACT-0001485,INV-0015533,C00139,2026-02-22,CALL,V. Cardenas,PROMISE_TO_PAY,2026-03-27
ACT-0001486,INV-0015533,C00139,2026-02-13,EMAIL,V. Cardenas,DISPUTE_RAISED,
ACT-0001487,INV-0015533,C00139,2026-02-15,CALL,V. Cardenas,NO_ANSWER,
ACT-0001488,INV-0015533,C00139,2026-01-24,STATEMENT,V. Cardenas,INFO_REQUESTED,
ACT-0001489,INV-0014470,C00129,2026-01-08,STATEMENT,S. Duarte,PROMISE_TO_PAY,2026-01-27
ACT-0001490,INV-0014470,C00129,2025-12-26,STATEMENT,S. Duarte,INFO_REQUESTED,
ACT-0001491,INV-0014470,C00129,2026-02-09,STATEMENT,S. Duarte,PAYMENT_CONFIRMED,
ACT-0001492,INV-0014470,C00129,2026-02-02,EMAIL,S. Duarte,DISPUTE_RAISED,
ACT-0001493,INV-0005642,C00049,2026-02-08,CALL,T. Rivas,NO_ANSWER,
ACT-0001494,INV-0005642,C00049,2026-01-20,CALL,T. Rivas,PROMISE_TO_PAY,2026-02-11
ACT-0001495,INV-0005642,C00049,2026-02-12,EMAIL,T. Rivas,DISPUTE_RAISED,
ACT-0001496,INV-0018805,C00172,2025-04-29,ESCALATION,T. Rivas,DISPUTE_RAISED,
ACT-0001497,INV-0018805,C00172,2025-05-04,EMAIL,T. Rivas,PAYMENT_CONFIRMED,
ACT-0001498,INV-0018805,C00172,2025-06-18,EMAIL,T. Rivas,NO_ANSWER,
ACT-0001499,INV-0018805,C00172,2025-05-04,EMAIL,T. Rivas,PAYMENT_CONFIRMED,
ACT-0001500,INV-0012373,C00109,2025-09-24,EMAIL,T. Rivas,PROMISE_TO_PAY,2025-10-17
ACT-0001501,INV-0014375,C00128,2026-03-04,EMAIL,F. Zamora,NO_ANSWER,
ACT-0001502,INV-0014375,C00128,2026-02-24,STATEMENT,F. Zamora,PROMISE_TO_PAY,2026-04-01
ACT-0001503,INV-0014375,C00128,2026-01-05,EMAIL,F. Zamora,PROMISE_TO_PAY,2026-02-01
ACT-0001504,INV-0013139,C00116,2026-04-13,CALL,B. Quintana,PROMISE_TO_PAY,2026-05-04
ACT-0001505,INV-0013139,C00116,2026-04-04,CALL,B. Quintana,DISPUTE_RAISED,
ACT-0001506,INV-0013139,C00116,2026-03-03,EMAIL,B. Quintana,PROMISE_TO_PAY,2026-04-06
ACT-0001507,INV-0013738,C00122,2025-08-09,EMAIL,V. Cardenas,NO_ANSWER,
ACT-0001508,INV-0005718,C00050,2025-05-27,CALL,A. Reyes,NO_ANSWER,
ACT-0001509,INV-0005718,C00050,2025-06-01,EMAIL,A. Reyes,NO_ANSWER,
ACT-0001510,INV-0029932,C00286,2025-08-15,EMAIL,D. Aguilar,PAYMENT_CONFIRMED,
ACT-0001511,INV-0029932,C00286,2025-10-27,CALL,D. Aguilar,NO_ANSWER,
ACT-0001512,INV-0029932,C00286,2025-09-13,EMAIL,D. Aguilar,PROMISE_TO_PAY,2025-09-28
ACT-0001513,INV-0029932,C00286,2025-09-19,CALL,D. Aguilar,NO_ANSWER,
ACT-0001514,INV-0013692,C00121,2026-05-30,ESCALATION,R. Salazar,INFO_REQUESTED,
ACT-0001515,INV-0005062,C00044,2026-06-21,STATEMENT,B. Quintana,PROMISE_TO_PAY,2026-07-01
ACT-0001516,INV-0013125,C00116,2025-12-20,EMAIL,B. Quintana,INFO_REQUESTED,
ACT-0001517,INV-0013125,C00116,2026-01-10,EMAIL,B. Quintana,PROMISE_TO_PAY,2026-02-03
ACT-0001518,INV-0007952,C00069,2025-05-01,STATEMENT,F. Zamora,PROMISE_TO_PAY,2025-05-19
ACT-0001519,INV-0007952,C00069,2025-06-11,CALL,F. Zamora,NO_ANSWER,
ACT-0001520,INV-0007952,C00069,2025-06-15,EMAIL,F. Zamora,PROMISE_TO_PAY,2025-07-19
ACT-0001521,INV-0022867,C00211,2026-02-20,ESCALATION,D. Aguilar,PROMISE_TO_PAY,2026-03-04
ACT-0001522,INV-0022867,C00211,2026-02-08,CALL,D. Aguilar,NO_ANSWER,
ACT-0001523,INV-0008912,C00077,2026-01-10,EMAIL,P. Ibarra,INFO_REQUESTED,
ACT-0001524,INV-0008912,C00077,2025-12-01,EMAIL,P. Ibarra,PROMISE_TO_PAY,2025-12-28
ACT-0001525,INV-0008912,C00077,2026-02-26,EMAIL,P. Ibarra,DISPUTE_RAISED,
ACT-0001526,INV-0008912,C00077,2026-03-12,EMAIL,P. Ibarra,NO_ANSWER,
ACT-0001527,INV-0013816,C00123,2025-04-13,STATEMENT,V. Cardenas,NO_ANSWER,
ACT-0001528,INV-0013816,C00123,2025-05-31,EMAIL,V. Cardenas,PAYMENT_CONFIRMED,
ACT-0001529,INV-0016772,C00152,2025-07-29,EMAIL,M. Contreras,PAYMENT_CONFIRMED,
ACT-0001530,INV-0016772,C00152,2025-06-10,STATEMENT,M. Contreras,PROMISE_TO_PAY,2025-06-18
ACT-0001531,INV-0016772,C00152,2025-07-12,STATEMENT,M. Contreras,PROMISE_TO_PAY,2025-07-21
ACT-0001532,INV-0012876,C00114,2025-08-09,EMAIL,F. Zamora,PAYMENT_CONFIRMED,
ACT-0001533,INV-0012876,C00114,2025-08-31,EMAIL,F. Zamora,PROMISE_TO_PAY,2025-09-23
ACT-0001534,INV-0021739,C00200,2025-05-17,EMAIL,S. Duarte,PAYMENT_CONFIRMED,
ACT-0001535,INV-0021739,C00200,2025-07-17,STATEMENT,S. Duarte,NO_ANSWER,
ACT-0001536,INV-0027355,C00255,2025-05-05,CALL,J. Villalobos,PAYMENT_CONFIRMED,
ACT-0001537,INV-0027355,C00255,2025-07-07,CALL,J. Villalobos,NO_ANSWER,
ACT-0001538,INV-0020150,C00184,2026-03-31,STATEMENT,L. Moreno,PAYMENT_CONFIRMED,
ACT-0001539,INV-0015117,C00135,2026-02-18,STATEMENT,M. Contreras,PROMISE_TO_PAY,2026-03-06
ACT-0001540,INV-0015117,C00135,2026-01-26,EMAIL,M. Contreras,NO_ANSWER,
ACT-0001541,INV-0015117,C00135,2026-02-04,EMAIL,M. Contreras,DISPUTE_RAISED,
ACT-0001542,INV-0007875,C00068,2025-10-28,CALL,C. Fuentes,INFO_REQUESTED,
ACT-0001543,INV-0007875,C00068,2025-12-23,EMAIL,C. Fuentes,PAYMENT_CONFIRMED,
ACT-0001544,INV-0007875,C00068,2025-12-09,EMAIL,C. Fuentes,PAYMENT_CONFIRMED,
ACT-0001545,INV-0012756,C00113,2025-05-05,CALL,C. Fuentes,PROMISE_TO_PAY,2025-05-12
ACT-0001546,INV-0012756,C00113,2025-06-08,CALL,C. Fuentes,PROMISE_TO_PAY,2025-06-17
ACT-0001547,INV-0012756,C00113,2025-05-18,STATEMENT,C. Fuentes,INFO_REQUESTED,
ACT-0001548,INV-0014457,C00129,2025-12-24,EMAIL,S. Duarte,PROMISE_TO_PAY,2026-01-28
ACT-0001549,INV-0014457,C00129,2025-12-27,EMAIL,S. Duarte,INFO_REQUESTED,
ACT-0001550,INV-0014457,C00129,2026-01-23,EMAIL,S. Duarte,INFO_REQUESTED,
ACT-0001551,INV-0014457,C00129,2026-01-03,EMAIL,S. Duarte,INFO_REQUESTED,
ACT-0001552,INV-0020633,C00189,2026-01-09,EMAIL,M. Contreras,NO_ANSWER,
ACT-0001553,INV-0029034,C00273,2026-02-17,EMAIL,S. Duarte,NO_ANSWER,
ACT-0001554,INV-0029034,C00273,2026-04-20,EMAIL,S. Duarte,PAYMENT_CONFIRMED,
ACT-0001555,INV-0017062,C00155,2025-06-05,CALL,J. Villalobos,DISPUTE_RAISED,
ACT-0001556,INV-0017062,C00155,2025-04-28,STATEMENT,J. Villalobos,PAYMENT_CONFIRMED,
ACT-0001557,INV-0017062,C00155,2025-05-24,CALL,J. Villalobos,DISPUTE_RAISED,
ACT-0001558,INV-0001446,C00013,2025-11-12,STATEMENT,M. Contreras,INFO_REQUESTED,
ACT-0001559,INV-0001446,C00013,2025-12-26,STATEMENT,M. Contreras,PROMISE_TO_PAY,2026-01-17
ACT-0001560,INV-0001446,C00013,2026-01-16,CALL,M. Contreras,PROMISE_TO_PAY,2026-02-23
ACT-0001561,INV-0001446,C00013,2026-01-07,CALL,M. Contreras,NO_ANSWER,
ACT-0001562,INV-0022290,C00205,2026-06-02,EMAIL,J. Villalobos,PAYMENT_CONFIRMED,
ACT-0001563,INV-0022290,C00205,2026-05-01,STATEMENT,J. Villalobos,PROMISE_TO_PAY,2026-05-31
ACT-0001564,INV-0027621,C00257,2026-04-12,EMAIL,G. Montoya,PROMISE_TO_PAY,2026-05-04
ACT-0001565,INV-0009887,C00085,2026-05-15,EMAIL,C. Fuentes,INFO_REQUESTED,
ACT-0001566,INV-0009887,C00085,2026-03-06,EMAIL,C. Fuentes,INFO_REQUESTED,
ACT-0001567,INV-0009887,C00085,2026-03-25,CALL,C. Fuentes,DISPUTE_RAISED,
ACT-0001568,INV-0009887,C00085,2026-05-18,EMAIL,C. Fuentes,NO_ANSWER,
ACT-0001569,INV-0024656,C00228,2026-04-13,STATEMENT,F. Zamora,DISPUTE_RAISED,
ACT-0001570,INV-0011698,C00102,2026-01-02,STATEMENT,N. Espinoza,DISPUTE_RAISED,
ACT-0001571,INV-0011698,C00102,2026-03-12,EMAIL,N. Espinoza,INFO_REQUESTED,
ACT-0001572,INV-0011698,C00102,2026-01-12,CALL,N. Espinoza,NO_ANSWER,
ACT-0001573,INV-0011698,C00102,2026-02-03,CALL,N. Espinoza,NO_ANSWER,
ACT-0001574,INV-0029266,C00276,2026-06-14,EMAIL,A. Reyes,NO_ANSWER,
ACT-0001575,INV-0029266,C00276,2026-06-28,EMAIL,A. Reyes,PAYMENT_CONFIRMED,
ACT-0001576,INV-0025049,C00232,2025-10-30,CALL,F. Zamora,INFO_REQUESTED,
ACT-0001577,INV-0021114,C00194,2025-06-10,EMAIL,P. Ibarra,DISPUTE_RAISED,
ACT-0001578,INV-0004220,C00037,2026-06-09,EMAIL,P. Ibarra,PAYMENT_CONFIRMED,
ACT-0001579,INV-0004220,C00037,2026-06-15,EMAIL,P. Ibarra,DISPUTE_RAISED,
ACT-0001580,INV-0008702,C00075,2026-03-07,ESCALATION,D. Aguilar,PROMISE_TO_PAY,2026-03-28
ACT-0001581,INV-0008702,C00075,2026-03-24,EMAIL,D. Aguilar,INFO_REQUESTED,
ACT-0001582,INV-0008702,C00075,2026-05-11,EMAIL,D. Aguilar,PROMISE_TO_PAY,2026-06-04
ACT-0001583,INV-0008702,C00075,2026-05-07,EMAIL,D. Aguilar,PROMISE_TO_PAY,2026-05-23
ACT-0001584,INV-0019799,C00181,2025-07-31,CALL,A. Reyes,PROMISE_TO_PAY,2025-08-24
ACT-0001585,INV-0019799,C00181,2025-08-25,STATEMENT,A. Reyes,PAYMENT_CONFIRMED,
ACT-0001586,INV-0007755,C00067,2025-10-24,CALL,A. Reyes,PAYMENT_CONFIRMED,
ACT-0001587,INV-0007755,C00067,2025-12-01,EMAIL,A. Reyes,NO_ANSWER,
ACT-0001588,INV-0007755,C00067,2025-12-14,STATEMENT,A. Reyes,INFO_REQUESTED,
ACT-0001589,INV-0007755,C00067,2026-01-06,ESCALATION,A. Reyes,PAYMENT_CONFIRMED,
ACT-0001590,INV-0007512,C00065,2025-09-09,EMAIL,F. Zamora,PAYMENT_CONFIRMED,
ACT-0001591,INV-0007512,C00065,2025-09-05,CALL,F. Zamora,DISPUTE_RAISED,
ACT-0001592,INV-0007512,C00065,2025-09-13,EMAIL,F. Zamora,NO_ANSWER,
ACT-0001593,INV-0010377,C00089,2026-06-02,EMAIL,R. Salazar,PROMISE_TO_PAY,2026-06-23
ACT-0001594,INV-0000242,C00003,2025-05-09,ESCALATION,V. Cardenas,INFO_REQUESTED,
ACT-0001595,INV-0009723,C00084,2025-05-21,CALL,C. Fuentes,INFO_REQUESTED,
ACT-0001596,INV-0009723,C00084,2025-06-02,EMAIL,C. Fuentes,DISPUTE_RAISED,
ACT-0001597,INV-0009723,C00084,2025-07-08,EMAIL,C. Fuentes,PAYMENT_CONFIRMED,
ACT-0001598,INV-0009723,C00084,2025-07-16,CALL,C. Fuentes,PROMISE_TO_PAY,2025-07-31
ACT-0001599,INV-0015110,C00135,2025-12-29,EMAIL,M. Contreras,DISPUTE_RAISED,
ACT-0001600,INV-0001949,C00017,2026-04-24,STATEMENT,D. Aguilar,PROMISE_TO_PAY,2026-05-27
ACT-0001601,INV-0001949,C00017,2026-05-03,CALL,D. Aguilar,NO_ANSWER,
ACT-0001602,INV-0001949,C00017,2026-05-12,EMAIL,D. Aguilar,PROMISE_TO_PAY,2026-05-31
ACT-0001603,INV-0023632,C00218,2026-01-11,CALL,N. Espinoza,NO_ANSWER,
ACT-0001604,INV-0023632,C00218,2026-02-15,CALL,N. Espinoza,DISPUTE_RAISED,
ACT-0001605,INV-0023632,C00218,2026-04-26,CALL,N. Espinoza,PROMISE_TO_PAY,2026-05-11
ACT-0001606,INV-0007965,C00069,2025-08-22,EMAIL,F. Zamora,PROMISE_TO_PAY,2025-09-18
ACT-0001607,INV-0007965,C00069,2025-07-21,EMAIL,F. Zamora,PAYMENT_CONFIRMED,
ACT-0001608,INV-0003115,C00028,2025-06-05,CALL,G. Montoya,NO_ANSWER,
ACT-0001609,INV-0003115,C00028,2025-05-07,STATEMENT,G. Montoya,PROMISE_TO_PAY,2025-05-30
ACT-0001610,INV-0003115,C00028,2025-04-29,ESCALATION,G. Montoya,NO_ANSWER,
ACT-0001611,INV-0003115,C00028,2025-06-24,CALL,G. Montoya,PROMISE_TO_PAY,2025-07-21
ACT-0001612,INV-0018541,C00169,2025-11-01,ESCALATION,T. Rivas,PROMISE_TO_PAY,2025-11-07
ACT-0001613,INV-0018541,C00169,2025-09-29,EMAIL,T. Rivas,DISPUTE_RAISED,
ACT-0001614,INV-0022076,C00203,2026-01-07,EMAIL,R. Salazar,INFO_REQUESTED,
ACT-0001615,INV-0022076,C00203,2026-03-11,CALL,R. Salazar,PROMISE_TO_PAY,2026-03-31
ACT-0001616,INV-0022076,C00203,2026-04-06,ESCALATION,R. Salazar,PROMISE_TO_PAY,2026-05-08
ACT-0001617,INV-0004632,C00041,2025-05-01,EMAIL,P. Ibarra,INFO_REQUESTED,
ACT-0001618,INV-0004632,C00041,2025-05-12,CALL,P. Ibarra,PAYMENT_CONFIRMED,
ACT-0001619,INV-0004632,C00041,2025-07-03,CALL,P. Ibarra,PAYMENT_CONFIRMED,
ACT-0001620,INV-0004632,C00041,2025-07-08,CALL,P. Ibarra,NO_ANSWER,
ACT-0001621,INV-0029712,C00283,2025-05-27,EMAIL,P. Ibarra,NO_ANSWER,
ACT-0001622,INV-0029712,C00283,2025-06-15,EMAIL,P. Ibarra,NO_ANSWER,
ACT-0001623,INV-0029712,C00283,2025-04-22,CALL,P. Ibarra,PROMISE_TO_PAY,2025-05-02
ACT-0001624,INV-0029712,C00283,2025-07-10,EMAIL,P. Ibarra,PROMISE_TO_PAY,2025-07-24
ACT-0001625,INV-0008384,C00072,2026-06-20,EMAIL,J. Villalobos,DISPUTE_RAISED,
ACT-0001626,INV-0020089,C00184,2025-06-27,EMAIL,L. Moreno,PROMISE_TO_PAY,2025-07-23
ACT-0001627,INV-0020089,C00184,2025-05-31,EMAIL,L. Moreno,NO_ANSWER,
ACT-0001628,INV-0020089,C00184,2025-06-23,EMAIL,L. Moreno,NO_ANSWER,
ACT-0001629,INV-0009136,C00079,2025-08-23,EMAIL,B. Quintana,PROMISE_TO_PAY,2025-09-13
ACT-0001630,INV-0009136,C00079,2025-11-13,EMAIL,B. Quintana,PAYMENT_CONFIRMED,
ACT-0001631,INV-0009136,C00079,2025-09-09,EMAIL,B. Quintana,INFO_REQUESTED,
ACT-0001632,INV-0010364,C00089,2026-06-30,EMAIL,R. Salazar,PAYMENT_CONFIRMED,
ACT-0001633,INV-0010364,C00089,2026-05-24,CALL,R. Salazar,PAYMENT_CONFIRMED,
ACT-0001634,INV-0024010,C00222,2025-10-04,ESCALATION,F. Zamora,NO_ANSWER,
ACT-0001635,INV-0005949,C00052,2025-04-30,ESCALATION,C. Fuentes,PAYMENT_CONFIRMED,
ACT-0001636,INV-0005949,C00052,2025-07-14,STATEMENT,C. Fuentes,NO_ANSWER,
ACT-0001637,INV-0021409,C00196,2026-06-18,EMAIL,R. Salazar,NO_ANSWER,
ACT-0001638,INV-0003811,C00034,2025-08-10,CALL,L. Moreno,PAYMENT_CONFIRMED,
ACT-0001639,INV-0003811,C00034,2025-09-05,EMAIL,L. Moreno,INFO_REQUESTED,
ACT-0001640,INV-0003178,C00028,2026-03-22,ESCALATION,G. Montoya,INFO_REQUESTED,
ACT-0001641,INV-0004910,C00043,2026-01-13,STATEMENT,S. Duarte,PROMISE_TO_PAY,2026-02-03
ACT-0001642,INV-0004910,C00043,2026-02-25,EMAIL,S. Duarte,PROMISE_TO_PAY,2026-03-16
ACT-0001643,INV-0004910,C00043,2026-01-24,CALL,S. Duarte,PAYMENT_CONFIRMED,
ACT-0001644,INV-0004910,C00043,2026-04-22,STATEMENT,S. Duarte,NO_ANSWER,
ACT-0001645,INV-0008593,C00074,2026-04-14,EMAIL,L. Moreno,INFO_REQUESTED,
ACT-0001646,INV-0008593,C00074,2026-05-15,CALL,L. Moreno,NO_ANSWER,
ACT-0001647,INV-0025644,C00238,2026-01-11,CALL,A. Reyes,NO_ANSWER,
ACT-0001648,INV-0025644,C00238,2025-12-02,STATEMENT,A. Reyes,DISPUTE_RAISED,
ACT-0001649,INV-0025644,C00238,2026-02-10,STATEMENT,A. Reyes,PAYMENT_CONFIRMED,
ACT-0001650,INV-0025644,C00238,2025-12-05,STATEMENT,A. Reyes,PAYMENT_CONFIRMED,
ACT-0001651,INV-0004902,C00043,2025-11-08,EMAIL,S. Duarte,PROMISE_TO_PAY,2025-11-18
ACT-0001652,INV-0004902,C00043,2025-11-11,STATEMENT,S. Duarte,NO_ANSWER,
ACT-0001653,INV-0004902,C00043,2025-12-16,CALL,S. Duarte,NO_ANSWER,
ACT-0001654,INV-0017530,C00159,2025-09-16,EMAIL,A. Reyes,INFO_REQUESTED,
ACT-0001655,INV-0017530,C00159,2025-08-18,EMAIL,A. Reyes,PAYMENT_CONFIRMED,
ACT-0001656,INV-0023748,C00219,2026-05-30,EMAIL,B. Quintana,INFO_REQUESTED,
ACT-0001657,INV-0023748,C00219,2026-06-14,EMAIL,B. Quintana,PROMISE_TO_PAY,2026-07-10
ACT-0001658,INV-0003478,C00031,2025-11-04,CALL,N. Espinoza,DISPUTE_RAISED,
ACT-0001659,INV-0003478,C00031,2025-11-24,EMAIL,N. Espinoza,PAYMENT_CONFIRMED,
ACT-0001660,INV-0017840,C00162,2025-12-13,CALL,R. Salazar,PAYMENT_CONFIRMED,
ACT-0001661,INV-0017840,C00162,2026-01-25,CALL,R. Salazar,PROMISE_TO_PAY,2026-02-27
ACT-0001662,INV-0017840,C00162,2025-12-07,CALL,R. Salazar,INFO_REQUESTED,
ACT-0001663,INV-0007542,C00065,2025-12-27,CALL,F. Zamora,NO_ANSWER,
ACT-0001664,INV-0007542,C00065,2025-12-05,CALL,F. Zamora,INFO_REQUESTED,
ACT-0001665,INV-0007542,C00065,2025-12-20,EMAIL,F. Zamora,PROMISE_TO_PAY,2026-01-18
ACT-0001666,INV-0007542,C00065,2026-01-27,EMAIL,F. Zamora,NO_ANSWER,
ACT-0001667,INV-0021275,C00195,2026-06-16,EMAIL,R. Salazar,NO_ANSWER,
ACT-0001668,INV-0021275,C00195,2026-05-22,STATEMENT,R. Salazar,DISPUTE_RAISED,
ACT-0001669,INV-0002771,C00025,2025-06-21,CALL,B. Quintana,NO_ANSWER,
ACT-0001670,INV-0002771,C00025,2025-07-01,EMAIL,B. Quintana,PAYMENT_CONFIRMED,
ACT-0001671,INV-0002771,C00025,2025-07-28,EMAIL,B. Quintana,NO_ANSWER,
ACT-0001672,INV-0013297,C00118,2025-06-11,EMAIL,M. Contreras,INFO_REQUESTED,
ACT-0001673,INV-0013297,C00118,2025-05-21,STATEMENT,M. Contreras,DISPUTE_RAISED,
ACT-0001674,INV-0013297,C00118,2025-06-07,CALL,M. Contreras,PROMISE_TO_PAY,2025-07-01
ACT-0001675,INV-0026415,C00245,2026-05-23,STATEMENT,S. Duarte,PROMISE_TO_PAY,2026-06-05
ACT-0001676,INV-0026415,C00245,2026-05-15,ESCALATION,S. Duarte,NO_ANSWER,
ACT-0001677,INV-0009042,C00078,2025-12-12,ESCALATION,C. Fuentes,NO_ANSWER,
ACT-0001678,INV-0009042,C00078,2026-02-13,CALL,C. Fuentes,NO_ANSWER,
ACT-0001679,INV-0024831,C00230,2025-08-26,CALL,N. Espinoza,NO_ANSWER,
ACT-0001680,INV-0009430,C00081,2026-06-03,CALL,T. Rivas,PAYMENT_CONFIRMED,
ACT-0001681,INV-0009430,C00081,2026-05-07,EMAIL,T. Rivas,PROMISE_TO_PAY,2026-05-20
ACT-0001682,INV-0009430,C00081,2026-05-11,EMAIL,T. Rivas,PROMISE_TO_PAY,2026-06-11
ACT-0001683,INV-0014125,C00126,2025-04-29,EMAIL,S. Duarte,PROMISE_TO_PAY,2025-05-11
ACT-0001684,INV-0014125,C00126,2025-05-11,EMAIL,S. Duarte,NO_ANSWER,
ACT-0001685,INV-0014125,C00126,2025-08-04,EMAIL,S. Duarte,PROMISE_TO_PAY,2025-09-06
ACT-0001686,INV-0026805,C00249,2026-03-31,CALL,L. Moreno,PAYMENT_CONFIRMED,
ACT-0001687,INV-0017345,C00157,2026-01-02,CALL,F. Zamora,PROMISE_TO_PAY,2026-02-01
ACT-0001688,INV-0017345,C00157,2026-03-11,CALL,F. Zamora,PROMISE_TO_PAY,2026-03-30
ACT-0001689,INV-0017345,C00157,2026-04-01,EMAIL,F. Zamora,NO_ANSWER,
ACT-0001690,INV-0017345,C00157,2026-04-02,EMAIL,F. Zamora,INFO_REQUESTED,
ACT-0001691,INV-0005059,C00044,2026-06-22,STATEMENT,B. Quintana,DISPUTE_RAISED,
ACT-0001692,INV-0005059,C00044,2026-06-07,CALL,B. Quintana,NO_ANSWER,
ACT-0001693,INV-0005098,C00045,2025-05-13,STATEMENT,S. Duarte,PAYMENT_CONFIRMED,
ACT-0001694,INV-0006823,C00059,2025-10-26,EMAIL,R. Salazar,PAYMENT_CONFIRMED,
ACT-0001695,INV-0006823,C00059,2025-11-25,CALL,R. Salazar,INFO_REQUESTED,
ACT-0001696,INV-0006823,C00059,2026-01-05,EMAIL,R. Salazar,PROMISE_TO_PAY,2026-01-10
ACT-0001697,INV-0026261,C00244,2025-08-06,ESCALATION,P. Ibarra,PROMISE_TO_PAY,2025-08-21
ACT-0001698,INV-0026261,C00244,2025-09-18,CALL,P. Ibarra,PAYMENT_CONFIRMED,
ACT-0001699,INV-0026261,C00244,2025-10-16,EMAIL,P. Ibarra,NO_ANSWER,
ACT-0001700,INV-0009193,C00079,2026-06-29,ESCALATION,B. Quintana,NO_ANSWER,
ACT-0001701,INV-0024405,C00226,2025-09-13,CALL,B. Quintana,PAYMENT_CONFIRMED,
ACT-0001702,INV-0024405,C00226,2025-08-17,CALL,B. Quintana,NO_ANSWER,
ACT-0001703,INV-0024405,C00226,2025-09-29,EMAIL,B. Quintana,NO_ANSWER,
ACT-0001704,INV-0027189,C00253,2025-11-03,CALL,T. Rivas,DISPUTE_RAISED,
ACT-0001705,INV-0027189,C00253,2026-01-11,EMAIL,T. Rivas,NO_ANSWER,
ACT-0001706,INV-0027189,C00253,2025-12-27,EMAIL,T. Rivas,NO_ANSWER,
ACT-0001707,INV-0009597,C00083,2025-03-12,EMAIL,R. Salazar,PROMISE_TO_PAY,2025-03-31
ACT-0001708,INV-0009597,C00083,2025-06-10,STATEMENT,R. Salazar,PROMISE_TO_PAY,2025-06-19
ACT-0001709,INV-0009597,C00083,2025-04-27,EMAIL,R. Salazar,NO_ANSWER,
ACT-0001710,INV-0009597,C00083,2025-06-10,EMAIL,R. Salazar,NO_ANSWER,
ACT-0001711,INV-0027973,C00261,2025-05-20,EMAIL,P. Ibarra,PROMISE_TO_PAY,2025-06-27
ACT-0001712,INV-0025759,C00239,2025-12-31,EMAIL,B. Quintana,NO_ANSWER,
ACT-0001713,INV-0025759,C00239,2026-01-11,EMAIL,B. Quintana,PROMISE_TO_PAY,2026-01-28
ACT-0001714,INV-0025759,C00239,2026-02-14,CALL,B. Quintana,PAYMENT_CONFIRMED,
ACT-0001715,INV-0000299,C00003,2026-02-17,CALL,V. Cardenas,INFO_REQUESTED,
ACT-0001716,INV-0000299,C00003,2026-02-13,EMAIL,V. Cardenas,NO_ANSWER,
ACT-0001717,INV-0000759,C00007,2026-03-13,CALL,T. Rivas,NO_ANSWER,
ACT-0001718,INV-0000759,C00007,2026-05-14,EMAIL,T. Rivas,PAYMENT_CONFIRMED,
ACT-0001719,INV-0008424,C00073,2025-07-13,CALL,D. Aguilar,NO_ANSWER,
ACT-0001720,INV-0008424,C00073,2025-08-11,STATEMENT,D. Aguilar,INFO_REQUESTED,
ACT-0001721,INV-0015916,C00143,2026-04-07,CALL,P. Ibarra,INFO_REQUESTED,
ACT-0001722,INV-0027599,C00257,2025-11-04,STATEMENT,G. Montoya,NO_ANSWER,
ACT-0001723,INV-0013150,C00116,2026-05-06,EMAIL,B. Quintana,PAYMENT_CONFIRMED,
ACT-0001724,INV-0013150,C00116,2026-03-09,EMAIL,B. Quintana,PROMISE_TO_PAY,2026-04-15
ACT-0001725,INV-0009170,C00079,2026-05-27,EMAIL,B. Quintana,DISPUTE_RAISED,
ACT-0001726,INV-0009170,C00079,2026-05-08,STATEMENT,B. Quintana,NO_ANSWER,
ACT-0001727,INV-0020149,C00184,2026-04-13,STATEMENT,L. Moreno,NO_ANSWER,
ACT-0001728,INV-0020149,C00184,2026-03-22,EMAIL,L. Moreno,PROMISE_TO_PAY,2026-03-27
ACT-0001729,INV-0016317,C00147,2026-03-29,EMAIL,M. Contreras,PROMISE_TO_PAY,2026-04-24
ACT-0001730,INV-0003486,C00031,2025-11-15,EMAIL,N. Espinoza,PROMISE_TO_PAY,2025-12-02
ACT-0001731,INV-0003486,C00031,2025-11-06,EMAIL,N. Espinoza,NO_ANSWER,
ACT-0001732,INV-0003486,C00031,2025-11-01,CALL,N. Espinoza,INFO_REQUESTED,
ACT-0001733,INV-0003486,C00031,2025-11-04,CALL,N. Espinoza,PROMISE_TO_PAY,2025-12-07
ACT-0001734,INV-0015434,C00138,2026-04-22,EMAIL,N. Espinoza,NO_ANSWER,
ACT-0001735,INV-0015434,C00138,2026-03-18,EMAIL,N. Espinoza,PROMISE_TO_PAY,2026-03-25
ACT-0001736,INV-0015434,C00138,2026-03-23,STATEMENT,N. Espinoza,PAYMENT_CONFIRMED,
ACT-0001737,INV-0000046,C00001,2025-11-26,CALL,B. Quintana,DISPUTE_RAISED,
ACT-0001738,INV-0000046,C00001,2025-11-29,CALL,B. Quintana,PAYMENT_CONFIRMED,
ACT-0001739,INV-0021374,C00196,2026-02-08,CALL,R. Salazar,PAYMENT_CONFIRMED,
ACT-0001740,INV-0021374,C00196,2026-02-23,EMAIL,R. Salazar,PROMISE_TO_PAY,2026-03-26
ACT-0001741,INV-0021770,C00200,2025-10-12,EMAIL,S. Duarte,PROMISE_TO_PAY,2025-11-10
ACT-0001742,INV-0021770,C00200,2025-11-21,STATEMENT,S. Duarte,PROMISE_TO_PAY,2025-12-03
ACT-0001743,INV-0005421,C00047,2026-05-09,EMAIL,V. Cardenas,NO_ANSWER,
ACT-0001744,INV-0005421,C00047,2026-06-13,CALL,V. Cardenas,PAYMENT_CONFIRMED,
ACT-0001745,INV-0007151,C00062,2025-09-12,CALL,P. Ibarra,INFO_REQUESTED,
ACT-0001746,INV-0007151,C00062,2025-08-26,CALL,P. Ibarra,NO_ANSWER,
ACT-0001747,INV-0007151,C00062,2025-08-02,EMAIL,P. Ibarra,PROMISE_TO_PAY,2025-08-26
ACT-0001748,INV-0007151,C00062,2025-10-13,STATEMENT,P. Ibarra,PAYMENT_CONFIRMED,
ACT-0001749,INV-0030533,C00294,2026-06-18,EMAIL,R. Salazar,INFO_REQUESTED,
ACT-0001750,INV-0030533,C00294,2026-06-19,STATEMENT,R. Salazar,PROMISE_TO_PAY,2026-07-05
ACT-0001751,INV-0010075,C00087,2025-04-27,CALL,D. Aguilar,PROMISE_TO_PAY,2025-05-23
ACT-0001752,INV-0010075,C00087,2025-06-11,ESCALATION,D. Aguilar,DISPUTE_RAISED,
ACT-0001753,INV-0010075,C00087,2025-07-01,ESCALATION,D. Aguilar,PAYMENT_CONFIRMED,
ACT-0001754,INV-0010075,C00087,2025-08-04,CALL,D. Aguilar,PROMISE_TO_PAY,2025-09-07
ACT-0001755,INV-0001477,C00013,2026-06-05,STATEMENT,M. Contreras,INFO_REQUESTED,
ACT-0001756,INV-0001477,C00013,2026-05-21,EMAIL,M. Contreras,NO_ANSWER,
ACT-0001757,INV-0001467,C00013,2026-01-06,EMAIL,M. Contreras,NO_ANSWER,
ACT-0001758,INV-0001467,C00013,2026-02-22,ESCALATION,M. Contreras,PROMISE_TO_PAY,2026-03-03
ACT-0001759,INV-0001467,C00013,2026-04-16,CALL,M. Contreras,INFO_REQUESTED,
ACT-0001760,INV-0001467,C00013,2026-03-30,STATEMENT,M. Contreras,NO_ANSWER,
ACT-0001761,INV-0016300,C00147,2025-12-08,CALL,M. Contreras,PROMISE_TO_PAY,2025-12-29
ACT-0001762,INV-0016300,C00147,2025-11-23,EMAIL,M. Contreras,NO_ANSWER,
ACT-0001763,INV-0014981,C00134,2025-08-02,EMAIL,V. Cardenas,INFO_REQUESTED,
ACT-0001764,INV-0023263,C00215,2025-05-26,CALL,M. Contreras,DISPUTE_RAISED,
ACT-0001765,INV-0023263,C00215,2025-06-26,ESCALATION,M. Contreras,PROMISE_TO_PAY,2025-07-15
ACT-0001766,INV-0023263,C00215,2025-06-05,EMAIL,M. Contreras,NO_ANSWER,
ACT-0001767,INV-0020155,C00184,2026-05-20,EMAIL,L. Moreno,NO_ANSWER,
ACT-0001768,INV-0027803,C00259,2025-09-13,EMAIL,A. Reyes,NO_ANSWER,
ACT-0001769,INV-0027803,C00259,2025-10-21,CALL,A. Reyes,PROMISE_TO_PAY,2025-11-07
ACT-0001770,INV-0027803,C00259,2025-12-21,ESCALATION,A. Reyes,PAYMENT_CONFIRMED,
ACT-0001771,INV-0027803,C00259,2025-11-19,EMAIL,A. Reyes,PROMISE_TO_PAY,2025-12-03
ACT-0001772,INV-0020006,C00183,2025-08-03,CALL,F. Zamora,PROMISE_TO_PAY,2025-08-29
ACT-0001773,INV-0020006,C00183,2025-08-12,CALL,F. Zamora,INFO_REQUESTED,
ACT-0001774,INV-0015173,C00136,2025-07-09,STATEMENT,B. Quintana,PROMISE_TO_PAY,2025-07-24
ACT-0001775,INV-0015173,C00136,2025-07-21,EMAIL,B. Quintana,PROMISE_TO_PAY,2025-08-10
ACT-0001776,INV-0002613,C00023,2026-05-28,EMAIL,C. Fuentes,NO_ANSWER,
ACT-0001777,INV-0008989,C00078,2025-04-02,EMAIL,C. Fuentes,INFO_REQUESTED,
ACT-0001778,INV-0008989,C00078,2025-06-13,ESCALATION,C. Fuentes,INFO_REQUESTED,
ACT-0001779,INV-0008989,C00078,2025-05-14,EMAIL,C. Fuentes,DISPUTE_RAISED,
ACT-0001780,INV-0006934,C00060,2025-12-24,STATEMENT,P. Ibarra,NO_ANSWER,
ACT-0001781,INV-0006934,C00060,2025-12-20,CALL,P. Ibarra,PAYMENT_CONFIRMED,
ACT-0001782,INV-0020412,C00187,2025-08-28,CALL,B. Quintana,PAYMENT_CONFIRMED,
ACT-0001783,INV-0013328,C00118,2025-08-26,ESCALATION,M. Contreras,PROMISE_TO_PAY,2025-09-12
ACT-0001784,INV-0013328,C00118,2025-11-17,EMAIL,M. Contreras,NO_ANSWER,
ACT-0001785,INV-0026070,C00242,2026-03-17,STATEMENT,L. Moreno,NO_ANSWER,
ACT-0001786,INV-0026070,C00242,2026-04-03,CALL,L. Moreno,NO_ANSWER,
ACT-0001787,INV-0026070,C00242,2026-03-06,EMAIL,L. Moreno,DISPUTE_RAISED,
ACT-0001788,INV-0026070,C00242,2026-03-05,CALL,L. Moreno,DISPUTE_RAISED,
ACT-0001789,INV-0006081,C00053,2025-07-11,CALL,M. Contreras,DISPUTE_RAISED,
ACT-0001790,INV-0006081,C00053,2025-07-22,CALL,M. Contreras,PROMISE_TO_PAY,2025-08-08
ACT-0001791,INV-0006081,C00053,2025-09-16,EMAIL,M. Contreras,PROMISE_TO_PAY,2025-10-09
ACT-0001792,INV-0006081,C00053,2025-08-11,ESCALATION,M. Contreras,DISPUTE_RAISED,
ACT-0001793,INV-0017959,C00163,2026-04-02,CALL,A. Reyes,NO_ANSWER,
ACT-0001794,INV-0017959,C00163,2026-04-20,EMAIL,A. Reyes,PROMISE_TO_PAY,2026-05-21
ACT-0001795,INV-0017959,C00163,2026-04-15,CALL,A. Reyes,DISPUTE_RAISED,
ACT-0001796,INV-0017959,C00163,2026-06-15,ESCALATION,A. Reyes,NO_ANSWER,
ACT-0001797,INV-0014167,C00126,2026-01-29,EMAIL,S. Duarte,NO_ANSWER,
ACT-0001798,INV-0014167,C00126,2026-02-12,CALL,S. Duarte,DISPUTE_RAISED,
ACT-0001799,INV-0014167,C00126,2026-01-06,EMAIL,S. Duarte,PROMISE_TO_PAY,2026-01-25
ACT-0001800,INV-0014167,C00126,2026-02-26,CALL,S. Duarte,PROMISE_TO_PAY,2026-03-18
ACT-0001801,INV-0003225,C00029,2025-05-25,EMAIL,C. Fuentes,DISPUTE_RAISED,
ACT-0001802,INV-0013201,C00117,2025-08-07,CALL,C. Fuentes,NO_ANSWER,
ACT-0001803,INV-0009505,C00082,2025-10-26,CALL,R. Salazar,NO_ANSWER,
ACT-0001804,INV-0009505,C00082,2025-12-04,EMAIL,R. Salazar,PAYMENT_CONFIRMED,
ACT-0001805,INV-0009505,C00082,2025-09-27,EMAIL,R. Salazar,PAYMENT_CONFIRMED,
ACT-0001806,INV-0009505,C00082,2025-10-18,CALL,R. Salazar,PAYMENT_CONFIRMED,
ACT-0001807,INV-0008293,C00072,2025-04-21,CALL,J. Villalobos,NO_ANSWER,
ACT-0001808,INV-0008293,C00072,2025-07-09,CALL,J. Villalobos,NO_ANSWER,
ACT-0001809,INV-0000369,C00004,2025-07-06,EMAIL,T. Rivas,PAYMENT_CONFIRMED,
ACT-0001810,INV-0000369,C00004,2025-08-03,EMAIL,T. Rivas,NO_ANSWER,
ACT-0001811,INV-0000369,C00004,2025-10-25,CALL,T. Rivas,PROMISE_TO_PAY,2025-11-08
ACT-0001812,INV-0026803,C00249,2026-03-02,EMAIL,L. Moreno,NO_ANSWER,
ACT-0001813,INV-0026803,C00249,2026-02-15,EMAIL,L. Moreno,PROMISE_TO_PAY,2026-02-26
ACT-0001814,INV-0018810,C00172,2025-05-12,ESCALATION,T. Rivas,DISPUTE_RAISED,
ACT-0001815,INV-0020292,C00186,2025-05-12,EMAIL,N. Espinoza,INFO_REQUESTED,
ACT-0001816,INV-0029543,C00280,2026-03-27,ESCALATION,M. Contreras,PROMISE_TO_PAY,2026-04-13
ACT-0001817,INV-0017527,C00159,2025-09-15,CALL,A. Reyes,PAYMENT_CONFIRMED,
ACT-0001818,INV-0017527,C00159,2025-08-18,STATEMENT,A. Reyes,DISPUTE_RAISED,
ACT-0001819,INV-0026258,C00244,2025-09-08,EMAIL,P. Ibarra,PAYMENT_CONFIRMED,
ACT-0001820,INV-0026258,C00244,2025-08-26,CALL,P. Ibarra,INFO_REQUESTED,
ACT-0001821,INV-0026258,C00244,2025-08-10,EMAIL,P. Ibarra,PROMISE_TO_PAY,2025-09-09
ACT-0001822,INV-0013571,C00120,2026-05-27,EMAIL,D. Aguilar,NO_ANSWER,
ACT-0001823,INV-0013571,C00120,2026-04-13,EMAIL,D. Aguilar,NO_ANSWER,
ACT-0001824,INV-0019199,C00175,2026-02-09,EMAIL,B. Quintana,PROMISE_TO_PAY,2026-03-06
ACT-0001825,INV-0019199,C00175,2026-04-15,EMAIL,B. Quintana,NO_ANSWER,
ACT-0001826,INV-0020131,C00184,2025-12-01,CALL,L. Moreno,PAYMENT_CONFIRMED,
ACT-0001827,INV-0020131,C00184,2026-02-04,CALL,L. Moreno,INFO_REQUESTED,
ACT-0001828,INV-0022507,C00208,2025-03-21,STATEMENT,B. Quintana,PROMISE_TO_PAY,2025-03-29
ACT-0001829,INV-0001285,C00012,2025-05-28,EMAIL,C. Fuentes,NO_ANSWER,
ACT-0001830,INV-0001285,C00012,2025-08-14,CALL,C. Fuentes,DISPUTE_RAISED,
ACT-0001831,INV-0000518,C00005,2025-12-14,EMAIL,V. Cardenas,INFO_REQUESTED,
ACT-0001832,INV-0008328,C00072,2025-10-19,CALL,J. Villalobos,PROMISE_TO_PAY,2025-11-08
ACT-0001833,INV-0027087,C00252,2025-11-20,EMAIL,D. Aguilar,NO_ANSWER,
ACT-0001834,INV-0027087,C00252,2025-10-31,STATEMENT,D. Aguilar,DISPUTE_RAISED,
ACT-0001835,INV-0027087,C00252,2025-10-03,ESCALATION,D. Aguilar,INFO_REQUESTED,
ACT-0001836,INV-0000123,C00002,2025-04-19,STATEMENT,G. Montoya,PAYMENT_CONFIRMED,
ACT-0001837,INV-0000948,C00009,2025-09-11,EMAIL,A. Reyes,PROMISE_TO_PAY,2025-09-27
ACT-0001838,INV-0000948,C00009,2025-11-13,EMAIL,A. Reyes,PROMISE_TO_PAY,2025-12-22
ACT-0001839,INV-0024620,C00228,2025-09-12,EMAIL,F. Zamora,NO_ANSWER,
ACT-0001840,INV-0024620,C00228,2025-10-23,EMAIL,F. Zamora,PAYMENT_CONFIRMED,
ACT-0001841,INV-0024620,C00228,2025-10-19,EMAIL,F. Zamora,PROMISE_TO_PAY,2025-11-26
ACT-0001842,INV-0024620,C00228,2025-10-08,ESCALATION,F. Zamora,NO_ANSWER,
ACT-0001843,INV-0009687,C00083,2026-05-10,STATEMENT,R. Salazar,PROMISE_TO_PAY,2026-05-16
ACT-0001844,INV-0009687,C00083,2026-04-09,EMAIL,R. Salazar,NO_ANSWER,
ACT-0001845,INV-0025781,C00239,2026-06-04,STATEMENT,B. Quintana,NO_ANSWER,
ACT-0001846,INV-0023717,C00219,2025-12-22,CALL,B. Quintana,PROMISE_TO_PAY,2026-01-23
ACT-0001847,INV-0023717,C00219,2025-12-03,CALL,B. Quintana,NO_ANSWER,
ACT-0001848,INV-0023717,C00219,2026-01-26,ESCALATION,B. Quintana,PAYMENT_CONFIRMED,
ACT-0001849,INV-0023717,C00219,2025-12-09,EMAIL,B. Quintana,PROMISE_TO_PAY,2025-12-14
ACT-0001850,INV-0002804,C00025,2025-10-14,STATEMENT,B. Quintana,NO_ANSWER,
ACT-0001851,INV-0009738,C00084,2025-09-22,STATEMENT,C. Fuentes,DISPUTE_RAISED,
ACT-0001852,INV-0030277,C00291,2025-09-12,EMAIL,J. Villalobos,NO_ANSWER,
ACT-0001853,INV-0030277,C00291,2025-08-15,STATEMENT,J. Villalobos,NO_ANSWER,
ACT-0001854,INV-0030277,C00291,2025-10-28,EMAIL,J. Villalobos,NO_ANSWER,
ACT-0001855,INV-0030277,C00291,2025-11-07,EMAIL,J. Villalobos,PROMISE_TO_PAY,2025-11-25
ACT-0001856,INV-0019061,C00174,2025-10-07,EMAIL,F. Zamora,DISPUTE_RAISED,
ACT-0001857,INV-0019061,C00174,2025-10-10,CALL,F. Zamora,NO_ANSWER,
ACT-0001858,INV-0003156,C00028,2025-12-15,EMAIL,G. Montoya,NO_ANSWER,
ACT-0001859,INV-0003156,C00028,2025-11-22,CALL,G. Montoya,NO_ANSWER,
ACT-0001860,INV-0010398,C00090,2025-06-09,CALL,L. Moreno,DISPUTE_RAISED,
ACT-0001861,INV-0010398,C00090,2025-05-11,CALL,L. Moreno,INFO_REQUESTED,
ACT-0001862,INV-0008763,C00076,2025-06-18,CALL,R. Salazar,PAYMENT_CONFIRMED,
ACT-0001863,INV-0008763,C00076,2025-06-13,EMAIL,R. Salazar,DISPUTE_RAISED,
ACT-0001864,INV-0008763,C00076,2025-07-17,STATEMENT,R. Salazar,NO_ANSWER,
ACT-0001865,INV-0008763,C00076,2025-07-31,CALL,R. Salazar,INFO_REQUESTED,
ACT-0001866,INV-0019164,C00175,2025-07-03,CALL,B. Quintana,PROMISE_TO_PAY,2025-07-23
ACT-0001867,INV-0019164,C00175,2025-07-04,CALL,B. Quintana,PROMISE_TO_PAY,2025-08-08
ACT-0001868,INV-0019164,C00175,2025-07-06,CALL,B. Quintana,NO_ANSWER,
ACT-0001869,INV-0014243,C00127,2025-11-20,EMAIL,P. Ibarra,DISPUTE_RAISED,
ACT-0001870,INV-0014243,C00127,2025-10-30,STATEMENT,P. Ibarra,INFO_REQUESTED,
ACT-0001871,INV-0014243,C00127,2025-12-18,CALL,P. Ibarra,PROMISE_TO_PAY,2025-12-31
ACT-0001872,INV-0022918,C00212,2025-04-03,CALL,P. Ibarra,PROMISE_TO_PAY,2025-04-11
ACT-0001873,INV-0022918,C00212,2025-05-12,STATEMENT,P. Ibarra,PAYMENT_CONFIRMED,
ACT-0001874,INV-0022918,C00212,2025-05-20,CALL,P. Ibarra,NO_ANSWER,
ACT-0001875,INV-0007852,C00068,2025-08-19,EMAIL,C. Fuentes,PROMISE_TO_PAY,2025-09-19
ACT-0001876,INV-0007852,C00068,2025-09-13,ESCALATION,C. Fuentes,PROMISE_TO_PAY,2025-10-16
ACT-0001877,INV-0007289,C00063,2025-10-25,EMAIL,C. Fuentes,PROMISE_TO_PAY,2025-11-16
ACT-0001878,INV-0007289,C00063,2025-10-24,CALL,C. Fuentes,PAYMENT_CONFIRMED,
ACT-0001879,INV-0006916,C00060,2025-06-29,STATEMENT,P. Ibarra,PROMISE_TO_PAY,2025-07-04
ACT-0001880,INV-0006916,C00060,2025-08-23,CALL,P. Ibarra,PROMISE_TO_PAY,2025-09-18
ACT-0001881,INV-0006916,C00060,2025-07-29,EMAIL,P. Ibarra,INFO_REQUESTED,
ACT-0001882,INV-0006916,C00060,2025-09-17,CALL,P. Ibarra,INFO_REQUESTED,
ACT-0001883,INV-0003127,C00028,2025-07-19,EMAIL,G. Montoya,NO_ANSWER,
ACT-0001884,INV-0003127,C00028,2025-05-22,ESCALATION,G. Montoya,PROMISE_TO_PAY,2025-06-26
ACT-0001885,INV-0018252,C00166,2026-03-22,STATEMENT,T. Rivas,PROMISE_TO_PAY,2026-04-09
ACT-0001886,INV-0018252,C00166,2026-04-06,STATEMENT,T. Rivas,PAYMENT_CONFIRMED,
ACT-0001887,INV-0018252,C00166,2026-03-01,CALL,T. Rivas,NO_ANSWER,
ACT-0001888,INV-0018252,C00166,2026-03-21,CALL,T. Rivas,PROMISE_TO_PAY,2026-04-24
ACT-0001889,INV-0008463,C00073,2026-01-28,CALL,D. Aguilar,DISPUTE_RAISED,
ACT-0001890,INV-0008463,C00073,2025-12-09,CALL,D. Aguilar,NO_ANSWER,
ACT-0001891,INV-0012609,C00111,2026-05-10,CALL,G. Montoya,INFO_REQUESTED,
ACT-0001892,INV-0012609,C00111,2026-06-17,CALL,G. Montoya,NO_ANSWER,
ACT-0001893,INV-0005500,C00048,2025-10-28,STATEMENT,T. Rivas,INFO_REQUESTED,
ACT-0001894,INV-0020461,C00187,2026-05-26,STATEMENT,B. Quintana,NO_ANSWER,
ACT-0001895,INV-0023331,C00215,2026-05-13,CALL,M. Contreras,PAYMENT_CONFIRMED,
ACT-0001896,INV-0023331,C00215,2026-06-12,EMAIL,M. Contreras,PROMISE_TO_PAY,2026-07-18
ACT-0001897,INV-0023331,C00215,2026-06-16,CALL,M. Contreras,PROMISE_TO_PAY,2026-07-20
ACT-0001898,INV-0003032,C00027,2025-11-09,EMAIL,L. Moreno,NO_ANSWER,
ACT-0001899,INV-0006959,C00060,2026-04-24,EMAIL,P. Ibarra,PROMISE_TO_PAY,2026-06-01
ACT-0001900,INV-0006959,C00060,2026-02-11,EMAIL,P. Ibarra,NO_ANSWER,
ACT-0001901,INV-0006959,C00060,2026-03-10,EMAIL,P. Ibarra,DISPUTE_RAISED,
ACT-0001902,INV-0006959,C00060,2026-05-17,STATEMENT,P. Ibarra,DISPUTE_RAISED,
ACT-0001903,INV-0015571,C00140,2025-06-06,EMAIL,P. Ibarra,DISPUTE_RAISED,
ACT-0001904,INV-0006839,C00059,2026-03-08,CALL,R. Salazar,NO_ANSWER,
ACT-0001905,INV-0006839,C00059,2026-02-06,EMAIL,R. Salazar,INFO_REQUESTED,
ACT-0001906,INV-0003275,C00029,2026-01-17,CALL,C. Fuentes,PAYMENT_CONFIRMED,
ACT-0001907,INV-0003275,C00029,2026-01-20,CALL,C. Fuentes,PROMISE_TO_PAY,2026-01-26
ACT-0001908,INV-0003275,C00029,2026-02-15,CALL,C. Fuentes,PAYMENT_CONFIRMED,
ACT-0001909,INV-0003275,C00029,2026-03-21,EMAIL,C. Fuentes,DISPUTE_RAISED,
ACT-0001910,INV-0021358,C00196,2025-11-08,CALL,R. Salazar,DISPUTE_RAISED,
ACT-0001911,INV-0021358,C00196,2026-01-03,EMAIL,R. Salazar,PAYMENT_CONFIRMED,
ACT-0001912,INV-0021358,C00196,2026-02-03,CALL,R. Salazar,DISPUTE_RAISED,
ACT-0001913,INV-0021358,C00196,2026-01-17,STATEMENT,R. Salazar,NO_ANSWER,
ACT-0001914,INV-0028129,C00262,2026-01-01,ESCALATION,T. Rivas,NO_ANSWER,
ACT-0001915,INV-0028129,C00262,2026-01-29,EMAIL,T. Rivas,PROMISE_TO_PAY,2026-03-03
ACT-0001916,INV-0028129,C00262,2026-01-13,STATEMENT,T. Rivas,DISPUTE_RAISED,
ACT-0001917,INV-0028129,C00262,2026-03-08,EMAIL,T. Rivas,PROMISE_TO_PAY,2026-03-15
ACT-0001918,INV-0021556,C00198,2025-09-18,CALL,J. Villalobos,PAYMENT_CONFIRMED,
ACT-0001919,INV-0021556,C00198,2025-11-08,CALL,J. Villalobos,NO_ANSWER,
ACT-0001920,INV-0021556,C00198,2025-12-03,ESCALATION,J. Villalobos,PAYMENT_CONFIRMED,
ACT-0001921,INV-0021556,C00198,2025-12-29,CALL,J. Villalobos,DISPUTE_RAISED,
ACT-0001922,INV-0008111,C00070,2025-12-07,CALL,B. Quintana,NO_ANSWER,
ACT-0001923,INV-0006122,C00053,2026-04-19,CALL,M. Contreras,PAYMENT_CONFIRMED,
ACT-0001924,INV-0006122,C00053,2026-04-10,EMAIL,M. Contreras,DISPUTE_RAISED,
ACT-0001925,INV-0006122,C00053,2026-03-20,CALL,M. Contreras,PAYMENT_CONFIRMED,
ACT-0001926,INV-0023712,C00219,2025-09-22,EMAIL,B. Quintana,INFO_REQUESTED,
ACT-0001927,INV-0023712,C00219,2025-11-08,EMAIL,B. Quintana,INFO_REQUESTED,
ACT-0001928,INV-0023712,C00219,2025-12-14,CALL,B. Quintana,PAYMENT_CONFIRMED,
ACT-0001929,INV-0023712,C00219,2025-10-30,EMAIL,B. Quintana,NO_ANSWER,
ACT-0001930,INV-0004038,C00036,2025-09-20,EMAIL,C. Fuentes,PAYMENT_CONFIRMED,
ACT-0001931,INV-0004038,C00036,2025-10-16,ESCALATION,C. Fuentes,INFO_REQUESTED,
ACT-0001932,INV-0004038,C00036,2025-11-18,EMAIL,C. Fuentes,PAYMENT_CONFIRMED,
ACT-0001933,INV-0004038,C00036,2025-10-29,CALL,C. Fuentes,PROMISE_TO_PAY,2025-12-07
ACT-0001934,INV-0017091,C00155,2025-10-04,CALL,J. Villalobos,PROMISE_TO_PAY,2025-11-07
ACT-0001935,INV-0000283,C00003,2025-11-12,CALL,V. Cardenas,NO_ANSWER,
ACT-0001936,INV-0000283,C00003,2025-12-24,EMAIL,V. Cardenas,PAYMENT_CONFIRMED,
ACT-0001937,INV-0000283,C00003,2025-11-17,EMAIL,V. Cardenas,NO_ANSWER,
ACT-0001938,INV-0000283,C00003,2025-12-19,CALL,V. Cardenas,DISPUTE_RAISED,
ACT-0001939,INV-0005121,C00045,2025-11-21,EMAIL,S. Duarte,NO_ANSWER,
ACT-0001940,INV-0005121,C00045,2025-12-07,CALL,S. Duarte,PROMISE_TO_PAY,2026-01-11
ACT-0001941,INV-0019205,C00175,2026-05-26,ESCALATION,B. Quintana,INFO_REQUESTED,
ACT-0001942,INV-0019205,C00175,2026-06-11,EMAIL,B. Quintana,PROMISE_TO_PAY,2026-07-12
ACT-0001943,INV-0019205,C00175,2026-04-29,EMAIL,B. Quintana,NO_ANSWER,
ACT-0001944,INV-0019205,C00175,2026-05-19,CALL,B. Quintana,PAYMENT_CONFIRMED,
ACT-0001945,INV-0012604,C00111,2026-04-24,CALL,G. Montoya,PROMISE_TO_PAY,2026-05-07
ACT-0001946,INV-0012604,C00111,2026-05-27,EMAIL,G. Montoya,PROMISE_TO_PAY,2026-06-17
ACT-0001947,INV-0012604,C00111,2026-04-21,STATEMENT,G. Montoya,PROMISE_TO_PAY,2026-05-22
ACT-0001948,INV-0012604,C00111,2026-04-26,STATEMENT,G. Montoya,PROMISE_TO_PAY,2026-05-10
ACT-0001949,INV-0019624,C00179,2026-01-25,EMAIL,N. Espinoza,PROMISE_TO_PAY,2026-02-04
ACT-0001950,INV-0019624,C00179,2026-04-01,EMAIL,N. Espinoza,DISPUTE_RAISED,
ACT-0001951,INV-0019624,C00179,2026-03-04,STATEMENT,N. Espinoza,DISPUTE_RAISED,
ACT-0001952,INV-0005132,C00045,2026-01-27,CALL,S. Duarte,NO_ANSWER,
ACT-0001953,INV-0005132,C00045,2026-01-01,EMAIL,S. Duarte,INFO_REQUESTED,
ACT-0001954,INV-0005132,C00045,2026-01-04,EMAIL,S. Duarte,PROMISE_TO_PAY,2026-02-10
ACT-0001955,INV-0006357,C00055,2025-12-23,EMAIL,B. Quintana,NO_ANSWER,
ACT-0001956,INV-0006357,C00055,2025-12-31,EMAIL,B. Quintana,NO_ANSWER,
ACT-0001957,INV-0006357,C00055,2026-03-09,STATEMENT,B. Quintana,PROMISE_TO_PAY,2026-03-19
ACT-0001958,INV-0015692,C00141,2025-08-20,EMAIL,B. Quintana,PROMISE_TO_PAY,2025-09-27
ACT-0001959,INV-0015692,C00141,2025-08-05,EMAIL,B. Quintana,PAYMENT_CONFIRMED,
ACT-0001960,INV-0015692,C00141,2025-08-02,CALL,B. Quintana,PAYMENT_CONFIRMED,
ACT-0001961,INV-0015692,C00141,2025-09-06,ESCALATION,B. Quintana,NO_ANSWER,
ACT-0001962,INV-0026074,C00242,2026-03-29,CALL,L. Moreno,DISPUTE_RAISED,
ACT-0001963,INV-0026074,C00242,2026-04-19,CALL,L. Moreno,PROMISE_TO_PAY,2026-05-15
ACT-0001964,INV-0026074,C00242,2026-03-05,STATEMENT,L. Moreno,INFO_REQUESTED,
ACT-0001965,INV-0026074,C00242,2026-05-27,CALL,L. Moreno,NO_ANSWER,
ACT-0001966,INV-0011841,C00103,2026-06-27,CALL,P. Ibarra,DISPUTE_RAISED,
ACT-0001967,INV-0021691,C00199,2026-04-01,EMAIL,V. Cardenas,NO_ANSWER,
ACT-0001968,INV-0022378,C00206,2026-04-20,EMAIL,S. Duarte,PAYMENT_CONFIRMED,
ACT-0001969,INV-0022378,C00206,2026-06-20,CALL,S. Duarte,PROMISE_TO_PAY,2026-07-03
ACT-0001970,INV-0005645,C00049,2026-01-03,EMAIL,T. Rivas,NO_ANSWER,
ACT-0001971,INV-0005645,C00049,2026-02-24,ESCALATION,T. Rivas,NO_ANSWER,
ACT-0001972,INV-0005645,C00049,2026-01-31,EMAIL,T. Rivas,PROMISE_TO_PAY,2026-02-07
ACT-0001973,INV-0010807,C00093,2026-04-10,EMAIL,J. Villalobos,NO_ANSWER,
ACT-0001974,INV-0010807,C00093,2026-04-29,CALL,J. Villalobos,DISPUTE_RAISED,
ACT-0001975,INV-0010807,C00093,2026-05-30,EMAIL,J. Villalobos,PROMISE_TO_PAY,2026-07-01
ACT-0001976,INV-0009788,C00084,2026-04-20,CALL,C. Fuentes,PROMISE_TO_PAY,2026-05-25
ACT-0001977,INV-0009788,C00084,2026-04-19,EMAIL,C. Fuentes,INFO_REQUESTED,
ACT-0001978,INV-0009788,C00084,2026-04-23,EMAIL,C. Fuentes,DISPUTE_RAISED,
ACT-0001979,INV-0009788,C00084,2026-04-16,CALL,C. Fuentes,PROMISE_TO_PAY,2026-05-08
ACT-0001980,INV-0025956,C00241,2026-01-13,ESCALATION,S. Duarte,PROMISE_TO_PAY,2026-02-06
ACT-0001981,INV-0025956,C00241,2025-12-12,CALL,S. Duarte,INFO_REQUESTED,
ACT-0001982,INV-0025956,C00241,2026-01-22,EMAIL,S. Duarte,NO_ANSWER,
ACT-0001983,INV-0010679,C00092,2026-03-28,CALL,P. Ibarra,NO_ANSWER,
ACT-0001984,INV-0002648,C00024,2025-08-06,CALL,C. Fuentes,PROMISE_TO_PAY,2025-08-13
ACT-0001985,INV-0009882,C00085,2026-01-27,EMAIL,C. Fuentes,PAYMENT_CONFIRMED,
ACT-0001986,INV-0009882,C00085,2026-03-03,EMAIL,C. Fuentes,PROMISE_TO_PAY,2026-03-16
ACT-0001987,INV-0009882,C00085,2026-03-05,STATEMENT,C. Fuentes,INFO_REQUESTED,
ACT-0001988,INV-0029152,C00275,2025-05-31,ESCALATION,A. Reyes,PROMISE_TO_PAY,2025-06-12
ACT-0001989,INV-0029152,C00275,2025-05-18,CALL,A. Reyes,DISPUTE_RAISED,
ACT-0001990,INV-0029152,C00275,2025-05-25,CALL,A. Reyes,NO_ANSWER,
ACT-0001991,INV-0012588,C00111,2026-02-08,EMAIL,G. Montoya,NO_ANSWER,
ACT-0001992,INV-0012588,C00111,2026-01-09,EMAIL,G. Montoya,PAYMENT_CONFIRMED,
ACT-0001993,INV-0012588,C00111,2026-02-23,STATEMENT,G. Montoya,NO_ANSWER,
ACT-0001994,INV-0012588,C00111,2026-03-08,EMAIL,G. Montoya,NO_ANSWER,
ACT-0001995,INV-0010472,C00090,2026-06-14,CALL,L. Moreno,INFO_REQUESTED,
ACT-0001996,INV-0010472,C00090,2026-05-29,CALL,L. Moreno,NO_ANSWER,
ACT-0001997,INV-0010472,C00090,2026-06-07,EMAIL,L. Moreno,PROMISE_TO_PAY,2026-06-15
ACT-0001998,INV-0016516,C00149,2026-01-28,CALL,V. Cardenas,NO_ANSWER,
ACT-0001999,INV-0016516,C00149,2026-03-24,EMAIL,V. Cardenas,PROMISE_TO_PAY,2026-04-19
ACT-0002000,INV-0016516,C00149,2026-03-24,EMAIL,V. Cardenas,PAYMENT_CONFIRMED,
ACT-0002001,INV-0015410,C00138,2025-08-06,CALL,N. Espinoza,INFO_REQUESTED,
ACT-0002002,INV-0015410,C00138,2025-09-02,EMAIL,N. Espinoza,PROMISE_TO_PAY,2025-09-10
ACT-0002003,INV-0015383,C00138,2025-03-20,CALL,N. Espinoza,PROMISE_TO_PAY,2025-04-11
ACT-0002004,INV-0015383,C00138,2025-06-04,ESCALATION,N. Espinoza,PAYMENT_CONFIRMED,
ACT-0002005,INV-0015383,C00138,2025-05-12,EMAIL,N. Espinoza,INFO_REQUESTED,
ACT-0002006,INV-0015383,C00138,2025-05-16,CALL,N. Espinoza,PAYMENT_CONFIRMED,
ACT-0002007,INV-0019429,C00177,2026-03-23,CALL,J. Villalobos,PAYMENT_CONFIRMED,
ACT-0002008,INV-0011728,C00102,2026-04-26,EMAIL,N. Espinoza,INFO_REQUESTED,
ACT-0002009,INV-0002841,C00025,2026-06-22,CALL,B. Quintana,DISPUTE_RAISED,
ACT-0002010,INV-0002841,C00025,2026-05-31,CALL,B. Quintana,INFO_REQUESTED,
ACT-0002011,INV-0002841,C00025,2026-06-12,CALL,B. Quintana,DISPUTE_RAISED,
ACT-0002012,INV-0002841,C00025,2026-06-29,STATEMENT,B. Quintana,NO_ANSWER,
ACT-0002013,INV-0008067,C00070,2025-02-19,EMAIL,B. Quintana,PROMISE_TO_PAY,2025-03-28
ACT-0002014,INV-0008067,C00070,2025-04-10,CALL,B. Quintana,PROMISE_TO_PAY,2025-04-17
ACT-0002015,INV-0008067,C00070,2025-05-18,EMAIL,B. Quintana,DISPUTE_RAISED,
ACT-0002016,INV-0017743,C00161,2025-12-04,EMAIL,S. Duarte,PROMISE_TO_PAY,2026-01-10
ACT-0002017,INV-0017743,C00161,2026-02-04,CALL,S. Duarte,DISPUTE_RAISED,
ACT-0002018,INV-0017743,C00161,2025-12-05,CALL,S. Duarte,INFO_REQUESTED,
ACT-0002019,INV-0008886,C00077,2025-06-17,EMAIL,P. Ibarra,INFO_REQUESTED,
ACT-0002020,INV-0008886,C00077,2025-09-04,EMAIL,P. Ibarra,PAYMENT_CONFIRMED,
ACT-0002021,INV-0008886,C00077,2025-08-12,CALL,P. Ibarra,NO_ANSWER,
ACT-0002022,INV-0008886,C00077,2025-07-24,CALL,P. Ibarra,DISPUTE_RAISED,
ACT-0002023,INV-0014644,C00131,2025-06-20,CALL,P. Ibarra,PROMISE_TO_PAY,2025-07-13
ACT-0002024,INV-0014644,C00131,2025-08-08,EMAIL,P. Ibarra,PAYMENT_CONFIRMED,
ACT-0002025,INV-0014644,C00131,2025-09-04,EMAIL,P. Ibarra,NO_ANSWER,
ACT-0002026,INV-0007657,C00066,2025-12-28,CALL,A. Reyes,PROMISE_TO_PAY,2026-01-21
ACT-0002027,INV-0007657,C00066,2026-02-10,STATEMENT,A. Reyes,INFO_REQUESTED,
ACT-0002028,INV-0007657,C00066,2026-03-29,EMAIL,A. Reyes,PAYMENT_CONFIRMED,
ACT-0002029,INV-0016517,C00149,2026-01-09,CALL,V. Cardenas,NO_ANSWER,
ACT-0002030,INV-0016517,C00149,2026-01-24,CALL,V. Cardenas,NO_ANSWER,
ACT-0002031,INV-0001353,C00012,2026-04-19,EMAIL,C. Fuentes,PROMISE_TO_PAY,2026-05-25
ACT-0002032,INV-0001353,C00012,2026-06-03,EMAIL,C. Fuentes,PAYMENT_CONFIRMED,
ACT-0002033,INV-0001353,C00012,2026-06-02,STATEMENT,C. Fuentes,INFO_REQUESTED,
ACT-0002034,INV-0021648,C00199,2025-06-01,EMAIL,V. Cardenas,PAYMENT_CONFIRMED,
ACT-0002035,INV-0021648,C00199,2025-07-18,EMAIL,V. Cardenas,NO_ANSWER,
ACT-0002036,INV-0021648,C00199,2025-08-13,EMAIL,V. Cardenas,DISPUTE_RAISED,
ACT-0002037,INV-0029544,C00280,2026-04-18,ESCALATION,M. Contreras,NO_ANSWER,
ACT-0002038,INV-0029544,C00280,2026-05-17,STATEMENT,M. Contreras,INFO_REQUESTED,
ACT-0002039,INV-0029544,C00280,2026-04-28,EMAIL,M. Contreras,PROMISE_TO_PAY,2026-05-06
ACT-0002040,INV-0029544,C00280,2026-03-23,CALL,M. Contreras,PROMISE_TO_PAY,2026-03-31
ACT-0002041,INV-0023108,C00213,2026-05-24,EMAIL,J. Villalobos,PAYMENT_CONFIRMED,
ACT-0002042,INV-0017118,C00155,2026-01-03,EMAIL,J. Villalobos,NO_ANSWER,
ACT-0002043,INV-0017118,C00155,2026-01-12,CALL,J. Villalobos,NO_ANSWER,
ACT-0002044,INV-0025308,C00235,2025-05-10,STATEMENT,S. Duarte,PROMISE_TO_PAY,2025-06-18
ACT-0002045,INV-0014587,C00130,2026-02-28,CALL,P. Ibarra,INFO_REQUESTED,
ACT-0002046,INV-0014587,C00130,2026-04-03,EMAIL,P. Ibarra,PAYMENT_CONFIRMED,
ACT-0002047,INV-0014587,C00130,2026-05-05,CALL,P. Ibarra,NO_ANSWER,
ACT-0002048,INV-0019217,C00175,2026-04-17,EMAIL,B. Quintana,INFO_REQUESTED,
ACT-0002049,INV-0019217,C00175,2026-04-23,EMAIL,B. Quintana,NO_ANSWER,
ACT-0002050,INV-0019217,C00175,2026-06-23,CALL,B. Quintana,PROMISE_TO_PAY,2026-07-04
ACT-0002051,INV-0013559,C00120,2026-03-01,EMAIL,D. Aguilar,PROMISE_TO_PAY,2026-03-30
ACT-0002052,INV-0013559,C00120,2026-03-22,EMAIL,D. Aguilar,INFO_REQUESTED,
ACT-0002053,INV-0013559,C00120,2026-02-19,EMAIL,D. Aguilar,DISPUTE_RAISED,
ACT-0002054,INV-0010392,C00090,2025-04-09,CALL,L. Moreno,PAYMENT_CONFIRMED,
ACT-0002055,INV-0010392,C00090,2025-06-14,CALL,L. Moreno,INFO_REQUESTED,
ACT-0002056,INV-0010392,C00090,2025-04-01,CALL,L. Moreno,PROMISE_TO_PAY,2025-04-09
ACT-0002057,INV-0010392,C00090,2025-04-30,CALL,L. Moreno,PROMISE_TO_PAY,2025-05-14
ACT-0002058,INV-0023466,C00217,2025-05-16,CALL,J. Villalobos,DISPUTE_RAISED,
ACT-0002059,INV-0023466,C00217,2025-04-24,EMAIL,J. Villalobos,NO_ANSWER,
ACT-0002060,INV-0023466,C00217,2025-04-19,CALL,J. Villalobos,PAYMENT_CONFIRMED,
ACT-0002061,INV-0000809,C00008,2025-04-24,EMAIL,V. Cardenas,DISPUTE_RAISED,
ACT-0002062,INV-0000809,C00008,2025-04-07,ESCALATION,V. Cardenas,PROMISE_TO_PAY,2025-04-16
ACT-0002063,INV-0000809,C00008,2025-04-25,STATEMENT,V. Cardenas,PAYMENT_CONFIRMED,
ACT-0002064,INV-0000809,C00008,2025-07-19,CALL,V. Cardenas,PROMISE_TO_PAY,2025-08-03
ACT-0002065,INV-0020306,C00186,2025-08-27,EMAIL,N. Espinoza,PAYMENT_CONFIRMED,
ACT-0002066,INV-0020306,C00186,2025-08-20,STATEMENT,N. Espinoza,PROMISE_TO_PAY,2025-08-26
ACT-0002067,INV-0020306,C00186,2025-09-16,STATEMENT,N. Espinoza,PROMISE_TO_PAY,2025-10-17
ACT-0002068,INV-0013135,C00116,2026-01-08,CALL,B. Quintana,NO_ANSWER,
ACT-0002069,INV-0013135,C00116,2026-03-17,EMAIL,B. Quintana,DISPUTE_RAISED,
ACT-0002070,INV-0007956,C00069,2025-04-01,CALL,F. Zamora,NO_ANSWER,
ACT-0002071,INV-0007956,C00069,2025-05-05,EMAIL,F. Zamora,INFO_REQUESTED,
ACT-0002072,INV-0001089,C00010,2025-12-17,CALL,F. Zamora,PROMISE_TO_PAY,2026-01-10
ACT-0002073,INV-0001089,C00010,2026-03-08,EMAIL,F. Zamora,NO_ANSWER,
ACT-0002074,INV-0001089,C00010,2026-03-06,EMAIL,F. Zamora,PROMISE_TO_PAY,2026-04-03
ACT-0002075,INV-0023648,C00218,2026-06-21,CALL,N. Espinoza,NO_ANSWER,
ACT-0002076,INV-0023648,C00218,2026-06-03,EMAIL,N. Espinoza,NO_ANSWER,
ACT-0002077,INV-0023648,C00218,2026-06-25,STATEMENT,N. Espinoza,NO_ANSWER,
ACT-0002078,INV-0008440,C00073,2025-09-29,CALL,D. Aguilar,NO_ANSWER,
ACT-0002079,INV-0008440,C00073,2025-09-28,EMAIL,D. Aguilar,PROMISE_TO_PAY,2025-10-17
ACT-0002080,INV-0030380,C00292,2026-06-12,EMAIL,N. Espinoza,PROMISE_TO_PAY,2026-07-05
ACT-0002081,INV-0012219,C00107,2026-04-22,CALL,D. Aguilar,PAYMENT_CONFIRMED,
ACT-0002082,INV-0012219,C00107,2026-04-29,CALL,D. Aguilar,PAYMENT_CONFIRMED,
ACT-0002083,INV-0012219,C00107,2026-04-11,ESCALATION,D. Aguilar,PROMISE_TO_PAY,2026-05-18
ACT-0002084,INV-0012219,C00107,2026-04-15,CALL,D. Aguilar,INFO_REQUESTED,
ACT-0002085,INV-0020289,C00186,2025-05-21,EMAIL,N. Espinoza,INFO_REQUESTED,
ACT-0002086,INV-0020289,C00186,2025-06-24,EMAIL,N. Espinoza,NO_ANSWER,
ACT-0002087,INV-0020289,C00186,2025-04-24,EMAIL,N. Espinoza,PROMISE_TO_PAY,2025-05-06
ACT-0002088,INV-0016058,C00145,2025-06-08,EMAIL,J. Villalobos,PAYMENT_CONFIRMED,
ACT-0002089,INV-0016058,C00145,2025-05-26,CALL,J. Villalobos,NO_ANSWER,
ACT-0002090,INV-0016058,C00145,2025-08-02,ESCALATION,J. Villalobos,PROMISE_TO_PAY,2025-09-01
ACT-0002091,INV-0016058,C00145,2025-06-23,STATEMENT,J. Villalobos,INFO_REQUESTED,
ACT-0002092,INV-0030926,C00300,2026-01-22,CALL,V. Cardenas,DISPUTE_RAISED,
ACT-0002093,INV-0030926,C00300,2025-11-08,CALL,V. Cardenas,PAYMENT_CONFIRMED,
ACT-0002094,INV-0030926,C00300,2026-01-28,CALL,V. Cardenas,NO_ANSWER,
ACT-0002095,INV-0030926,C00300,2026-02-07,EMAIL,V. Cardenas,PAYMENT_CONFIRMED,
ACT-0002096,INV-0020704,C00190,2025-08-15,CALL,L. Moreno,PROMISE_TO_PAY,2025-08-26
ACT-0002097,INV-0020704,C00190,2025-09-02,EMAIL,L. Moreno,PAYMENT_CONFIRMED,
ACT-0002098,INV-0025444,C00236,2025-11-25,EMAIL,F. Zamora,NO_ANSWER,
ACT-0002099,INV-0025444,C00236,2025-11-23,EMAIL,F. Zamora,PROMISE_TO_PAY,2025-12-15
ACT-0002100,INV-0025444,C00236,2026-01-26,EMAIL,F. Zamora,NO_ANSWER,
ACT-0002101,INV-0003859,C00034,2026-04-14,CALL,L. Moreno,PROMISE_TO_PAY,2026-05-13
ACT-0002102,INV-0003859,C00034,2026-05-14,EMAIL,L. Moreno,INFO_REQUESTED,
ACT-0002103,INV-0003859,C00034,2026-06-21,CALL,L. Moreno,PROMISE_TO_PAY,2026-07-21
ACT-0002104,INV-0027072,C00252,2025-06-29,STATEMENT,D. Aguilar,PROMISE_TO_PAY,2025-07-30
ACT-0002105,INV-0027072,C00252,2025-05-31,STATEMENT,D. Aguilar,PROMISE_TO_PAY,2025-06-11
ACT-0002106,INV-0027072,C00252,2025-06-10,EMAIL,D. Aguilar,PROMISE_TO_PAY,2025-06-16
ACT-0002107,INV-0027072,C00252,2025-07-27,STATEMENT,D. Aguilar,DISPUTE_RAISED,
ACT-0002108,INV-0015802,C00142,2025-12-30,EMAIL,P. Ibarra,PROMISE_TO_PAY,2026-02-02
ACT-0002109,INV-0015802,C00142,2026-01-21,ESCALATION,P. Ibarra,PAYMENT_CONFIRMED,
ACT-0002110,INV-0015802,C00142,2026-02-06,CALL,P. Ibarra,PAYMENT_CONFIRMED,
ACT-0002111,INV-0015802,C00142,2026-02-04,CALL,P. Ibarra,NO_ANSWER,
ACT-0002112,INV-0012286,C00108,2025-12-08,EMAIL,G. Montoya,PROMISE_TO_PAY,2026-01-08
ACT-0002113,INV-0015163,C00136,2025-02-25,EMAIL,B. Quintana,DISPUTE_RAISED,
ACT-0002114,INV-0015163,C00136,2025-05-16,CALL,B. Quintana,DISPUTE_RAISED,
ACT-0002115,INV-0015163,C00136,2025-04-07,CALL,B. Quintana,PAYMENT_CONFIRMED,
ACT-0002116,INV-0025271,C00234,2026-05-04,CALL,V. Cardenas,PROMISE_TO_PAY,2026-05-21
ACT-0002117,INV-0025271,C00234,2026-02-23,CALL,V. Cardenas,NO_ANSWER,
ACT-0002118,INV-0017563,C00159,2026-05-04,STATEMENT,A. Reyes,NO_ANSWER,
ACT-0002119,INV-0017563,C00159,2026-04-25,CALL,A. Reyes,PAYMENT_CONFIRMED,
ACT-0002120,INV-0017563,C00159,2026-05-10,EMAIL,A. Reyes,PROMISE_TO_PAY,2026-06-04
ACT-0002121,INV-0001370,C00012,2026-05-20,CALL,C. Fuentes,PAYMENT_CONFIRMED,
ACT-0002122,INV-0000636,C00006,2026-04-16,EMAIL,P. Ibarra,PAYMENT_CONFIRMED,
ACT-0002123,INV-0000636,C00006,2026-04-03,CALL,P. Ibarra,PROMISE_TO_PAY,2026-04-27
ACT-0002124,INV-0000636,C00006,2026-02-27,STATEMENT,P. Ibarra,NO_ANSWER,
ACT-0002125,INV-0000636,C00006,2026-04-01,CALL,P. Ibarra,PROMISE_TO_PAY,2026-05-07
ACT-0002126,INV-0004666,C00041,2026-02-15,EMAIL,P. Ibarra,PAYMENT_CONFIRMED,
ACT-0002127,INV-0023148,C00214,2025-03-07,EMAIL,S. Duarte,PAYMENT_CONFIRMED,
ACT-0002128,INV-0023366,C00216,2025-06-11,EMAIL,S. Duarte,PROMISE_TO_PAY,2025-06-29
ACT-0002129,INV-0023366,C00216,2025-07-11,CALL,S. Duarte,INFO_REQUESTED,
ACT-0002130,INV-0020413,C00187,2025-11-10,CALL,B. Quintana,PROMISE_TO_PAY,2025-11-23
ACT-0002131,INV-0020413,C00187,2025-10-14,ESCALATION,B. Quintana,PROMISE_TO_PAY,2025-11-22
ACT-0002132,INV-0020413,C00187,2025-10-29,EMAIL,B. Quintana,PROMISE_TO_PAY,2025-11-08
ACT-0002133,INV-0004756,C00042,2025-08-08,EMAIL,D. Aguilar,PROMISE_TO_PAY,2025-09-09
ACT-0002134,INV-0004756,C00042,2025-07-27,STATEMENT,D. Aguilar,PAYMENT_CONFIRMED,
ACT-0002135,INV-0004756,C00042,2025-06-14,CALL,D. Aguilar,PROMISE_TO_PAY,2025-07-19
ACT-0002136,INV-0004756,C00042,2025-08-03,EMAIL,D. Aguilar,PAYMENT_CONFIRMED,
ACT-0002137,INV-0028503,C00266,2025-10-22,EMAIL,B. Quintana,PROMISE_TO_PAY,2025-11-07
ACT-0002138,INV-0028503,C00266,2025-08-20,CALL,B. Quintana,PROMISE_TO_PAY,2025-09-17
ACT-0002139,INV-0028503,C00266,2025-11-04,CALL,B. Quintana,PAYMENT_CONFIRMED,
ACT-0002140,INV-0008305,C00072,2025-07-16,EMAIL,J. Villalobos,DISPUTE_RAISED,
ACT-0002141,INV-0018475,C00168,2026-03-20,ESCALATION,B. Quintana,DISPUTE_RAISED,
ACT-0002142,INV-0018475,C00168,2026-02-10,EMAIL,B. Quintana,NO_ANSWER,
ACT-0002143,INV-0018475,C00168,2026-04-24,CALL,B. Quintana,PAYMENT_CONFIRMED,
ACT-0002144,INV-0006599,C00057,2026-04-04,STATEMENT,J. Villalobos,PAYMENT_CONFIRMED,
ACT-0002145,INV-0006599,C00057,2026-02-23,ESCALATION,J. Villalobos,INFO_REQUESTED,
ACT-0002146,INV-0006599,C00057,2026-05-11,EMAIL,J. Villalobos,DISPUTE_RAISED,
ACT-0002147,INV-0000880,C00008,2026-06-21,CALL,V. Cardenas,INFO_REQUESTED,
ACT-0002148,INV-0000880,C00008,2026-06-30,EMAIL,V. Cardenas,PROMISE_TO_PAY,2026-07-05
ACT-0002149,INV-0020308,C00186,2025-09-16,CALL,N. Espinoza,DISPUTE_RAISED,
ACT-0002150,INV-0020308,C00186,2025-09-10,EMAIL,N. Espinoza,INFO_REQUESTED,
ACT-0002151,INV-0020308,C00186,2025-08-02,ESCALATION,N. Espinoza,NO_ANSWER,
ACT-0002152,INV-0020308,C00186,2025-09-28,CALL,N. Espinoza,PROMISE_TO_PAY,2025-10-03
ACT-0002153,INV-0006541,C00057,2025-06-28,EMAIL,J. Villalobos,PROMISE_TO_PAY,2025-08-02
ACT-0002154,INV-0006541,C00057,2025-07-01,CALL,J. Villalobos,PROMISE_TO_PAY,2025-07-26
ACT-0002155,INV-0009549,C00082,2026-05-01,EMAIL,R. Salazar,INFO_REQUESTED,
ACT-0002156,INV-0009549,C00082,2026-05-08,CALL,R. Salazar,NO_ANSWER,
ACT-0002157,INV-0009549,C00082,2026-06-02,EMAIL,R. Salazar,PROMISE_TO_PAY,2026-06-29
ACT-0002158,INV-0009549,C00082,2026-06-19,EMAIL,R. Salazar,PROMISE_TO_PAY,2026-07-18
ACT-0002159,INV-0012973,C00115,2025-06-07,CALL,C. Fuentes,PROMISE_TO_PAY,2025-06-14
ACT-0002160,INV-0012973,C00115,2025-05-01,EMAIL,C. Fuentes,INFO_REQUESTED,
ACT-0002161,INV-0020355,C00186,2026-03-19,EMAIL,N. Espinoza,PROMISE_TO_PAY,2026-03-25
ACT-0002162,INV-0020355,C00186,2026-04-05,EMAIL,N. Espinoza,PAYMENT_CONFIRMED,
ACT-0002163,INV-0020355,C00186,2026-06-23,STATEMENT,N. Espinoza,PROMISE_TO_PAY,2026-06-28
ACT-0002164,INV-0020557,C00188,2026-06-10,CALL,D. Aguilar,PAYMENT_CONFIRMED,
ACT-0002165,INV-0020557,C00188,2026-05-01,EMAIL,D. Aguilar,PROMISE_TO_PAY,2026-06-07
ACT-0002166,INV-0020557,C00188,2026-06-12,EMAIL,D. Aguilar,NO_ANSWER,
ACT-0002167,INV-0012992,C00115,2025-06-29,EMAIL,C. Fuentes,PROMISE_TO_PAY,2025-07-16
ACT-0002168,INV-0012992,C00115,2025-08-03,STATEMENT,C. Fuentes,INFO_REQUESTED,
ACT-0002169,INV-0007250,C00063,2025-05-17,EMAIL,C. Fuentes,PAYMENT_CONFIRMED,
ACT-0002170,INV-0007250,C00063,2025-06-10,STATEMENT,C. Fuentes,NO_ANSWER,
ACT-0002171,INV-0007250,C00063,2025-05-14,EMAIL,C. Fuentes,PAYMENT_CONFIRMED,
ACT-0002172,INV-0007445,C00064,2026-06-11,STATEMENT,S. Duarte,PROMISE_TO_PAY,2026-07-15
ACT-0002173,INV-0003354,C00030,2025-09-17,CALL,M. Contreras,DISPUTE_RAISED,
ACT-0002174,INV-0003354,C00030,2025-10-28,CALL,M. Contreras,INFO_REQUESTED,
ACT-0002175,INV-0003354,C00030,2025-10-11,EMAIL,M. Contreras,INFO_REQUESTED,
ACT-0002176,INV-0003354,C00030,2025-11-25,EMAIL,M. Contreras,PROMISE_TO_PAY,2025-12-04
ACT-0002177,INV-0003148,C00028,2025-09-23,CALL,G. Montoya,INFO_REQUESTED,
ACT-0002178,INV-0015020,C00134,2026-05-15,EMAIL,V. Cardenas,PAYMENT_CONFIRMED,
ACT-0002179,INV-0015020,C00134,2026-03-27,CALL,V. Cardenas,PROMISE_TO_PAY,2026-04-14
ACT-0002180,INV-0015020,C00134,2026-05-06,STATEMENT,V. Cardenas,PROMISE_TO_PAY,2026-05-24
ACT-0002181,INV-0008676,C00075,2025-11-14,CALL,D. Aguilar,PROMISE_TO_PAY,2025-11-25
ACT-0002182,INV-0008676,C00075,2025-11-10,CALL,D. Aguilar,PROMISE_TO_PAY,2025-12-01
ACT-0002183,INV-0008676,C00075,2026-01-11,CALL,D. Aguilar,PAYMENT_CONFIRMED,
ACT-0002184,INV-0012908,C00114,2026-01-29,STATEMENT,F. Zamora,PROMISE_TO_PAY,2026-02-17
ACT-0002185,INV-0012908,C00114,2026-01-05,EMAIL,F. Zamora,DISPUTE_RAISED,
ACT-0002186,INV-0015126,C00135,2026-04-09,STATEMENT,M. Contreras,PROMISE_TO_PAY,2026-05-02
ACT-0002187,INV-0015126,C00135,2026-03-09,ESCALATION,M. Contreras,PAYMENT_CONFIRMED,
ACT-0002188,INV-0015126,C00135,2026-03-28,CALL,M. Contreras,INFO_REQUESTED,
ACT-0002189,INV-0015126,C00135,2026-05-25,CALL,M. Contreras,NO_ANSWER,
ACT-0002190,INV-0015920,C00143,2026-05-25,CALL,P. Ibarra,INFO_REQUESTED,
ACT-0002191,INV-0015920,C00143,2026-04-02,EMAIL,P. Ibarra,PAYMENT_CONFIRMED,
ACT-0002192,INV-0015920,C00143,2026-04-28,CALL,P. Ibarra,PROMISE_TO_PAY,2026-05-15
ACT-0002193,INV-0015920,C00143,2026-04-18,EMAIL,P. Ibarra,DISPUTE_RAISED,
ACT-0002194,INV-0027466,C00256,2025-05-11,CALL,J. Villalobos,INFO_REQUESTED,
ACT-0002195,INV-0027466,C00256,2025-07-21,EMAIL,J. Villalobos,PAYMENT_CONFIRMED,
ACT-0002196,INV-0003301,C00029,2026-06-02,EMAIL,C. Fuentes,NO_ANSWER,
ACT-0002197,INV-0015305,C00137,2025-07-23,STATEMENT,V. Cardenas,DISPUTE_RAISED,
ACT-0002198,INV-0015305,C00137,2025-09-08,EMAIL,V. Cardenas,PROMISE_TO_PAY,2025-10-06
ACT-0002199,INV-0015305,C00137,2025-10-22,ESCALATION,V. Cardenas,PAYMENT_CONFIRMED,
ACT-0002200,INV-0015305,C00137,2025-09-08,EMAIL,V. Cardenas,INFO_REQUESTED,
ACT-0002201,INV-0017556,C00159,2026-03-09,STATEMENT,A. Reyes,NO_ANSWER,
ACT-0002202,INV-0017556,C00159,2026-02-11,ESCALATION,A. Reyes,PROMISE_TO_PAY,2026-03-12
ACT-0002203,INV-0017556,C00159,2026-02-25,EMAIL,A. Reyes,PROMISE_TO_PAY,2026-04-02
ACT-0002204,INV-0017556,C00159,2026-04-02,CALL,A. Reyes,NO_ANSWER,
ACT-0002205,INV-0016118,C00145,2026-04-13,STATEMENT,J. Villalobos,NO_ANSWER,
ACT-0002206,INV-0008446,C00073,2025-10-11,STATEMENT,D. Aguilar,INFO_REQUESTED,
ACT-0002207,INV-0008446,C00073,2025-10-25,CALL,D. Aguilar,INFO_REQUESTED,
ACT-0002208,INV-0008446,C00073,2025-12-11,EMAIL,D. Aguilar,NO_ANSWER,
ACT-0002209,INV-0008446,C00073,2025-12-30,EMAIL,D. Aguilar,INFO_REQUESTED,
ACT-0002210,INV-0012761,C00113,2025-06-17,EMAIL,C. Fuentes,DISPUTE_RAISED,
ACT-0002211,INV-0012761,C00113,2025-08-14,EMAIL,C. Fuentes,PAYMENT_CONFIRMED,
ACT-0002212,INV-0012761,C00113,2025-08-23,EMAIL,C. Fuentes,PAYMENT_CONFIRMED,
ACT-0002213,INV-0025446,C00236,2025-11-22,CALL,F. Zamora,NO_ANSWER,
ACT-0002214,INV-0025446,C00236,2025-12-23,EMAIL,F. Zamora,DISPUTE_RAISED,
ACT-0002215,INV-0025446,C00236,2026-03-03,EMAIL,F. Zamora,PROMISE_TO_PAY,2026-04-04
ACT-0002216,INV-0009619,C00083,2025-07-25,CALL,R. Salazar,DISPUTE_RAISED,
ACT-0002217,INV-0009619,C00083,2025-09-11,CALL,R. Salazar,PAYMENT_CONFIRMED,
ACT-0002218,INV-0009619,C00083,2025-07-26,EMAIL,R. Salazar,PROMISE_TO_PAY,2025-09-02
ACT-0002219,INV-0009619,C00083,2025-10-20,ESCALATION,R. Salazar,PROMISE_TO_PAY,2025-10-28
ACT-0002220,INV-0015325,C00137,2025-12-20,STATEMENT,V. Cardenas,DISPUTE_RAISED,
ACT-0002221,INV-0005618,C00049,2025-11-18,CALL,T. Rivas,PROMISE_TO_PAY,2025-11-30
ACT-0002222,INV-0005618,C00049,2025-10-29,CALL,T. Rivas,NO_ANSWER,
ACT-0002223,INV-0001774,C00016,2025-06-19,EMAIL,N. Espinoza,INFO_REQUESTED,
ACT-0002224,INV-0001774,C00016,2025-07-12,CALL,N. Espinoza,NO_ANSWER,
ACT-0002225,INV-0001774,C00016,2025-08-01,STATEMENT,N. Espinoza,PROMISE_TO_PAY,2025-09-01
ACT-0002226,INV-0011710,C00102,2026-02-01,EMAIL,N. Espinoza,NO_ANSWER,
ACT-0002227,INV-0011710,C00102,2026-04-05,STATEMENT,N. Espinoza,NO_ANSWER,
ACT-0002228,INV-0011710,C00102,2026-02-26,EMAIL,N. Espinoza,NO_ANSWER,
ACT-0002229,INV-0019533,C00178,2026-05-08,CALL,M. Contreras,PAYMENT_CONFIRMED,
ACT-0002230,INV-0019533,C00178,2026-04-18,EMAIL,M. Contreras,PROMISE_TO_PAY,2026-04-23
ACT-0002231,INV-0019533,C00178,2026-04-19,CALL,M. Contreras,DISPUTE_RAISED,
ACT-0002232,INV-0008549,C00074,2025-09-18,EMAIL,L. Moreno,PROMISE_TO_PAY,2025-10-04
ACT-0002233,INV-0009720,C00084,2025-06-16,EMAIL,C. Fuentes,PAYMENT_CONFIRMED,
ACT-0002234,INV-0009720,C00084,2025-06-17,EMAIL,C. Fuentes,PAYMENT_CONFIRMED,
ACT-0002235,INV-0009720,C00084,2025-05-28,EMAIL,C. Fuentes,NO_ANSWER,
ACT-0002236,INV-0009720,C00084,2025-07-01,EMAIL,C. Fuentes,PROMISE_TO_PAY,2025-07-19
ACT-0002237,INV-0008943,C00077,2026-05-14,CALL,P. Ibarra,INFO_REQUESTED,
ACT-0002238,INV-0008943,C00077,2026-03-29,EMAIL,P. Ibarra,PAYMENT_CONFIRMED,
ACT-0002239,INV-0008943,C00077,2026-06-12,CALL,P. Ibarra,PAYMENT_CONFIRMED,
ACT-0002240,INV-0028461,C00265,2026-03-17,EMAIL,F. Zamora,NO_ANSWER,
ACT-0002241,INV-0028461,C00265,2026-05-05,CALL,F. Zamora,PAYMENT_CONFIRMED,
ACT-0002242,INV-0028461,C00265,2026-05-27,STATEMENT,F. Zamora,INFO_REQUESTED,
ACT-0002243,INV-0028461,C00265,2026-06-23,ESCALATION,F. Zamora,NO_ANSWER,
ACT-0002244,INV-0009677,C00083,2026-04-16,EMAIL,R. Salazar,DISPUTE_RAISED,
ACT-0002245,INV-0009677,C00083,2026-04-22,STATEMENT,R. Salazar,NO_ANSWER,
ACT-0002246,INV-0009677,C00083,2026-04-17,STATEMENT,R. Salazar,PROMISE_TO_PAY,2026-05-05
ACT-0002247,INV-0009677,C00083,2026-04-30,EMAIL,R. Salazar,PAYMENT_CONFIRMED,
ACT-0002248,INV-0001566,C00014,2025-11-06,EMAIL,P. Ibarra,NO_ANSWER,
ACT-0002249,INV-0001566,C00014,2026-01-10,CALL,P. Ibarra,PAYMENT_CONFIRMED,
ACT-0002250,INV-0001566,C00014,2026-01-15,EMAIL,P. Ibarra,PROMISE_TO_PAY,2026-01-30
ACT-0002251,INV-0017802,C00162,2025-04-11,CALL,R. Salazar,PROMISE_TO_PAY,2025-05-01
ACT-0002252,INV-0017802,C00162,2025-04-20,EMAIL,R. Salazar,PAYMENT_CONFIRMED,
ACT-0002253,INV-0028470,C00265,2026-05-22,STATEMENT,F. Zamora,PAYMENT_CONFIRMED,
ACT-0002254,INV-0028470,C00265,2026-05-22,CALL,F. Zamora,PROMISE_TO_PAY,2026-05-28
ACT-0002255,INV-0028470,C00265,2026-06-15,EMAIL,F. Zamora,PROMISE_TO_PAY,2026-07-02
ACT-0002256,INV-0028157,C00262,2026-04-24,EMAIL,T. Rivas,DISPUTE_RAISED,
ACT-0002257,INV-0002886,C00026,2025-06-03,STATEMENT,L. Moreno,PROMISE_TO_PAY,2025-07-04
ACT-0002258,INV-0025404,C00236,2025-03-15,CALL,F. Zamora,PAYMENT_CONFIRMED,
ACT-0002259,INV-0025404,C00236,2025-06-16,CALL,F. Zamora,DISPUTE_RAISED,
ACT-0002260,INV-0025404,C00236,2025-05-24,EMAIL,F. Zamora,NO_ANSWER,
ACT-0002261,INV-0025404,C00236,2025-06-23,EMAIL,F. Zamora,INFO_REQUESTED,
ACT-0002262,INV-0007698,C00066,2026-06-23,EMAIL,A. Reyes,INFO_REQUESTED,
ACT-0002263,INV-0027531,C00256,2026-05-05,STATEMENT,J. Villalobos,NO_ANSWER,
ACT-0002264,INV-0027531,C00256,2026-06-21,EMAIL,J. Villalobos,INFO_REQUESTED,
ACT-0002265,INV-0020236,C00185,2026-01-16,EMAIL,R. Salazar,INFO_REQUESTED,
ACT-0002266,INV-0020236,C00185,2026-02-02,EMAIL,R. Salazar,NO_ANSWER,
ACT-0002267,INV-0020236,C00185,2026-02-19,STATEMENT,R. Salazar,PROMISE_TO_PAY,2026-03-28
ACT-0002268,INV-0012326,C00108,2026-06-14,EMAIL,G. Montoya,DISPUTE_RAISED,
ACT-0002269,INV-0012326,C00108,2026-06-20,CALL,G. Montoya,DISPUTE_RAISED,
ACT-0002270,INV-0021839,C00201,2025-04-20,EMAIL,L. Moreno,NO_ANSWER,
ACT-0002271,INV-0021839,C00201,2025-05-07,CALL,L. Moreno,NO_ANSWER,
ACT-0002272,INV-0021839,C00201,2025-05-28,STATEMENT,L. Moreno,INFO_REQUESTED,
ACT-0002273,INV-0013118,C00116,2025-11-07,EMAIL,B. Quintana,INFO_REQUESTED,
ACT-0002274,INV-0013118,C00116,2025-11-16,EMAIL,B. Quintana,PROMISE_TO_PAY,2025-12-23
ACT-0002275,INV-0024720,C00229,2025-07-04,ESCALATION,B. Quintana,INFO_REQUESTED,
ACT-0002276,INV-0024720,C00229,2025-08-30,CALL,B. Quintana,NO_ANSWER,
ACT-0002277,INV-0022184,C00204,2026-03-25,EMAIL,N. Espinoza,NO_ANSWER,
ACT-0002278,INV-0022184,C00204,2026-04-30,CALL,N. Espinoza,INFO_REQUESTED,
ACT-0002279,INV-0022184,C00204,2026-06-20,EMAIL,N. Espinoza,NO_ANSWER,
ACT-0002280,INV-0012945,C00114,2026-06-27,CALL,F. Zamora,NO_ANSWER,
ACT-0002281,INV-0012945,C00114,2026-05-08,CALL,F. Zamora,PAYMENT_CONFIRMED,
ACT-0002282,INV-0003123,C00028,2025-08-11,EMAIL,G. Montoya,NO_ANSWER,
ACT-0002283,INV-0003123,C00028,2025-08-18,EMAIL,G. Montoya,PROMISE_TO_PAY,2025-09-11
ACT-0002284,INV-0001350,C00012,2026-02-13,EMAIL,C. Fuentes,INFO_REQUESTED,
ACT-0002285,INV-0001350,C00012,2026-04-23,EMAIL,C. Fuentes,NO_ANSWER,
ACT-0002286,INV-0012362,C00109,2025-07-30,EMAIL,T. Rivas,PROMISE_TO_PAY,2025-08-19
ACT-0002287,INV-0004764,C00042,2025-08-16,STATEMENT,D. Aguilar,NO_ANSWER,
ACT-0002288,INV-0004764,C00042,2025-07-10,EMAIL,D. Aguilar,INFO_REQUESTED,
ACT-0002289,INV-0007203,C00062,2026-06-03,ESCALATION,P. Ibarra,DISPUTE_RAISED,
ACT-0002290,INV-0007203,C00062,2026-04-13,EMAIL,P. Ibarra,PAYMENT_CONFIRMED,
ACT-0002291,INV-0028301,C00264,2025-06-16,CALL,T. Rivas,PAYMENT_CONFIRMED,
ACT-0002292,INV-0028301,C00264,2025-08-02,EMAIL,T. Rivas,PROMISE_TO_PAY,2025-08-08
ACT-0002293,INV-0028301,C00264,2025-07-31,ESCALATION,T. Rivas,DISPUTE_RAISED,
ACT-0002294,INV-0028301,C00264,2025-09-05,EMAIL,T. Rivas,INFO_REQUESTED,
ACT-0002295,INV-0016718,C00151,2026-03-21,EMAIL,N. Espinoza,DISPUTE_RAISED,
ACT-0002296,INV-0016718,C00151,2026-04-02,STATEMENT,N. Espinoza,NO_ANSWER,
ACT-0002297,INV-0016718,C00151,2026-05-20,CALL,N. Espinoza,NO_ANSWER,
ACT-0002298,INV-0016718,C00151,2026-05-27,STATEMENT,N. Espinoza,PROMISE_TO_PAY,2026-06-29
ACT-0002299,INV-0004692,C00041,2026-05-28,CALL,P. Ibarra,NO_ANSWER,
ACT-0002300,INV-0016026,C00144,2026-04-27,EMAIL,B. Quintana,NO_ANSWER,
ACT-0002301,INV-0000148,C00002,2025-10-04,EMAIL,G. Montoya,DISPUTE_RAISED,
ACT-0002302,INV-0006403,C00055,2026-06-30,CALL,B. Quintana,NO_ANSWER,
ACT-0002303,INV-0005267,C00046,2026-02-08,CALL,V. Cardenas,NO_ANSWER,
ACT-0002304,INV-0005267,C00046,2026-02-16,STATEMENT,V. Cardenas,PAYMENT_CONFIRMED,
ACT-0002305,INV-0005267,C00046,2026-04-07,EMAIL,V. Cardenas,PROMISE_TO_PAY,2026-05-11
ACT-0002306,INV-0001512,C00014,2025-03-12,CALL,P. Ibarra,NO_ANSWER,
ACT-0002307,INV-0001512,C00014,2025-04-22,CALL,P. Ibarra,INFO_REQUESTED,
ACT-0002308,INV-0001512,C00014,2025-05-12,CALL,P. Ibarra,DISPUTE_RAISED,
ACT-0002309,INV-0001530,C00014,2025-05-03,CALL,P. Ibarra,NO_ANSWER,
ACT-0002310,INV-0001530,C00014,2025-07-22,EMAIL,P. Ibarra,PROMISE_TO_PAY,2025-08-20
ACT-0002311,INV-0007791,C00067,2026-05-12,CALL,A. Reyes,PAYMENT_CONFIRMED,
ACT-0002312,INV-0007791,C00067,2026-04-18,CALL,A. Reyes,PAYMENT_CONFIRMED,
ACT-0002313,INV-0000531,C00005,2026-04-04,CALL,V. Cardenas,PROMISE_TO_PAY,2026-04-21
ACT-0002314,INV-0000531,C00005,2026-02-08,CALL,V. Cardenas,PROMISE_TO_PAY,2026-03-02
ACT-0002315,INV-0000531,C00005,2026-05-15,EMAIL,V. Cardenas,NO_ANSWER,
ACT-0002316,INV-0000531,C00005,2026-05-14,EMAIL,V. Cardenas,INFO_REQUESTED,
ACT-0002317,INV-0021141,C00194,2026-01-18,EMAIL,P. Ibarra,PAYMENT_CONFIRMED,
ACT-0002318,INV-0020523,C00188,2025-12-05,STATEMENT,D. Aguilar,INFO_REQUESTED,
ACT-0002319,INV-0020523,C00188,2025-12-06,STATEMENT,D. Aguilar,INFO_REQUESTED,
ACT-0002320,INV-0020523,C00188,2026-01-21,STATEMENT,D. Aguilar,PROMISE_TO_PAY,2026-02-27
ACT-0002321,INV-0005274,C00046,2026-03-30,CALL,V. Cardenas,NO_ANSWER,
ACT-0002322,INV-0005274,C00046,2026-02-14,STATEMENT,V. Cardenas,DISPUTE_RAISED,
ACT-0002323,INV-0005274,C00046,2026-03-02,CALL,V. Cardenas,PROMISE_TO_PAY,2026-03-22
ACT-0002324,INV-0005274,C00046,2026-03-10,CALL,V. Cardenas,DISPUTE_RAISED,
ACT-0002325,INV-0006628,C00057,2026-04-28,EMAIL,J. Villalobos,INFO_REQUESTED,
ACT-0002326,INV-0002400,C00021,2026-05-14,EMAIL,B. Quintana,PROMISE_TO_PAY,2026-05-26
ACT-0002327,INV-0004203,C00037,2026-04-20,CALL,P. Ibarra,NO_ANSWER,
ACT-0002328,INV-0004203,C00037,2026-06-01,EMAIL,P. Ibarra,INFO_REQUESTED,
ACT-0002329,INV-0011933,C00104,2026-04-26,CALL,V. Cardenas,NO_ANSWER,
ACT-0002330,INV-0011933,C00104,2026-05-18,CALL,V. Cardenas,PROMISE_TO_PAY,2026-05-26
ACT-0002331,INV-0011963,C00105,2025-03-28,ESCALATION,J. Villalobos,PAYMENT_CONFIRMED,
ACT-0002332,INV-0011963,C00105,2025-05-23,EMAIL,J. Villalobos,PROMISE_TO_PAY,2025-06-26
ACT-0002333,INV-0018993,C00173,2026-02-24,EMAIL,J. Villalobos,NO_ANSWER,
ACT-0002334,INV-0018993,C00173,2026-03-03,EMAIL,J. Villalobos,NO_ANSWER,
ACT-0002335,INV-0018993,C00173,2026-04-16,CALL,J. Villalobos,DISPUTE_RAISED,
ACT-0002336,INV-0018993,C00173,2026-04-07,CALL,J. Villalobos,INFO_REQUESTED,
ACT-0002337,INV-0006456,C00056,2025-11-05,ESCALATION,G. Montoya,PAYMENT_CONFIRMED,
ACT-0002338,INV-0006456,C00056,2025-09-30,EMAIL,G. Montoya,NO_ANSWER,
ACT-0002339,INV-0006456,C00056,2025-12-22,EMAIL,G. Montoya,PAYMENT_CONFIRMED,
ACT-0002340,INV-0025577,C00237,2026-06-28,EMAIL,F. Zamora,INFO_REQUESTED,
ACT-0002341,INV-0025577,C00237,2026-05-09,STATEMENT,F. Zamora,PAYMENT_CONFIRMED,
ACT-0002342,INV-0004439,C00039,2026-03-29,CALL,T. Rivas,PROMISE_TO_PAY,2026-05-01
ACT-0002343,INV-0004439,C00039,2026-03-03,ESCALATION,T. Rivas,NO_ANSWER,
ACT-0002344,INV-0003632,C00032,2026-03-09,CALL,N. Espinoza,NO_ANSWER,
ACT-0002345,INV-0003632,C00032,2026-05-12,EMAIL,N. Espinoza,NO_ANSWER,
ACT-0002346,INV-0003632,C00032,2026-03-09,EMAIL,N. Espinoza,PAYMENT_CONFIRMED,
ACT-0002347,INV-0024669,C00228,2026-06-12,CALL,F. Zamora,PROMISE_TO_PAY,2026-06-23
ACT-0002348,INV-0023740,C00219,2026-06-04,CALL,B. Quintana,PAYMENT_CONFIRMED,
ACT-0002349,INV-0023740,C00219,2026-06-07,EMAIL,B. Quintana,NO_ANSWER,
ACT-0002350,INV-0023740,C00219,2026-06-08,EMAIL,B. Quintana,PROMISE_TO_PAY,2026-06-26
ACT-0002351,INV-0008659,C00075,2025-09-07,EMAIL,D. Aguilar,PROMISE_TO_PAY,2025-09-17
ACT-0002352,INV-0008659,C00075,2025-08-15,CALL,D. Aguilar,DISPUTE_RAISED,
ACT-0002353,INV-0008659,C00075,2025-08-22,CALL,D. Aguilar,PAYMENT_CONFIRMED,
ACT-0002354,INV-0008659,C00075,2025-09-07,STATEMENT,D. Aguilar,PROMISE_TO_PAY,2025-10-15
ACT-0002355,INV-0018770,C00171,2026-02-17,STATEMENT,F. Zamora,PROMISE_TO_PAY,2026-02-24
ACT-0002356,INV-0018770,C00171,2026-02-07,EMAIL,F. Zamora,NO_ANSWER,
ACT-0002357,INV-0024045,C00222,2026-04-04,ESCALATION,F. Zamora,PROMISE_TO_PAY,2026-05-01
ACT-0002358,INV-0024045,C00222,2026-03-16,STATEMENT,F. Zamora,NO_ANSWER,
ACT-0002359,INV-0024045,C00222,2026-02-24,STATEMENT,F. Zamora,NO_ANSWER,
ACT-0002360,INV-0024045,C00222,2026-05-12,EMAIL,F. Zamora,INFO_REQUESTED,
ACT-0002361,INV-0016154,C00146,2025-05-01,EMAIL,P. Ibarra,PROMISE_TO_PAY,2025-05-17
ACT-0002362,INV-0016154,C00146,2025-05-14,CALL,P. Ibarra,PROMISE_TO_PAY,2025-05-31
ACT-0002363,INV-0022761,C00210,2026-04-12,CALL,F. Zamora,PAYMENT_CONFIRMED,
ACT-0002364,INV-0022761,C00210,2026-05-07,CALL,F. Zamora,PAYMENT_CONFIRMED,
ACT-0002365,INV-0022761,C00210,2026-03-13,EMAIL,F. Zamora,DISPUTE_RAISED,
ACT-0002366,INV-0027587,C00257,2025-09-13,EMAIL,G. Montoya,DISPUTE_RAISED,
ACT-0002367,INV-0027587,C00257,2025-10-02,EMAIL,G. Montoya,NO_ANSWER,
ACT-0002368,INV-0027587,C00257,2025-11-06,EMAIL,G. Montoya,NO_ANSWER,
ACT-0002369,INV-0027587,C00257,2025-12-21,EMAIL,G. Montoya,INFO_REQUESTED,
ACT-0002370,INV-0015077,C00135,2025-06-15,EMAIL,M. Contreras,DISPUTE_RAISED,
ACT-0002371,INV-0015077,C00135,2025-08-29,EMAIL,M. Contreras,INFO_REQUESTED,
ACT-0002372,INV-0015077,C00135,2025-09-19,EMAIL,M. Contreras,DISPUTE_RAISED,
ACT-0002373,INV-0021315,C00196,2025-04-11,EMAIL,R. Salazar,PROMISE_TO_PAY,2025-04-19
ACT-0002374,INV-0021315,C00196,2025-05-08,CALL,R. Salazar,PROMISE_TO_PAY,2025-05-19
ACT-0002375,INV-0021315,C00196,2025-07-05,ESCALATION,R. Salazar,NO_ANSWER,
ACT-0002376,INV-0006091,C00053,2025-09-24,STATEMENT,M. Contreras,PROMISE_TO_PAY,2025-09-30
ACT-0002377,INV-0012990,C00115,2025-06-29,CALL,C. Fuentes,PROMISE_TO_PAY,2025-07-30
ACT-0002378,INV-0015406,C00138,2025-08-26,CALL,N. Espinoza,PROMISE_TO_PAY,2025-09-13
ACT-0002379,INV-0015406,C00138,2025-10-03,STATEMENT,N. Espinoza,NO_ANSWER,
ACT-0002380,INV-0015406,C00138,2025-09-06,ESCALATION,N. Espinoza,NO_ANSWER,
ACT-0002381,INV-0015406,C00138,2025-11-16,EMAIL,N. Espinoza,PAYMENT_CONFIRMED,
ACT-0002382,INV-0013642,C00121,2025-11-09,EMAIL,R. Salazar,NO_ANSWER,
ACT-0002383,INV-0013642,C00121,2025-12-16,ESCALATION,R. Salazar,NO_ANSWER,
ACT-0002384,INV-0007033,C00061,2025-10-26,STATEMENT,M. Contreras,INFO_REQUESTED,
ACT-0002385,INV-0007033,C00061,2025-10-01,CALL,M. Contreras,NO_ANSWER,
ACT-0002386,INV-0006783,C00059,2025-03-07,ESCALATION,R. Salazar,NO_ANSWER,
ACT-0002387,INV-0000715,C00007,2025-09-16,CALL,T. Rivas,PROMISE_TO_PAY,2025-10-09
ACT-0002388,INV-0000715,C00007,2025-08-30,EMAIL,T. Rivas,NO_ANSWER,
ACT-0002389,INV-0000715,C00007,2025-10-02,STATEMENT,T. Rivas,INFO_REQUESTED,
ACT-0002390,INV-0000715,C00007,2025-08-25,CALL,T. Rivas,NO_ANSWER,
ACT-0002391,INV-0004578,C00040,2026-05-31,EMAIL,S. Duarte,PAYMENT_CONFIRMED,
ACT-0002392,INV-0004578,C00040,2026-04-24,STATEMENT,S. Duarte,PROMISE_TO_PAY,2026-05-25
ACT-0002393,INV-0004578,C00040,2026-05-01,EMAIL,S. Duarte,NO_ANSWER,
ACT-0002394,INV-0020481,C00188,2025-05-09,EMAIL,D. Aguilar,INFO_REQUESTED,
ACT-0002395,INV-0020481,C00188,2025-05-20,EMAIL,D. Aguilar,PROMISE_TO_PAY,2025-06-09
ACT-0002396,INV-0000373,C00004,2025-10-22,ESCALATION,T. Rivas,NO_ANSWER,
ACT-0002397,INV-0000776,C00007,2026-05-31,STATEMENT,T. Rivas,NO_ANSWER,
ACT-0002398,INV-0015871,C00143,2025-07-16,CALL,P. Ibarra,INFO_REQUESTED,
ACT-0002399,INV-0022894,C00211,2026-05-02,EMAIL,D. Aguilar,PAYMENT_CONFIRMED,
ACT-0002400,INV-0022894,C00211,2026-06-12,CALL,D. Aguilar,PAYMENT_CONFIRMED,
ACT-0002401,INV-0004379,C00039,2025-06-01,EMAIL,T. Rivas,INFO_REQUESTED,
ACT-0002402,INV-0004379,C00039,2025-05-31,EMAIL,T. Rivas,PROMISE_TO_PAY,2025-06-11
ACT-0002403,INV-0004379,C00039,2025-08-22,EMAIL,T. Rivas,INFO_REQUESTED,
ACT-0002404,INV-0004379,C00039,2025-08-30,CALL,T. Rivas,NO_ANSWER,
ACT-0002405,INV-0011888,C00104,2025-08-25,CALL,V. Cardenas,NO_ANSWER,
ACT-0002406,INV-0011888,C00104,2025-10-01,EMAIL,V. Cardenas,PAYMENT_CONFIRMED,
ACT-0002407,INV-0004161,C00037,2025-12-06,CALL,P. Ibarra,PAYMENT_CONFIRMED,
ACT-0002408,INV-0004161,C00037,2025-10-06,EMAIL,P. Ibarra,PROMISE_TO_PAY,2025-11-09
ACT-0002409,INV-0004161,C00037,2025-11-25,CALL,P. Ibarra,PAYMENT_CONFIRMED,
ACT-0002410,INV-0004161,C00037,2025-11-12,STATEMENT,P. Ibarra,PAYMENT_CONFIRMED,
ACT-0002411,INV-0014318,C00128,2025-03-10,EMAIL,F. Zamora,DISPUTE_RAISED,
ACT-0002412,INV-0014318,C00128,2025-05-13,STATEMENT,F. Zamora,PROMISE_TO_PAY,2025-05-26
ACT-0002413,INV-0014318,C00128,2025-03-26,STATEMENT,F. Zamora,PROMISE_TO_PAY,2025-05-01
ACT-0002414,INV-0014318,C00128,2025-04-25,EMAIL,F. Zamora,PROMISE_TO_PAY,2025-05-08
ACT-0002415,INV-0027003,C00251,2026-01-20,CALL,N. Espinoza,INFO_REQUESTED,
ACT-0002416,INV-0027003,C00251,2025-12-04,ESCALATION,N. Espinoza,PROMISE_TO_PAY,2025-12-17
ACT-0002417,INV-0027003,C00251,2026-02-28,EMAIL,N. Espinoza,INFO_REQUESTED,
ACT-0002418,INV-0016234,C00146,2026-06-30,STATEMENT,P. Ibarra,INFO_REQUESTED,
ACT-0002419,INV-0016234,C00146,2026-06-27,EMAIL,P. Ibarra,INFO_REQUESTED,
ACT-0002420,INV-0016234,C00146,2026-06-04,STATEMENT,P. Ibarra,NO_ANSWER,
ACT-0002421,INV-0007488,C00065,2025-03-29,EMAIL,F. Zamora,NO_ANSWER,
ACT-0002422,INV-0007488,C00065,2025-04-21,STATEMENT,F. Zamora,INFO_REQUESTED,
ACT-0002423,INV-0007488,C00065,2025-06-07,STATEMENT,F. Zamora,NO_ANSWER,
ACT-0002424,INV-0023519,C00217,2025-12-24,STATEMENT,J. Villalobos,PAYMENT_CONFIRMED,
ACT-0002425,INV-0023519,C00217,2025-12-10,EMAIL,J. Villalobos,PROMISE_TO_PAY,2025-12-18
ACT-0002426,INV-0020940,C00192,2026-01-22,EMAIL,C. Fuentes,PROMISE_TO_PAY,2026-02-22
ACT-0002427,INV-0020940,C00192,2026-02-12,STATEMENT,C. Fuentes,PROMISE_TO_PAY,2026-02-28
ACT-0002428,INV-0020940,C00192,2026-03-21,EMAIL,C. Fuentes,DISPUTE_RAISED,
ACT-0002429,INV-0020940,C00192,2026-04-11,CALL,C. Fuentes,PROMISE_TO_PAY,2026-05-15
ACT-0002430,INV-0014980,C00134,2025-07-17,EMAIL,V. Cardenas,NO_ANSWER,
ACT-0002431,INV-0014980,C00134,2025-09-16,EMAIL,V. Cardenas,PAYMENT_CONFIRMED,
ACT-0002432,INV-0014980,C00134,2025-08-14,EMAIL,V. Cardenas,PROMISE_TO_PAY,2025-09-02
ACT-0002433,INV-0014980,C00134,2025-09-01,EMAIL,V. Cardenas,INFO_REQUESTED,
ACT-0002434,INV-0029127,C00274,2026-06-26,STATEMENT,B. Quintana,INFO_REQUESTED,
ACT-0002435,INV-0019057,C00174,2025-08-07,EMAIL,F. Zamora,PROMISE_TO_PAY,2025-08-17
ACT-0002436,INV-0019057,C00174,2025-07-18,EMAIL,F. Zamora,NO_ANSWER,
ACT-0002437,INV-0015276,C00137,2025-03-16,EMAIL,V. Cardenas,PROMISE_TO_PAY,2025-04-10
ACT-0002438,INV-0022441,C00207,2025-11-23,EMAIL,T. Rivas,PAYMENT_CONFIRMED,
ACT-0002439,INV-0022441,C00207,2025-11-12,CALL,T. Rivas,PROMISE_TO_PAY,2025-11-19
ACT-0002440,INV-0022441,C00207,2025-12-24,CALL,T. Rivas,PROMISE_TO_PAY,2026-01-20
ACT-0002441,INV-0005772,C00050,2025-12-09,EMAIL,A. Reyes,NO_ANSWER,
ACT-0002442,INV-0005772,C00050,2026-03-16,CALL,A. Reyes,INFO_REQUESTED,
ACT-0002443,INV-0005772,C00050,2026-02-22,EMAIL,A. Reyes,PROMISE_TO_PAY,2026-03-17
ACT-0002444,INV-0005772,C00050,2026-03-21,EMAIL,A. Reyes,PAYMENT_CONFIRMED,
ACT-0002445,INV-0004443,C00039,2026-06-07,CALL,T. Rivas,PROMISE_TO_PAY,2026-07-15
ACT-0002446,INV-0004443,C00039,2026-06-23,STATEMENT,T. Rivas,NO_ANSWER,
ACT-0002447,INV-0006315,C00055,2025-08-18,CALL,B. Quintana,NO_ANSWER,
ACT-0002448,INV-0024348,C00225,2026-04-29,EMAIL,T. Rivas,INFO_REQUESTED,
ACT-0002449,INV-0024348,C00225,2026-05-01,STATEMENT,T. Rivas,PROMISE_TO_PAY,2026-05-20
ACT-0002450,INV-0024348,C00225,2026-03-31,EMAIL,T. Rivas,PROMISE_TO_PAY,2026-04-16
ACT-0002451,INV-0024348,C00225,2026-05-27,CALL,T. Rivas,INFO_REQUESTED,
ACT-0002452,INV-0023297,C00215,2026-02-06,EMAIL,M. Contreras,NO_ANSWER,
ACT-0002453,INV-0023297,C00215,2025-11-28,EMAIL,M. Contreras,PROMISE_TO_PAY,2025-12-04
ACT-0002454,INV-0023297,C00215,2025-12-29,ESCALATION,M. Contreras,PAYMENT_CONFIRMED,
ACT-0002455,INV-0023297,C00215,2026-01-31,CALL,M. Contreras,PAYMENT_CONFIRMED,
ACT-0002456,INV-0024132,C00223,2025-12-13,EMAIL,P. Ibarra,NO_ANSWER,
ACT-0002457,INV-0010030,C00086,2026-05-18,CALL,J. Villalobos,PAYMENT_CONFIRMED,
ACT-0002458,INV-0010030,C00086,2026-06-25,STATEMENT,J. Villalobos,PROMISE_TO_PAY,2026-07-19
ACT-0002459,INV-0008443,C00073,2025-10-13,EMAIL,D. Aguilar,NO_ANSWER,
ACT-0002460,INV-0008443,C00073,2025-09-08,EMAIL,D. Aguilar,NO_ANSWER,
ACT-0002461,INV-0020014,C00183,2025-10-31,EMAIL,F. Zamora,PAYMENT_CONFIRMED,
ACT-0002462,INV-0020014,C00183,2025-09-24,CALL,F. Zamora,DISPUTE_RAISED,
ACT-0002463,INV-0020014,C00183,2025-10-24,EMAIL,F. Zamora,PROMISE_TO_PAY,2025-11-23
ACT-0002464,INV-0018436,C00168,2025-09-20,EMAIL,B. Quintana,NO_ANSWER,
ACT-0002465,INV-0018436,C00168,2025-08-19,EMAIL,B. Quintana,NO_ANSWER,
ACT-0002466,INV-0011175,C00097,2025-08-31,STATEMENT,P. Ibarra,PAYMENT_CONFIRMED,
ACT-0002467,INV-0013398,C00119,2025-03-27,EMAIL,B. Quintana,INFO_REQUESTED,
ACT-0002468,INV-0018249,C00166,2026-02-24,STATEMENT,T. Rivas,INFO_REQUESTED,
ACT-0002469,INV-0018249,C00166,2026-02-13,EMAIL,T. Rivas,PROMISE_TO_PAY,2026-03-02
ACT-0002470,INV-0018249,C00166,2026-01-23,EMAIL,T. Rivas,NO_ANSWER,
ACT-0002471,INV-0020437,C00187,2026-01-26,STATEMENT,B. Quintana,PAYMENT_CONFIRMED,
ACT-0002472,INV-0020437,C00187,2026-02-22,STATEMENT,B. Quintana,PAYMENT_CONFIRMED,
ACT-0002473,INV-0000414,C00004,2026-03-18,CALL,T. Rivas,PROMISE_TO_PAY,2026-04-18
ACT-0002474,INV-0000414,C00004,2026-03-09,EMAIL,T. Rivas,PAYMENT_CONFIRMED,
ACT-0002475,INV-0000414,C00004,2026-04-19,CALL,T. Rivas,PROMISE_TO_PAY,2026-04-29
ACT-0002476,INV-0018245,C00166,2026-01-01,CALL,T. Rivas,NO_ANSWER,
ACT-0002477,INV-0019420,C00177,2026-03-04,CALL,J. Villalobos,DISPUTE_RAISED,
ACT-0002478,INV-0019420,C00177,2026-01-28,STATEMENT,J. Villalobos,NO_ANSWER,
ACT-0002479,INV-0011667,C00102,2025-07-22,STATEMENT,N. Espinoza,PAYMENT_CONFIRMED,
ACT-0002480,INV-0026570,C00247,2025-07-29,CALL,P. Ibarra,PROMISE_TO_PAY,2025-08-08
ACT-0002481,INV-0024038,C00222,2026-02-19,EMAIL,F. Zamora,INFO_REQUESTED,
ACT-0002482,INV-0024038,C00222,2026-02-22,CALL,F. Zamora,PAYMENT_CONFIRMED,
ACT-0002483,INV-0024038,C00222,2026-05-06,STATEMENT,F. Zamora,NO_ANSWER,
ACT-0002484,INV-0024038,C00222,2026-04-16,EMAIL,F. Zamora,PAYMENT_CONFIRMED,
ACT-0002485,INV-0020065,C00183,2026-06-01,CALL,F. Zamora,INFO_REQUESTED,
ACT-0002486,INV-0005722,C00050,2025-08-29,EMAIL,A. Reyes,PROMISE_TO_PAY,2025-09-18
ACT-0002487,INV-0005722,C00050,2025-08-24,EMAIL,A. Reyes,PROMISE_TO_PAY,2025-09-21
ACT-0002488,INV-0005722,C00050,2025-07-20,CALL,A. Reyes,INFO_REQUESTED,
ACT-0002489,INV-0009821,C00085,2025-05-28,EMAIL,C. Fuentes,DISPUTE_RAISED,
ACT-0002490,INV-0009821,C00085,2025-05-03,ESCALATION,C. Fuentes,PAYMENT_CONFIRMED,
ACT-0002491,INV-0025129,C00233,2025-09-30,STATEMENT,R. Salazar,NO_ANSWER,
ACT-0002492,INV-0025129,C00233,2025-09-16,EMAIL,R. Salazar,PAYMENT_CONFIRMED,
ACT-0002493,INV-0025129,C00233,2025-10-18,EMAIL,R. Salazar,PAYMENT_CONFIRMED,
ACT-0002494,INV-0020905,C00192,2025-09-01,EMAIL,C. Fuentes,PROMISE_TO_PAY,2025-09-06
ACT-0002495,INV-0020905,C00192,2025-09-27,EMAIL,C. Fuentes,NO_ANSWER,
ACT-0002496,INV-0020905,C00192,2025-09-11,EMAIL,C. Fuentes,PROMISE_TO_PAY,2025-10-07
ACT-0002497,INV-0020905,C00192,2025-10-16,EMAIL,C. Fuentes,PROMISE_TO_PAY,2025-10-29
ACT-0002498,INV-0014215,C00127,2025-04-12,CALL,P. Ibarra,PROMISE_TO_PAY,2025-05-10
ACT-0002499,INV-0014215,C00127,2025-06-13,CALL,P. Ibarra,PAYMENT_CONFIRMED,
ACT-0002500,INV-0029788,C00284,2025-06-13,ESCALATION,G. Montoya,DISPUTE_RAISED,
ACT-0002501,INV-0029788,C00284,2025-06-18,EMAIL,G. Montoya,INFO_REQUESTED,
ACT-0002502,INV-0029788,C00284,2025-06-01,CALL,G. Montoya,PROMISE_TO_PAY,2025-07-09
ACT-0002503,INV-0029788,C00284,2025-08-26,EMAIL,G. Montoya,NO_ANSWER,
ACT-0002504,INV-0024626,C00228,2025-10-09,EMAIL,F. Zamora,PROMISE_TO_PAY,2025-11-12
ACT-0002505,INV-0023010,C00212,2026-06-20,CALL,P. Ibarra,PROMISE_TO_PAY,2026-07-27
ACT-0002506,INV-0023010,C00212,2026-06-06,STATEMENT,P. Ibarra,INFO_REQUESTED,
ACT-0002507,INV-0013394,C00119,2025-04-10,CALL,B. Quintana,PROMISE_TO_PAY,2025-04-23
ACT-0002508,INV-0013394,C00119,2025-05-11,EMAIL,B. Quintana,NO_ANSWER,
ACT-0002509,INV-0013394,C00119,2025-03-29,EMAIL,B. Quintana,DISPUTE_RAISED,
ACT-0002510,INV-0030375,C00292,2026-06-23,EMAIL,N. Espinoza,NO_ANSWER,
ACT-0002511,INV-0002714,C00024,2026-05-16,STATEMENT,C. Fuentes,INFO_REQUESTED,
ACT-0002512,INV-0002714,C00024,2026-04-19,STATEMENT,C. Fuentes,INFO_REQUESTED,
ACT-0002513,INV-0021773,C00200,2025-11-09,EMAIL,S. Duarte,PROMISE_TO_PAY,2025-11-25
ACT-0002514,INV-0021773,C00200,2025-11-15,EMAIL,S. Duarte,INFO_REQUESTED,
ACT-0002515,INV-0021773,C00200,2026-01-29,CALL,S. Duarte,INFO_REQUESTED,
ACT-0002516,INV-0027022,C00251,2026-03-17,CALL,N. Espinoza,INFO_REQUESTED,
ACT-0002517,INV-0027022,C00251,2026-03-27,CALL,N. Espinoza,NO_ANSWER,
ACT-0002518,INV-0006154,C00053,2026-06-30,CALL,M. Contreras,NO_ANSWER,
ACT-0002519,INV-0006625,C00057,2026-06-21,EMAIL,J. Villalobos,INFO_REQUESTED,
ACT-0002520,INV-0012783,C00113,2025-10-11,CALL,C. Fuentes,INFO_REQUESTED,
ACT-0002521,INV-0012783,C00113,2025-11-09,CALL,C. Fuentes,PROMISE_TO_PAY,2025-11-23
ACT-0002522,INV-0012783,C00113,2025-09-22,EMAIL,C. Fuentes,NO_ANSWER,
ACT-0002523,INV-0020501,C00188,2025-07-14,CALL,D. Aguilar,PROMISE_TO_PAY,2025-07-30
ACT-0002524,INV-0020501,C00188,2025-06-20,EMAIL,D. Aguilar,INFO_REQUESTED,
ACT-0002525,INV-0018571,C00169,2026-04-20,EMAIL,T. Rivas,PROMISE_TO_PAY,2026-05-23
ACT-0002526,INV-0019187,C00175,2026-01-02,CALL,B. Quintana,INFO_REQUESTED,
ACT-0002527,INV-0009759,C00084,2025-12-11,EMAIL,C. Fuentes,PAYMENT_CONFIRMED,
ACT-0002528,INV-0009759,C00084,2025-12-16,EMAIL,C. Fuentes,DISPUTE_RAISED,
ACT-0002529,INV-0009759,C00084,2025-11-27,EMAIL,C. Fuentes,NO_ANSWER,
ACT-0002530,INV-0009759,C00084,2026-01-06,STATEMENT,C. Fuentes,NO_ANSWER,
ACT-0002531,INV-0021181,C00194,2026-06-22,CALL,P. Ibarra,NO_ANSWER,
ACT-0002532,INV-0021181,C00194,2026-06-14,EMAIL,P. Ibarra,DISPUTE_RAISED,
ACT-0002533,INV-0021181,C00194,2026-05-17,EMAIL,P. Ibarra,NO_ANSWER,
ACT-0002534,INV-0000096,C00001,2026-06-27,EMAIL,B. Quintana,PROMISE_TO_PAY,2026-07-03
ACT-0002535,INV-0006921,C00060,2025-09-19,EMAIL,P. Ibarra,NO_ANSWER,
ACT-0002536,INV-0006921,C00060,2025-10-18,CALL,P. Ibarra,NO_ANSWER,
ACT-0002537,INV-0027633,C00257,2026-05-15,CALL,G. Montoya,PROMISE_TO_PAY,2026-05-27
ACT-0002538,INV-0010615,C00092,2025-02-27,STATEMENT,P. Ibarra,PROMISE_TO_PAY,2025-03-12
ACT-0002539,INV-0010615,C00092,2025-03-02,EMAIL,P. Ibarra,PROMISE_TO_PAY,2025-03-18
ACT-0002540,INV-0010004,C00086,2026-03-09,CALL,J. Villalobos,PROMISE_TO_PAY,2026-03-16
ACT-0002541,INV-0010004,C00086,2026-03-24,EMAIL,J. Villalobos,INFO_REQUESTED,
ACT-0002542,INV-0010004,C00086,2026-02-21,CALL,J. Villalobos,DISPUTE_RAISED,
ACT-0002543,INV-0010004,C00086,2026-04-12,ESCALATION,J. Villalobos,NO_ANSWER,
ACT-0002544,INV-0010503,C00091,2025-05-28,EMAIL,L. Moreno,INFO_REQUESTED,
ACT-0002545,INV-0001044,C00010,2025-06-22,STATEMENT,F. Zamora,PAYMENT_CONFIRMED,
ACT-0002546,INV-0022608,C00209,2025-06-11,EMAIL,D. Aguilar,NO_ANSWER,
ACT-0002547,INV-0022608,C00209,2025-06-26,ESCALATION,D. Aguilar,INFO_REQUESTED,
ACT-0002548,INV-0021567,C00198,2025-11-13,EMAIL,J. Villalobos,NO_ANSWER,
ACT-0002549,INV-0021567,C00198,2025-12-22,CALL,J. Villalobos,INFO_REQUESTED,
ACT-0002550,INV-0021567,C00198,2025-11-04,EMAIL,J. Villalobos,DISPUTE_RAISED,
ACT-0002551,INV-0021567,C00198,2025-11-22,CALL,J. Villalobos,PAYMENT_CONFIRMED,
ACT-0002552,INV-0025323,C00235,2025-07-08,ESCALATION,S. Duarte,PROMISE_TO_PAY,2025-08-13
ACT-0002553,INV-0025323,C00235,2025-08-24,STATEMENT,S. Duarte,NO_ANSWER,
ACT-0002554,INV-0009862,C00085,2025-12-06,EMAIL,C. Fuentes,PROMISE_TO_PAY,2025-12-14
ACT-0002555,INV-0009862,C00085,2025-11-16,CALL,C. Fuentes,PAYMENT_CONFIRMED,
ACT-0002556,INV-0009862,C00085,2025-11-08,ESCALATION,C. Fuentes,PROMISE_TO_PAY,2025-11-21
ACT-0002557,INV-0009862,C00085,2025-12-30,CALL,C. Fuentes,PROMISE_TO_PAY,2026-01-29
ACT-0002558,INV-0023076,C00213,2025-10-27,EMAIL,J. Villalobos,DISPUTE_RAISED,
ACT-0002559,INV-0024266,C00224,2026-05-26,CALL,A. Reyes,PROMISE_TO_PAY,2026-06-18
ACT-0002560,INV-0009897,C00085,2026-04-18,EMAIL,C. Fuentes,PROMISE_TO_PAY,2026-04-25
ACT-0002561,INV-0008994,C00078,2025-05-18,EMAIL,C. Fuentes,NO_ANSWER,
ACT-0002562,INV-0008994,C00078,2025-07-13,STATEMENT,C. Fuentes,PROMISE_TO_PAY,2025-07-31
ACT-0002563,INV-0025018,C00232,2025-05-16,EMAIL,F. Zamora,PAYMENT_CONFIRMED,
ACT-0002564,INV-0025018,C00232,2025-05-01,CALL,F. Zamora,PROMISE_TO_PAY,2025-05-09
ACT-0002565,INV-0025018,C00232,2025-06-11,STATEMENT,F. Zamora,NO_ANSWER,
ACT-0002566,INV-0025018,C00232,2025-04-14,ESCALATION,F. Zamora,PROMISE_TO_PAY,2025-05-09
ACT-0002567,INV-0005725,C00050,2025-06-18,STATEMENT,A. Reyes,DISPUTE_RAISED,
ACT-0002568,INV-0005725,C00050,2025-06-28,CALL,A. Reyes,PROMISE_TO_PAY,2025-07-13
ACT-0002569,INV-0000281,C00003,2025-11-17,EMAIL,V. Cardenas,DISPUTE_RAISED,
ACT-0002570,INV-0000281,C00003,2025-10-15,STATEMENT,V. Cardenas,INFO_REQUESTED,
ACT-0002571,INV-0000281,C00003,2026-01-08,CALL,V. Cardenas,PROMISE_TO_PAY,2026-02-07
ACT-0002572,INV-0000281,C00003,2026-01-18,CALL,V. Cardenas,PROMISE_TO_PAY,2026-02-22
ACT-0002573,INV-0018191,C00166,2025-05-26,CALL,T. Rivas,NO_ANSWER,
ACT-0002574,INV-0018191,C00166,2025-04-19,EMAIL,T. Rivas,PROMISE_TO_PAY,2025-04-28
ACT-0002575,INV-0001639,C00015,2025-04-29,CALL,D. Aguilar,INFO_REQUESTED,
ACT-0002576,INV-0001639,C00015,2025-06-27,EMAIL,D. Aguilar,PROMISE_TO_PAY,2025-07-12
ACT-0002577,INV-0023814,C00220,2026-01-17,CALL,B. Quintana,PAYMENT_CONFIRMED,
ACT-0002578,INV-0023814,C00220,2026-02-01,CALL,B. Quintana,PAYMENT_CONFIRMED,
ACT-0002579,INV-0023814,C00220,2026-02-19,CALL,B. Quintana,PROMISE_TO_PAY,2026-02-27
ACT-0002580,INV-0016817,C00152,2026-02-11,EMAIL,M. Contreras,NO_ANSWER,
ACT-0002581,INV-0016817,C00152,2026-04-09,EMAIL,M. Contreras,NO_ANSWER,
ACT-0002582,INV-0016817,C00152,2026-02-21,ESCALATION,M. Contreras,PAYMENT_CONFIRMED,
ACT-0002583,INV-0016817,C00152,2026-04-06,ESCALATION,M. Contreras,NO_ANSWER,
ACT-0002584,INV-0023804,C00220,2025-10-30,EMAIL,B. Quintana,NO_ANSWER,
ACT-0002585,INV-0012718,C00112,2026-04-25,STATEMENT,T. Rivas,PROMISE_TO_PAY,2026-05-12
ACT-0002586,INV-0012718,C00112,2026-04-30,CALL,T. Rivas,PROMISE_TO_PAY,2026-05-31
ACT-0002587,INV-0012718,C00112,2026-04-27,CALL,T. Rivas,PROMISE_TO_PAY,2026-05-27
ACT-0002588,INV-0016938,C00153,2026-05-03,CALL,L. Moreno,NO_ANSWER,
ACT-0002589,INV-0007177,C00062,2025-11-11,EMAIL,P. Ibarra,PAYMENT_CONFIRMED,
ACT-0002590,INV-0007177,C00062,2026-01-24,EMAIL,P. Ibarra,INFO_REQUESTED,
ACT-0002591,INV-0007177,C00062,2025-11-16,CALL,P. Ibarra,NO_ANSWER,
ACT-0002592,INV-0013418,C00119,2025-08-28,EMAIL,B. Quintana,NO_ANSWER,
ACT-0002593,INV-0013418,C00119,2025-09-06,ESCALATION,B. Quintana,NO_ANSWER,
ACT-0002594,INV-0019082,C00174,2026-01-17,STATEMENT,F. Zamora,PROMISE_TO_PAY,2026-02-07
ACT-0002595,INV-0013949,C00124,2026-01-08,EMAIL,A. Reyes,DISPUTE_RAISED,
ACT-0002596,INV-0013949,C00124,2026-01-19,EMAIL,A. Reyes,PAYMENT_CONFIRMED,
ACT-0002597,INV-0007270,C00063,2025-09-10,CALL,C. Fuentes,PAYMENT_CONFIRMED,
ACT-0002598,INV-0007270,C00063,2025-10-18,EMAIL,C. Fuentes,NO_ANSWER,
ACT-0002599,INV-0007270,C00063,2025-10-02,CALL,C. Fuentes,PROMISE_TO_PAY,2025-10-22
ACT-0002600,INV-0007270,C00063,2025-09-21,EMAIL,C. Fuentes,DISPUTE_RAISED,
ACT-0002601,INV-0001951,C00017,2026-03-17,STATEMENT,D. Aguilar,PAYMENT_CONFIRMED,
ACT-0002602,INV-0001951,C00017,2026-04-29,EMAIL,D. Aguilar,DISPUTE_RAISED,
ACT-0002603,INV-0001951,C00017,2026-06-26,EMAIL,D. Aguilar,PROMISE_TO_PAY,2026-07-07
ACT-0002604,INV-0003983,C00035,2026-06-14,CALL,V. Cardenas,PROMISE_TO_PAY,2026-07-18
ACT-0002605,INV-0023950,C00221,2026-05-07,EMAIL,S. Duarte,PROMISE_TO_PAY,2026-05-23
ACT-0002606,INV-0023950,C00221,2026-04-25,STATEMENT,S. Duarte,NO_ANSWER,
ACT-0002607,INV-0016487,C00149,2025-09-13,ESCALATION,V. Cardenas,PAYMENT_CONFIRMED,
ACT-0002608,INV-0012833,C00113,2026-06-28,EMAIL,C. Fuentes,PAYMENT_CONFIRMED,
ACT-0002609,INV-0000400,C00004,2026-01-04,ESCALATION,T. Rivas,NO_ANSWER,
ACT-0002610,INV-0000400,C00004,2026-02-03,CALL,T. Rivas,INFO_REQUESTED,
ACT-0002611,INV-0006454,C00056,2025-10-30,CALL,G. Montoya,PROMISE_TO_PAY,2025-11-30
ACT-0002612,INV-0007996,C00069,2025-12-26,CALL,F. Zamora,INFO_REQUESTED,
ACT-0002613,INV-0007996,C00069,2025-11-29,STATEMENT,F. Zamora,NO_ANSWER,
ACT-0002614,INV-0007996,C00069,2025-11-26,EMAIL,F. Zamora,PAYMENT_CONFIRMED,
ACT-0002615,INV-0007996,C00069,2025-12-05,EMAIL,F. Zamora,PROMISE_TO_PAY,2025-12-15
ACT-0002616,INV-0005603,C00049,2025-06-11,EMAIL,T. Rivas,PROMISE_TO_PAY,2025-06-18
ACT-0002617,INV-0005603,C00049,2025-08-10,EMAIL,T. Rivas,PAYMENT_CONFIRMED,
ACT-0002618,INV-0003951,C00035,2026-01-30,CALL,V. Cardenas,PROMISE_TO_PAY,2026-03-01
ACT-0002619,INV-0003951,C00035,2026-01-06,STATEMENT,V. Cardenas,NO_ANSWER,
ACT-0002620,INV-0011235,C00097,2026-06-22,STATEMENT,P. Ibarra,NO_ANSWER,
ACT-0002621,INV-0011235,C00097,2026-06-24,EMAIL,P. Ibarra,PROMISE_TO_PAY,2026-07-04
ACT-0002622,INV-0006213,C00054,2025-11-20,CALL,G. Montoya,PAYMENT_CONFIRMED,
ACT-0002623,INV-0009155,C00079,2026-02-16,CALL,B. Quintana,PROMISE_TO_PAY,2026-03-21
ACT-0002624,INV-0009155,C00079,2026-02-20,CALL,B. Quintana,PROMISE_TO_PAY,2026-03-05
ACT-0002625,INV-0009155,C00079,2026-03-07,EMAIL,B. Quintana,PROMISE_TO_PAY,2026-03-16
ACT-0002626,INV-0009155,C00079,2026-03-25,CALL,B. Quintana,DISPUTE_RAISED,
ACT-0002627,INV-0010323,C00089,2026-01-03,EMAIL,R. Salazar,NO_ANSWER,
ACT-0002628,INV-0010323,C00089,2025-12-10,STATEMENT,R. Salazar,DISPUTE_RAISED,
ACT-0002629,INV-0010323,C00089,2025-11-13,EMAIL,R. Salazar,PROMISE_TO_PAY,2025-11-25
ACT-0002630,INV-0004374,C00039,2025-07-10,STATEMENT,T. Rivas,NO_ANSWER,
ACT-0002631,INV-0004374,C00039,2025-05-09,CALL,T. Rivas,PROMISE_TO_PAY,2025-06-17
ACT-0002632,INV-0004374,C00039,2025-08-08,EMAIL,T. Rivas,NO_ANSWER,
ACT-0002633,INV-0004374,C00039,2025-07-03,EMAIL,T. Rivas,PROMISE_TO_PAY,2025-08-02
ACT-0002634,INV-0019529,C00178,2026-05-11,STATEMENT,M. Contreras,NO_ANSWER,
ACT-0002635,INV-0019529,C00178,2026-03-13,CALL,M. Contreras,PAYMENT_CONFIRMED,
ACT-0002636,INV-0024804,C00230,2025-05-07,EMAIL,N. Espinoza,PROMISE_TO_PAY,2025-06-02
ACT-0002637,INV-0024804,C00230,2025-03-28,EMAIL,N. Espinoza,PAYMENT_CONFIRMED,
ACT-0002638,INV-0024804,C00230,2025-07-03,EMAIL,N. Espinoza,DISPUTE_RAISED,
ACT-0002639,INV-0021954,C00202,2025-06-27,EMAIL,C. Fuentes,PAYMENT_CONFIRMED,
ACT-0002640,INV-0021954,C00202,2025-07-01,CALL,C. Fuentes,PROMISE_TO_PAY,2025-08-08
ACT-0002641,INV-0021954,C00202,2025-09-05,CALL,C. Fuentes,NO_ANSWER,
ACT-0002642,INV-0021954,C00202,2025-08-23,ESCALATION,C. Fuentes,PROMISE_TO_PAY,2025-09-12
ACT-0002643,INV-0014628,C00131,2025-05-30,EMAIL,P. Ibarra,NO_ANSWER,
ACT-0002644,INV-0014628,C00131,2025-05-28,ESCALATION,P. Ibarra,NO_ANSWER,
ACT-0002645,INV-0014628,C00131,2025-06-21,STATEMENT,P. Ibarra,NO_ANSWER,
ACT-0002646,INV-0007794,C00067,2026-04-22,CALL,A. Reyes,PAYMENT_CONFIRMED,
ACT-0002647,INV-0007794,C00067,2026-06-13,STATEMENT,A. Reyes,INFO_REQUESTED,
ACT-0002648,INV-0007794,C00067,2026-04-19,EMAIL,A. Reyes,PAYMENT_CONFIRMED,
ACT-0002649,INV-0007794,C00067,2026-06-14,EMAIL,A. Reyes,PROMISE_TO_PAY,2026-07-23
ACT-0002650,INV-0016062,C00145,2025-05-12,CALL,J. Villalobos,PAYMENT_CONFIRMED,
ACT-0002651,INV-0016062,C00145,2025-06-08,ESCALATION,J. Villalobos,PROMISE_TO_PAY,2025-06-27
ACT-0002652,INV-0016062,C00145,2025-08-09,EMAIL,J. Villalobos,INFO_REQUESTED,
ACT-0002653,INV-0030511,C00294,2026-01-23,EMAIL,R. Salazar,PAYMENT_CONFIRMED,
ACT-0002654,INV-0030511,C00294,2026-02-25,CALL,R. Salazar,PROMISE_TO_PAY,2026-03-10
ACT-0002655,INV-0030511,C00294,2026-02-13,CALL,R. Salazar,INFO_REQUESTED,
ACT-0002656,INV-0030511,C00294,2026-01-24,CALL,R. Salazar,PAYMENT_CONFIRMED,
ACT-0002657,INV-0026078,C00242,2026-03-26,STATEMENT,L. Moreno,PROMISE_TO_PAY,2026-04-20
ACT-0002658,INV-0026078,C00242,2026-03-30,EMAIL,L. Moreno,NO_ANSWER,
ACT-0002659,INV-0026078,C00242,2026-03-21,EMAIL,L. Moreno,NO_ANSWER,
ACT-0002660,INV-0026078,C00242,2026-04-21,EMAIL,L. Moreno,INFO_REQUESTED,
ACT-0002661,INV-0023874,C00221,2025-03-03,EMAIL,S. Duarte,DISPUTE_RAISED,
ACT-0002662,INV-0023874,C00221,2025-05-23,EMAIL,S. Duarte,INFO_REQUESTED,
ACT-0002663,INV-0023874,C00221,2025-05-24,EMAIL,S. Duarte,PAYMENT_CONFIRMED,
ACT-0002664,INV-0023874,C00221,2025-04-21,EMAIL,S. Duarte,PAYMENT_CONFIRMED,
ACT-0002665,INV-0017786,C00161,2026-06-09,STATEMENT,S. Duarte,PROMISE_TO_PAY,2026-07-12
ACT-0002666,INV-0017972,C00163,2026-06-17,ESCALATION,A. Reyes,NO_ANSWER,
ACT-0002667,INV-0007855,C00068,2025-09-13,ESCALATION,C. Fuentes,INFO_REQUESTED,
ACT-0002668,INV-0024102,C00223,2025-06-20,EMAIL,P. Ibarra,PROMISE_TO_PAY,2025-07-29
ACT-0002669,INV-0024102,C00223,2025-05-24,EMAIL,P. Ibarra,DISPUTE_RAISED,
ACT-0002670,INV-0024102,C00223,2025-07-03,EMAIL,P. Ibarra,DISPUTE_RAISED,
ACT-0002671,INV-0002537,C00023,2025-03-31,EMAIL,C. Fuentes,PROMISE_TO_PAY,2025-05-01
ACT-0002672,INV-0002537,C00023,2025-04-28,CALL,C. Fuentes,PAYMENT_CONFIRMED,
ACT-0002673,INV-0010961,C00095,2025-10-07,EMAIL,A. Reyes,PROMISE_TO_PAY,2025-10-21
ACT-0002674,INV-0010961,C00095,2025-09-11,CALL,A. Reyes,PROMISE_TO_PAY,2025-09-24
ACT-0002675,INV-0010961,C00095,2025-12-05,EMAIL,A. Reyes,PROMISE_TO_PAY,2026-01-08
ACT-0002676,INV-0020194,C00185,2025-04-18,EMAIL,R. Salazar,PROMISE_TO_PAY,2025-05-07
ACT-0002677,INV-0020194,C00185,2025-07-05,CALL,R. Salazar,INFO_REQUESTED,
ACT-0002678,INV-0009974,C00086,2025-11-26,EMAIL,J. Villalobos,NO_ANSWER,
ACT-0002679,INV-0009974,C00086,2025-10-22,EMAIL,J. Villalobos,INFO_REQUESTED,
ACT-0002680,INV-0009974,C00086,2025-10-20,EMAIL,J. Villalobos,NO_ANSWER,
ACT-0002681,INV-0009974,C00086,2025-12-02,STATEMENT,J. Villalobos,PAYMENT_CONFIRMED,
ACT-0002682,INV-0027470,C00256,2025-09-02,CALL,J. Villalobos,NO_ANSWER,
ACT-0002683,INV-0007734,C00067,2025-08-15,EMAIL,A. Reyes,PROMISE_TO_PAY,2025-09-03
ACT-0002684,INV-0007734,C00067,2025-07-27,EMAIL,A. Reyes,PAYMENT_CONFIRMED,
ACT-0002685,INV-0007734,C00067,2025-07-11,ESCALATION,A. Reyes,NO_ANSWER,
ACT-0002686,INV-0007734,C00067,2025-09-15,ESCALATION,A. Reyes,DISPUTE_RAISED,
ACT-0002687,INV-0012521,C00110,2026-06-24,EMAIL,M. Contreras,DISPUTE_RAISED,
ACT-0002688,INV-0022922,C00212,2025-02-24,EMAIL,P. Ibarra,INFO_REQUESTED,
ACT-0002689,INV-0003034,C00027,2026-02-05,STATEMENT,L. Moreno,PROMISE_TO_PAY,2026-02-22
ACT-0002690,INV-0003034,C00027,2026-02-15,CALL,L. Moreno,DISPUTE_RAISED,
ACT-0002691,INV-0003034,C00027,2026-02-26,EMAIL,L. Moreno,PROMISE_TO_PAY,2026-03-16
ACT-0002692,INV-0003034,C00027,2026-02-20,CALL,L. Moreno,PAYMENT_CONFIRMED,
ACT-0002693,INV-0011927,C00104,2026-03-26,EMAIL,V. Cardenas,PROMISE_TO_PAY,2026-04-14
ACT-0002694,INV-0020831,C00191,2026-01-15,EMAIL,T. Rivas,DISPUTE_RAISED,
ACT-0002695,INV-0020831,C00191,2026-01-03,STATEMENT,T. Rivas,DISPUTE_RAISED,
ACT-0002696,INV-0020831,C00191,2026-02-25,ESCALATION,T. Rivas,PAYMENT_CONFIRMED,
ACT-0002697,INV-0020831,C00191,2026-04-10,EMAIL,T. Rivas,PROMISE_TO_PAY,2026-04-22
ACT-0002698,INV-0003739,C00033,2026-02-13,EMAIL,L. Moreno,INFO_REQUESTED,
ACT-0002699,INV-0003739,C00033,2026-02-24,CALL,L. Moreno,PROMISE_TO_PAY,2026-03-21
ACT-0002700,INV-0017218,C00156,2025-09-17,STATEMENT,T. Rivas,PROMISE_TO_PAY,2025-10-01
ACT-0002701,INV-0016793,C00152,2025-11-10,EMAIL,M. Contreras,INFO_REQUESTED,
ACT-0002702,INV-0016793,C00152,2025-10-31,EMAIL,M. Contreras,INFO_REQUESTED,
ACT-0002703,INV-0016793,C00152,2025-09-28,EMAIL,M. Contreras,NO_ANSWER,
ACT-0002704,INV-0010149,C00087,2026-05-06,STATEMENT,D. Aguilar,PROMISE_TO_PAY,2026-05-24
ACT-0002705,INV-0010566,C00091,2026-01-01,CALL,L. Moreno,INFO_REQUESTED,
ACT-0002706,INV-0010566,C00091,2026-02-18,EMAIL,L. Moreno,PROMISE_TO_PAY,2026-03-22
ACT-0002707,INV-0010566,C00091,2026-03-05,EMAIL,L. Moreno,NO_ANSWER,
ACT-0002708,INV-0008485,C00073,2026-04-16,ESCALATION,D. Aguilar,NO_ANSWER,
ACT-0002709,INV-0001274,C00012,2025-04-16,CALL,C. Fuentes,PAYMENT_CONFIRMED,
ACT-0002710,INV-0001274,C00012,2025-05-06,CALL,C. Fuentes,DISPUTE_RAISED,
ACT-0002711,INV-0015698,C00141,2025-10-10,EMAIL,B. Quintana,NO_ANSWER,
ACT-0002712,INV-0015698,C00141,2025-09-02,STATEMENT,B. Quintana,PAYMENT_CONFIRMED,
ACT-0002713,INV-0022474,C00207,2026-06-18,STATEMENT,T. Rivas,NO_ANSWER,
ACT-0002714,INV-0016993,C00154,2025-09-27,CALL,J. Villalobos,DISPUTE_RAISED,
ACT-0002715,INV-0009409,C00081,2026-02-10,ESCALATION,T. Rivas,INFO_REQUESTED,
ACT-0002716,INV-0018248,C00166,2026-01-27,CALL,T. Rivas,PAYMENT_CONFIRMED,
ACT-0002717,INV-0018248,C00166,2026-03-22,STATEMENT,T. Rivas,PROMISE_TO_PAY,2026-04-10
ACT-0002718,INV-0002952,C00026,2026-04-14,EMAIL,L. Moreno,PAYMENT_CONFIRMED,
ACT-0002719,INV-0021605,C00198,2026-05-20,CALL,J. Villalobos,NO_ANSWER,
ACT-0002720,INV-0024211,C00224,2025-07-22,CALL,A. Reyes,NO_ANSWER,
ACT-0002721,INV-0024211,C00224,2025-08-08,EMAIL,A. Reyes,PROMISE_TO_PAY,2025-09-03
ACT-0002722,INV-0024211,C00224,2025-10-12,EMAIL,A. Reyes,DISPUTE_RAISED,
ACT-0002723,INV-0024211,C00224,2025-09-19,EMAIL,A. Reyes,PROMISE_TO_PAY,2025-10-12
ACT-0002724,INV-0001979,C00017,2026-06-13,STATEMENT,D. Aguilar,PAYMENT_CONFIRMED,
ACT-0002725,INV-0029525,C00280,2025-11-13,CALL,M. Contreras,PROMISE_TO_PAY,2025-11-28
ACT-0002726,INV-0029525,C00280,2025-12-19,STATEMENT,M. Contreras,DISPUTE_RAISED,
ACT-0002727,INV-0029525,C00280,2025-11-30,CALL,M. Contreras,PROMISE_TO_PAY,2025-12-25
ACT-0002728,INV-0029525,C00280,2025-12-06,ESCALATION,M. Contreras,PROMISE_TO_PAY,2025-12-29
ACT-0002729,INV-0002908,C00026,2025-12-03,EMAIL,L. Moreno,NO_ANSWER,
ACT-0002730,INV-0002908,C00026,2025-12-14,EMAIL,L. Moreno,PROMISE_TO_PAY,2026-01-11
ACT-0002731,INV-0002908,C00026,2025-11-11,STATEMENT,L. Moreno,PAYMENT_CONFIRMED,
ACT-0002732,INV-0026786,C00249,2026-01-03,CALL,L. Moreno,INFO_REQUESTED,
ACT-0002733,INV-0026786,C00249,2026-01-28,CALL,L. Moreno,DISPUTE_RAISED,
ACT-0002734,INV-0026786,C00249,2026-01-06,EMAIL,L. Moreno,INFO_REQUESTED,
ACT-0002735,INV-0026786,C00249,2026-01-24,EMAIL,L. Moreno,NO_ANSWER,
ACT-0002736,INV-0013915,C00124,2025-06-28,CALL,A. Reyes,PROMISE_TO_PAY,2025-07-19
ACT-0002737,INV-0013915,C00124,2025-07-09,EMAIL,A. Reyes,PAYMENT_CONFIRMED,
ACT-0002738,INV-0013915,C00124,2025-06-12,EMAIL,A. Reyes,DISPUTE_RAISED,
ACT-0002739,INV-0002638,C00024,2025-04-23,CALL,C. Fuentes,NO_ANSWER,
ACT-0002740,INV-0002638,C00024,2025-04-27,ESCALATION,C. Fuentes,INFO_REQUESTED,
ACT-0002741,INV-0009156,C00079,2026-01-30,EMAIL,B. Quintana,PROMISE_TO_PAY,2026-02-14
ACT-0002742,INV-0009156,C00079,2026-03-25,STATEMENT,B. Quintana,NO_ANSWER,
ACT-0002743,INV-0026685,C00248,2025-12-04,ESCALATION,D. Aguilar,DISPUTE_RAISED,
ACT-0002744,INV-0013723,C00122,2025-07-21,ESCALATION,V. Cardenas,NO_ANSWER,
ACT-0002745,INV-0013723,C00122,2025-08-31,CALL,V. Cardenas,PAYMENT_CONFIRMED,
ACT-0002746,INV-0013723,C00122,2025-07-26,EMAIL,V. Cardenas,NO_ANSWER,
ACT-0002747,INV-0016607,C00150,2025-12-12,EMAIL,J. Villalobos,PAYMENT_CONFIRMED,
ACT-0002748,INV-0006939,C00060,2025-10-30,ESCALATION,P. Ibarra,PROMISE_TO_PAY,2025-12-08
ACT-0002749,INV-0006939,C00060,2026-02-03,CALL,P. Ibarra,DISPUTE_RAISED,
ACT-0002750,INV-0006939,C00060,2026-01-16,EMAIL,P. Ibarra,DISPUTE_RAISED,
ACT-0002751,INV-0006939,C00060,2025-12-28,EMAIL,P. Ibarra,INFO_REQUESTED,
ACT-0002752,INV-0015149,C00135,2026-06-30,EMAIL,M. Contreras,PROMISE_TO_PAY,2026-07-27
ACT-0002753,INV-0002245,C00020,2025-11-25,EMAIL,A. Reyes,PAYMENT_CONFIRMED,
ACT-0002754,INV-0002245,C00020,2026-01-09,EMAIL,A. Reyes,NO_ANSWER,
ACT-0002755,INV-0002245,C00020,2026-01-30,EMAIL,A. Reyes,NO_ANSWER,
ACT-0002756,INV-0002245,C00020,2025-11-30,CALL,A. Reyes,DISPUTE_RAISED,
ACT-0002757,INV-0014590,C00130,2026-03-19,CALL,P. Ibarra,INFO_REQUESTED,
ACT-0002758,INV-0004741,C00042,2025-04-02,CALL,D. Aguilar,PROMISE_TO_PAY,2025-05-10
ACT-0002759,INV-0004741,C00042,2025-04-15,EMAIL,D. Aguilar,PROMISE_TO_PAY,2025-04-28
ACT-0002760,INV-0004741,C00042,2025-06-07,EMAIL,D. Aguilar,INFO_REQUESTED,
ACT-0002761,INV-0009527,C00082,2025-12-14,CALL,R. Salazar,PROMISE_TO_PAY,2026-01-22
ACT-0002762,INV-0009527,C00082,2025-12-15,EMAIL,R. Salazar,INFO_REQUESTED,
ACT-0002763,INV-0009527,C00082,2026-01-23,EMAIL,R. Salazar,PROMISE_TO_PAY,2026-01-29
ACT-0002764,INV-0009527,C00082,2026-01-14,CALL,R. Salazar,PROMISE_TO_PAY,2026-01-19
ACT-0002765,INV-0008039,C00069,2026-05-22,EMAIL,F. Zamora,INFO_REQUESTED,
ACT-0002766,INV-0008039,C00069,2026-05-14,EMAIL,F. Zamora,PROMISE_TO_PAY,2026-05-23
ACT-0002767,INV-0014805,C00132,2026-04-10,CALL,B. Quintana,INFO_REQUESTED,
ACT-0002768,INV-0014805,C00132,2026-02-26,EMAIL,B. Quintana,DISPUTE_RAISED,
ACT-0002769,INV-0021831,C00201,2025-04-11,CALL,L. Moreno,PAYMENT_CONFIRMED,
ACT-0002770,INV-0015005,C00134,2025-11-24,EMAIL,V. Cardenas,DISPUTE_RAISED,
ACT-0002771,INV-0015005,C00134,2026-01-16,CALL,V. Cardenas,INFO_REQUESTED,
ACT-0002772,INV-0015005,C00134,2026-03-09,CALL,V. Cardenas,PAYMENT_CONFIRMED,
ACT-0002773,INV-0015005,C00134,2026-02-21,STATEMENT,V. Cardenas,PAYMENT_CONFIRMED,
ACT-0002774,INV-0018589,C00169,2026-06-29,EMAIL,T. Rivas,PAYMENT_CONFIRMED,
ACT-0002775,INV-0020439,C00187,2026-01-07,CALL,B. Quintana,PAYMENT_CONFIRMED,
ACT-0002776,INV-0020439,C00187,2026-04-13,ESCALATION,B. Quintana,PROMISE_TO_PAY,2026-05-16
ACT-0002777,INV-0020439,C00187,2026-04-01,EMAIL,B. Quintana,DISPUTE_RAISED,
ACT-0002778,INV-0000121,C00002,2025-04-27,CALL,G. Montoya,DISPUTE_RAISED,
ACT-0002779,INV-0000121,C00002,2025-06-05,EMAIL,G. Montoya,INFO_REQUESTED,
ACT-0002780,INV-0000121,C00002,2025-05-01,ESCALATION,G. Montoya,PROMISE_TO_PAY,2025-06-06
ACT-0002781,INV-0000121,C00002,2025-06-13,EMAIL,G. Montoya,PROMISE_TO_PAY,2025-07-02
ACT-0002782,INV-0023886,C00221,2025-06-22,CALL,S. Duarte,PAYMENT_CONFIRMED,
ACT-0002783,INV-0023886,C00221,2025-06-18,EMAIL,S. Duarte,PAYMENT_CONFIRMED,
ACT-0002784,INV-0023886,C00221,2025-07-20,STATEMENT,S. Duarte,NO_ANSWER,
ACT-0002785,INV-0025915,C00241,2025-05-11,EMAIL,S. Duarte,NO_ANSWER,
ACT-0002786,INV-0025915,C00241,2025-04-28,EMAIL,S. Duarte,PAYMENT_CONFIRMED,
ACT-0002787,INV-0025915,C00241,2025-04-29,EMAIL,S. Duarte,PROMISE_TO_PAY,2025-05-15
ACT-0002788,INV-0012402,C00109,2026-05-04,EMAIL,T. Rivas,NO_ANSWER,
ACT-0002789,INV-0012402,C00109,2026-06-13,CALL,T. Rivas,DISPUTE_RAISED,
ACT-0002790,INV-0012402,C00109,2026-06-09,EMAIL,T. Rivas,NO_ANSWER,
ACT-0002791,INV-0028710,C00269,2025-08-08,STATEMENT,P. Ibarra,DISPUTE_RAISED,
ACT-0002792,INV-0022479,C00207,2026-05-11,EMAIL,T. Rivas,PROMISE_TO_PAY,2026-06-03
ACT-0002793,INV-0022479,C00207,2026-05-06,CALL,T. Rivas,INFO_REQUESTED,
ACT-0002794,INV-0013880,C00123,2026-05-09,EMAIL,V. Cardenas,NO_ANSWER,
ACT-0002795,INV-0013880,C00123,2026-05-02,STATEMENT,V. Cardenas,INFO_REQUESTED,
ACT-0002796,INV-0013880,C00123,2026-06-29,EMAIL,V. Cardenas,PAYMENT_CONFIRMED,
ACT-0002797,INV-0008228,C00071,2025-12-03,EMAIL,T. Rivas,INFO_REQUESTED,
ACT-0002798,INV-0024447,C00226,2026-01-25,EMAIL,B. Quintana,DISPUTE_RAISED,
ACT-0002799,INV-0001478,C00013,2026-04-26,EMAIL,M. Contreras,NO_ANSWER,
ACT-0002800,INV-0001478,C00013,2026-06-17,EMAIL,M. Contreras,NO_ANSWER,
ACT-0002801,INV-0002444,C00022,2025-07-09,CALL,P. Ibarra,PROMISE_TO_PAY,2025-08-17
ACT-0002802,INV-0002444,C00022,2025-08-24,CALL,P. Ibarra,NO_ANSWER,
ACT-0002803,INV-0015772,C00142,2025-08-14,EMAIL,P. Ibarra,INFO_REQUESTED,
ACT-0002804,INV-0015772,C00142,2025-08-01,EMAIL,P. Ibarra,NO_ANSWER,
ACT-0002805,INV-0015772,C00142,2025-08-05,STATEMENT,P. Ibarra,PROMISE_TO_PAY,2025-08-10
ACT-0002806,INV-0021346,C00196,2025-09-08,CALL,R. Salazar,DISPUTE_RAISED,
ACT-0002807,INV-0004647,C00041,2025-09-21,EMAIL,P. Ibarra,PROMISE_TO_PAY,2025-10-01
ACT-0002808,INV-0007106,C00061,2026-06-14,EMAIL,M. Contreras,PAYMENT_CONFIRMED,
ACT-0002809,INV-0022982,C00212,2025-12-24,CALL,P. Ibarra,INFO_REQUESTED,
ACT-0002810,INV-0002885,C00026,2025-04-05,EMAIL,L. Moreno,INFO_REQUESTED,
ACT-0002811,INV-0002885,C00026,2025-06-01,EMAIL,L. Moreno,PROMISE_TO_PAY,2025-07-07
ACT-0002812,INV-0002885,C00026,2025-05-20,EMAIL,L. Moreno,NO_ANSWER,
ACT-0002813,INV-0002885,C00026,2025-05-17,CALL,L. Moreno,PROMISE_TO_PAY,2025-05-29
ACT-0002814,INV-0001442,C00013,2025-10-27,CALL,M. Contreras,PROMISE_TO_PAY,2025-11-19
ACT-0002815,INV-0024459,C00226,2026-05-01,EMAIL,B. Quintana,PROMISE_TO_PAY,2026-06-01
ACT-0002816,INV-0012323,C00108,2026-06-12,CALL,G. Montoya,NO_ANSWER,
ACT-0002817,INV-0012323,C00108,2026-05-22,CALL,G. Montoya,PAYMENT_CONFIRMED,
ACT-0002818,INV-0020784,C00191,2025-06-14,STATEMENT,T. Rivas,PAYMENT_CONFIRMED,
ACT-0002819,INV-0020784,C00191,2025-06-10,EMAIL,T. Rivas,NO_ANSWER,
ACT-0002820,INV-0020784,C00191,2025-06-15,CALL,T. Rivas,NO_ANSWER,
ACT-0002821,INV-0013786,C00122,2026-05-12,EMAIL,V. Cardenas,PROMISE_TO_PAY,2026-05-21
ACT-0002822,INV-0007894,C00068,2026-03-31,CALL,C. Fuentes,NO_ANSWER,
ACT-0002823,INV-0007894,C00068,2026-03-10,EMAIL,C. Fuentes,PAYMENT_CONFIRMED,
ACT-0002824,INV-0021213,C00195,2025-05-24,STATEMENT,R. Salazar,INFO_REQUESTED,
ACT-0002825,INV-0021213,C00195,2025-05-02,EMAIL,R. Salazar,NO_ANSWER,
ACT-0002826,INV-0021213,C00195,2025-05-24,ESCALATION,R. Salazar,NO_ANSWER,
ACT-0002827,INV-0021213,C00195,2025-05-30,CALL,R. Salazar,PROMISE_TO_PAY,2025-06-26
ACT-0002828,INV-0005060,C00044,2026-05-13,EMAIL,B. Quintana,DISPUTE_RAISED,
ACT-0002829,INV-0011766,C00103,2025-06-15,CALL,P. Ibarra,NO_ANSWER,
ACT-0002830,INV-0011766,C00103,2025-06-03,EMAIL,P. Ibarra,PROMISE_TO_PAY,2025-06-09
ACT-0002831,INV-0003165,C00028,2025-10-26,STATEMENT,G. Montoya,PROMISE_TO_PAY,2025-11-22
ACT-0002832,INV-0003165,C00028,2025-11-07,STATEMENT,G. Montoya,PROMISE_TO_PAY,2025-12-11
ACT-0002833,INV-0003165,C00028,2026-01-17,CALL,G. Montoya,PROMISE_TO_PAY,2026-01-31
ACT-0002834,INV-0000646,C00006,2026-03-25,EMAIL,P. Ibarra,PROMISE_TO_PAY,2026-04-26
ACT-0002835,INV-0000646,C00006,2026-03-25,CALL,P. Ibarra,DISPUTE_RAISED,
ACT-0002836,INV-0023248,C00215,2025-05-17,STATEMENT,M. Contreras,PROMISE_TO_PAY,2025-06-08
ACT-0002837,INV-0023248,C00215,2025-04-30,EMAIL,M. Contreras,DISPUTE_RAISED,
ACT-0002838,INV-0023248,C00215,2025-05-18,EMAIL,M. Contreras,DISPUTE_RAISED,
ACT-0002839,INV-0013914,C00124,2025-05-28,STATEMENT,A. Reyes,PROMISE_TO_PAY,2025-06-11
ACT-0002840,INV-0013914,C00124,2025-05-14,CALL,A. Reyes,NO_ANSWER,
ACT-0002841,INV-0013914,C00124,2025-07-17,EMAIL,A. Reyes,NO_ANSWER,
ACT-0002842,INV-0023360,C00216,2025-05-06,STATEMENT,S. Duarte,PAYMENT_CONFIRMED,
ACT-0002843,INV-0023360,C00216,2025-06-10,EMAIL,S. Duarte,DISPUTE_RAISED,
ACT-0002844,INV-0023360,C00216,2025-05-17,ESCALATION,S. Duarte,PAYMENT_CONFIRMED,
ACT-0002845,INV-0023360,C00216,2025-06-02,EMAIL,S. Duarte,PROMISE_TO_PAY,2025-06-15
ACT-0002846,INV-0026462,C00246,2025-06-12,EMAIL,V. Cardenas,PROMISE_TO_PAY,2025-07-03
ACT-0002847,INV-0026462,C00246,2025-05-31,EMAIL,V. Cardenas,INFO_REQUESTED,
ACT-0002848,INV-0026462,C00246,2025-06-26,CALL,V. Cardenas,NO_ANSWER,
ACT-0002849,INV-0026462,C00246,2025-06-17,EMAIL,V. Cardenas,INFO_REQUESTED,
ACT-0002850,INV-0015085,C00135,2025-07-25,CALL,M. Contreras,DISPUTE_RAISED,
ACT-0002851,INV-0015085,C00135,2025-08-15,CALL,M. Contreras,PAYMENT_CONFIRMED,
ACT-0002852,INV-0019846,C00181,2026-03-14,EMAIL,A. Reyes,INFO_REQUESTED,
ACT-0002853,INV-0019846,C00181,2026-04-28,EMAIL,A. Reyes,PAYMENT_CONFIRMED,
ACT-0002854,INV-0019846,C00181,2026-04-19,EMAIL,A. Reyes,PAYMENT_CONFIRMED,
ACT-0002855,INV-0019253,C00176,2025-06-01,EMAIL,A. Reyes,PAYMENT_CONFIRMED,
ACT-0002856,INV-0019253,C00176,2025-04-27,CALL,A. Reyes,PROMISE_TO_PAY,2025-05-31
ACT-0002857,INV-0019253,C00176,2025-05-22,EMAIL,A. Reyes,INFO_REQUESTED,
ACT-0002858,INV-0019253,C00176,2025-05-20,ESCALATION,A. Reyes,DISPUTE_RAISED,
ACT-0002859,INV-0003613,C00032,2026-01-19,EMAIL,N. Espinoza,INFO_REQUESTED,
ACT-0002860,INV-0003613,C00032,2026-01-14,EMAIL,N. Espinoza,PROMISE_TO_PAY,2026-01-20
ACT-0002861,INV-0003613,C00032,2026-01-08,CALL,N. Espinoza,PROMISE_TO_PAY,2026-02-03
ACT-0002862,INV-0000089,C00001,2026-05-22,EMAIL,B. Quintana,NO_ANSWER,
ACT-0002863,INV-0017066,C00155,2025-06-07,STATEMENT,J. Villalobos,INFO_REQUESTED,
ACT-0002864,INV-0017066,C00155,2025-05-02,STATEMENT,J. Villalobos,INFO_REQUESTED,
ACT-0002865,INV-0006509,C00056,2026-05-05,EMAIL,G. Montoya,NO_ANSWER,
ACT-0002866,INV-0006509,C00056,2026-06-18,EMAIL,G. Montoya,NO_ANSWER,
ACT-0002867,INV-0010319,C00089,2025-09-05,CALL,R. Salazar,PROMISE_TO_PAY,2025-09-26
ACT-0002868,INV-0010319,C00089,2025-11-16,EMAIL,R. Salazar,NO_ANSWER,
ACT-0002869,INV-0016738,C00151,2026-06-01,EMAIL,N. Espinoza,DISPUTE_RAISED,
ACT-0002870,INV-0015527,C00139,2025-12-25,STATEMENT,V. Cardenas,DISPUTE_RAISED,
ACT-0002871,INV-0015527,C00139,2026-02-05,EMAIL,V. Cardenas,NO_ANSWER,
ACT-0002872,INV-0015527,C00139,2026-02-01,STATEMENT,V. Cardenas,PROMISE_TO_PAY,2026-02-08
ACT-0002873,INV-0015527,C00139,2026-03-19,CALL,V. Cardenas,INFO_REQUESTED,
ACT-0002874,INV-0026659,C00248,2025-05-03,EMAIL,D. Aguilar,INFO_REQUESTED,
ACT-0002875,INV-0026659,C00248,2025-07-02,CALL,D. Aguilar,PROMISE_TO_PAY,2025-07-18
ACT-0002876,INV-0026659,C00248,2025-05-26,EMAIL,D. Aguilar,NO_ANSWER,
ACT-0002877,INV-0027874,C00260,2025-04-21,EMAIL,F. Zamora,NO_ANSWER,
ACT-0002878,INV-0003726,C00033,2025-11-24,EMAIL,L. Moreno,INFO_REQUESTED,
ACT-0002879,INV-0003726,C00033,2025-12-24,EMAIL,L. Moreno,DISPUTE_RAISED,
ACT-0002880,INV-0003726,C00033,2026-01-24,STATEMENT,L. Moreno,PROMISE_TO_PAY,2026-02-12
ACT-0002881,INV-0026388,C00245,2025-10-17,CALL,S. Duarte,PAYMENT_CONFIRMED,
ACT-0002882,INV-0026388,C00245,2025-11-16,STATEMENT,S. Duarte,DISPUTE_RAISED,
ACT-0002883,INV-0014302,C00127,2026-06-20,STATEMENT,P. Ibarra,INFO_REQUESTED,
ACT-0002884,INV-0008777,C00076,2025-08-13,CALL,R. Salazar,DISPUTE_RAISED,
ACT-0002885,INV-0025691,C00238,2026-05-21,CALL,A. Reyes,NO_ANSWER,
ACT-0002886,INV-0009356,C00081,2025-07-07,CALL,T. Rivas,PROMISE_TO_PAY,2025-07-21
ACT-0002887,INV-0016217,C00146,2026-02-20,EMAIL,P. Ibarra,PROMISE_TO_PAY,2026-02-27
ACT-0002888,INV-0016217,C00146,2026-02-23,EMAIL,P. Ibarra,PROMISE_TO_PAY,2026-03-01
ACT-0002889,INV-0016217,C00146,2026-02-28,EMAIL,P. Ibarra,NO_ANSWER,
ACT-0002890,INV-0015696,C00141,2025-10-13,CALL,B. Quintana,DISPUTE_RAISED,
ACT-0002891,INV-0011686,C00102,2025-11-10,EMAIL,N. Espinoza,INFO_REQUESTED,
ACT-0002892,INV-0011686,C00102,2025-11-27,EMAIL,N. Espinoza,NO_ANSWER,
ACT-0002893,INV-0011686,C00102,2025-12-31,CALL,N. Espinoza,INFO_REQUESTED,
ACT-0002894,INV-0011686,C00102,2025-10-30,EMAIL,N. Espinoza,NO_ANSWER,
ACT-0002895,INV-0029662,C00282,2025-10-14,ESCALATION,P. Ibarra,PROMISE_TO_PAY,2025-10-21
ACT-0002896,INV-0029662,C00282,2025-11-27,EMAIL,P. Ibarra,NO_ANSWER,
ACT-0002897,INV-0029662,C00282,2025-12-02,EMAIL,P. Ibarra,INFO_REQUESTED,
ACT-0002898,INV-0029662,C00282,2026-01-05,EMAIL,P. Ibarra,PROMISE_TO_PAY,2026-02-06
ACT-0002899,INV-0001118,C00010,2026-05-05,ESCALATION,F. Zamora,PROMISE_TO_PAY,2026-05-16
ACT-0002900,INV-0021663,C00199,2025-11-28,CALL,V. Cardenas,PAYMENT_CONFIRMED,
ACT-0002901,INV-0021663,C00199,2025-11-20,CALL,V. Cardenas,PAYMENT_CONFIRMED,
ACT-0002902,INV-0021663,C00199,2025-11-07,EMAIL,V. Cardenas,DISPUTE_RAISED,
ACT-0002903,INV-0021396,C00196,2026-05-29,EMAIL,R. Salazar,DISPUTE_RAISED,
ACT-0002904,INV-0021396,C00196,2026-06-21,EMAIL,R. Salazar,PAYMENT_CONFIRMED,
ACT-0002905,INV-0021396,C00196,2026-06-07,CALL,R. Salazar,PROMISE_TO_PAY,2026-06-14
ACT-0002906,INV-0019399,C00177,2025-09-17,EMAIL,J. Villalobos,PAYMENT_CONFIRMED,
ACT-0002907,INV-0019399,C00177,2025-10-30,STATEMENT,J. Villalobos,PROMISE_TO_PAY,2025-11-21
ACT-0002908,INV-0021473,C00197,2026-01-03,CALL,B. Quintana,NO_ANSWER,
ACT-0002909,INV-0021473,C00197,2026-01-30,EMAIL,B. Quintana,PAYMENT_CONFIRMED,
ACT-0002910,INV-0021583,C00198,2026-04-11,EMAIL,J. Villalobos,PROMISE_TO_PAY,2026-05-09
ACT-0002911,INV-0021583,C00198,2026-03-26,EMAIL,J. Villalobos,NO_ANSWER,
ACT-0002912,INV-0000319,C00003,2026-06-29,CALL,V. Cardenas,PROMISE_TO_PAY,2026-07-08
ACT-0002913,INV-0018058,C00164,2026-04-27,CALL,P. Ibarra,NO_ANSWER,
ACT-0002914,INV-0018058,C00164,2026-03-18,EMAIL,P. Ibarra,INFO_REQUESTED,
ACT-0002915,INV-0018058,C00164,2026-06-06,CALL,P. Ibarra,PAYMENT_CONFIRMED,
ACT-0002916,INV-0018058,C00164,2026-05-09,EMAIL,P. Ibarra,NO_ANSWER,
ACT-0002917,INV-0020250,C00185,2026-05-26,CALL,R. Salazar,PROMISE_TO_PAY,2026-06-08
ACT-0002918,INV-0013687,C00121,2026-06-07,STATEMENT,R. Salazar,PROMISE_TO_PAY,2026-06-30
ACT-0002919,INV-0013687,C00121,2026-06-03,EMAIL,R. Salazar,PROMISE_TO_PAY,2026-06-30
ACT-0002920,INV-0007541,C00065,2026-02-27,STATEMENT,F. Zamora,NO_ANSWER,
ACT-0002921,INV-0007541,C00065,2026-01-28,STATEMENT,F. Zamora,NO_ANSWER,
ACT-0002922,INV-0007541,C00065,2026-01-31,EMAIL,F. Zamora,DISPUTE_RAISED,
ACT-0002923,INV-0007541,C00065,2026-01-27,STATEMENT,F. Zamora,NO_ANSWER,
ACT-0002924,INV-0023217,C00214,2026-06-26,STATEMENT,S. Duarte,NO_ANSWER,
ACT-0002925,INV-0005887,C00051,2026-01-16,EMAIL,V. Cardenas,PROMISE_TO_PAY,2026-02-06
ACT-0002926,INV-0015074,C00135,2025-07-30,STATEMENT,M. Contreras,PROMISE_TO_PAY,2025-08-28
ACT-0002927,INV-0009907,C00085,2026-05-03,CALL,C. Fuentes,NO_ANSWER,
ACT-0002928,INV-0011569,C00101,2025-06-25,EMAIL,G. Montoya,PROMISE_TO_PAY,2025-07-14
ACT-0002929,INV-0011569,C00101,2025-08-07,EMAIL,G. Montoya,PAYMENT_CONFIRMED,
ACT-0002930,INV-0011569,C00101,2025-08-20,EMAIL,G. Montoya,PAYMENT_CONFIRMED,
ACT-0002931,INV-0011569,C00101,2025-08-20,EMAIL,G. Montoya,PROMISE_TO_PAY,2025-09-05
ACT-0002932,INV-0006604,C00057,2026-01-11,EMAIL,J. Villalobos,PROMISE_TO_PAY,2026-01-24
ACT-0002933,INV-0028850,C00271,2025-06-08,EMAIL,S. Duarte,INFO_REQUESTED,
ACT-0002934,INV-0028850,C00271,2025-07-11,EMAIL,S. Duarte,DISPUTE_RAISED,
ACT-0002935,INV-0028850,C00271,2025-06-12,ESCALATION,S. Duarte,NO_ANSWER,
ACT-0002936,INV-0000651,C00006,2026-04-24,EMAIL,P. Ibarra,INFO_REQUESTED,
ACT-0002937,INV-0021792,C00200,2026-03-24,EMAIL,S. Duarte,DISPUTE_RAISED,
ACT-0002938,INV-0005020,C00044,2026-01-18,CALL,B. Quintana,NO_ANSWER,
ACT-0002939,INV-0005020,C00044,2025-12-07,STATEMENT,B. Quintana,DISPUTE_RAISED,
ACT-0002940,INV-0005020,C00044,2025-11-21,EMAIL,B. Quintana,DISPUTE_RAISED,
ACT-0002941,INV-0005020,C00044,2026-01-07,CALL,B. Quintana,PROMISE_TO_PAY,2026-01-22
ACT-0002942,INV-0017322,C00157,2025-09-08,CALL,F. Zamora,PROMISE_TO_PAY,2025-09-13
ACT-0002943,INV-0017322,C00157,2025-11-16,EMAIL,F. Zamora,DISPUTE_RAISED,
ACT-0002944,INV-0017322,C00157,2025-09-08,ESCALATION,F. Zamora,INFO_REQUESTED,
ACT-0002945,INV-0017322,C00157,2025-10-13,EMAIL,F. Zamora,PROMISE_TO_PAY,2025-10-23
ACT-0002946,INV-0007884,C00068,2025-11-28,CALL,C. Fuentes,NO_ANSWER,
ACT-0002947,INV-0007884,C00068,2026-01-22,EMAIL,C. Fuentes,PAYMENT_CONFIRMED,
ACT-0002948,INV-0007884,C00068,2025-12-13,EMAIL,C. Fuentes,PAYMENT_CONFIRMED,
ACT-0002949,INV-0012208,C00107,2026-03-19,ESCALATION,D. Aguilar,PROMISE_TO_PAY,2026-04-04
ACT-0002950,INV-0012208,C00107,2026-01-09,STATEMENT,D. Aguilar,DISPUTE_RAISED,
ACT-0002951,INV-0012208,C00107,2026-04-07,ESCALATION,D. Aguilar,INFO_REQUESTED,
ACT-0002952,INV-0009818,C00085,2025-06-03,ESCALATION,C. Fuentes,INFO_REQUESTED,
ACT-0002953,INV-0009818,C00085,2025-04-02,EMAIL,C. Fuentes,NO_ANSWER,
ACT-0002954,INV-0015520,C00139,2025-12-15,EMAIL,V. Cardenas,PROMISE_TO_PAY,2026-01-07
ACT-0002955,INV-0006853,C00059,2026-02-25,EMAIL,R. Salazar,INFO_REQUESTED,
ACT-0002956,INV-0006853,C00059,2026-04-26,CALL,R. Salazar,DISPUTE_RAISED,
ACT-0002957,INV-0009086,C00078,2026-05-30,EMAIL,C. Fuentes,NO_ANSWER,
ACT-0002958,INV-0019172,C00175,2025-08-19,CALL,B. Quintana,PAYMENT_CONFIRMED,
ACT-0002959,INV-0027467,C00256,2025-07-29,EMAIL,J. Villalobos,PROMISE_TO_PAY,2025-08-16
ACT-0002960,INV-0027467,C00256,2025-09-02,STATEMENT,J. Villalobos,PAYMENT_CONFIRMED,
ACT-0002961,INV-0027467,C00256,2025-09-04,CALL,J. Villalobos,PROMISE_TO_PAY,2025-09-20
ACT-0002962,INV-0027467,C00256,2025-10-07,STATEMENT,J. Villalobos,PAYMENT_CONFIRMED,
ACT-0002963,INV-0007641,C00066,2025-12-25,CALL,A. Reyes,PROMISE_TO_PAY,2026-01-14
ACT-0002964,INV-0007641,C00066,2026-01-15,CALL,A. Reyes,DISPUTE_RAISED,
ACT-0002965,INV-0007641,C00066,2025-11-26,EMAIL,A. Reyes,PAYMENT_CONFIRMED,
ACT-0002966,INV-0002402,C00021,2026-05-15,CALL,B. Quintana,NO_ANSWER,
ACT-0002967,INV-0002402,C00021,2026-05-20,CALL,B. Quintana,PROMISE_TO_PAY,2026-06-11
ACT-0002968,INV-0003570,C00032,2025-05-12,EMAIL,N. Espinoza,PROMISE_TO_PAY,2025-06-10
ACT-0002969,INV-0003570,C00032,2025-03-26,EMAIL,N. Espinoza,PAYMENT_CONFIRMED,
ACT-0002970,INV-0003570,C00032,2025-06-09,EMAIL,N. Espinoza,NO_ANSWER,
ACT-0002971,INV-0003570,C00032,2025-07-06,EMAIL,N. Espinoza,PROMISE_TO_PAY,2025-07-20
ACT-0002972,INV-0025403,C00236,2025-04-08,CALL,F. Zamora,NO_ANSWER,
ACT-0002973,INV-0025403,C00236,2025-05-24,EMAIL,F. Zamora,PAYMENT_CONFIRMED,
ACT-0002974,INV-0025403,C00236,2025-04-23,STATEMENT,F. Zamora,INFO_REQUESTED,
ACT-0002975,INV-0011621,C00101,2026-06-02,CALL,G. Montoya,NO_ANSWER,
ACT-0002976,INV-0001050,C00010,2025-07-24,CALL,F. Zamora,PROMISE_TO_PAY,2025-08-17
ACT-0002977,INV-0001050,C00010,2025-08-01,CALL,F. Zamora,PROMISE_TO_PAY,2025-08-13
ACT-0002978,INV-0001050,C00010,2025-08-04,ESCALATION,F. Zamora,PAYMENT_CONFIRMED,
ACT-0002979,INV-0001050,C00010,2025-11-02,EMAIL,F. Zamora,PROMISE_TO_PAY,2025-12-06
ACT-0002980,INV-0013771,C00122,2026-03-24,CALL,V. Cardenas,DISPUTE_RAISED,
ACT-0002981,INV-0013771,C00122,2026-03-19,STATEMENT,V. Cardenas,INFO_REQUESTED,
ACT-0002982,INV-0013771,C00122,2026-05-18,EMAIL,V. Cardenas,PAYMENT_CONFIRMED,
ACT-0002983,INV-0013771,C00122,2026-03-21,CALL,V. Cardenas,DISPUTE_RAISED,
ACT-0002984,INV-0007841,C00068,2025-04-24,STATEMENT,C. Fuentes,DISPUTE_RAISED,
ACT-0002985,INV-0007841,C00068,2025-04-19,EMAIL,C. Fuentes,PAYMENT_CONFIRMED,
ACT-0002986,INV-0007841,C00068,2025-07-11,EMAIL,C. Fuentes,NO_ANSWER,
ACT-0002987,INV-0027329,C00254,2026-06-16,CALL,A. Reyes,PROMISE_TO_PAY,2026-07-23
ACT-0002988,INV-0024048,C00222,2026-04-16,CALL,F. Zamora,PAYMENT_CONFIRMED,
ACT-0002989,INV-0024048,C00222,2026-05-20,STATEMENT,F. Zamora,INFO_REQUESTED,
ACT-0002990,INV-0024048,C00222,2026-04-17,EMAIL,F. Zamora,PROMISE_TO_PAY,2026-04-23
ACT-0002991,INV-0024048,C00222,2026-04-28,CALL,F. Zamora,NO_ANSWER,
ACT-0002992,INV-0010594,C00091,2026-05-26,STATEMENT,L. Moreno,INFO_REQUESTED,
ACT-0002993,INV-0006298,C00055,2025-03-23,STATEMENT,B. Quintana,PAYMENT_CONFIRMED,
ACT-0002994,INV-0006298,C00055,2025-04-09,EMAIL,B. Quintana,INFO_REQUESTED,
ACT-0002995,INV-0012353,C00109,2025-07-27,EMAIL,T. Rivas,PROMISE_TO_PAY,2025-08-22
ACT-0002996,INV-0012353,C00109,2025-06-23,CALL,T. Rivas,PROMISE_TO_PAY,2025-07-28
ACT-0002997,INV-0012353,C00109,2025-08-04,EMAIL,T. Rivas,PROMISE_TO_PAY,2025-08-14
ACT-0002998,INV-0019436,C00177,2026-04-02,STATEMENT,J. Villalobos,INFO_REQUESTED,
ACT-0002999,INV-0019436,C00177,2026-06-17,CALL,J. Villalobos,NO_ANSWER,
ACT-0003000,INV-0007399,C00064,2025-09-16,EMAIL,S. Duarte,INFO_REQUESTED,
ACT-0003001,INV-0008357,C00072,2026-05-26,EMAIL,J. Villalobos,NO_ANSWER,
ACT-0003002,INV-0008357,C00072,2026-05-19,EMAIL,J. Villalobos,NO_ANSWER,
ACT-0003003,INV-0024544,C00227,2026-02-24,ESCALATION,L. Moreno,PAYMENT_CONFIRMED,
ACT-0003004,INV-0024544,C00227,2026-02-18,EMAIL,L. Moreno,PROMISE_TO_PAY,2026-02-28
ACT-0003005,INV-0006872,C00059,2026-06-12,EMAIL,R. Salazar,NO_ANSWER,
ACT-0003006,INV-0002433,C00022,2025-05-30,CALL,P. Ibarra,PROMISE_TO_PAY,2025-06-18
ACT-0003007,INV-0024938,C00231,2025-08-05,CALL,T. Rivas,PROMISE_TO_PAY,2025-08-27
ACT-0003008,INV-0024938,C00231,2025-08-30,STATEMENT,T. Rivas,DISPUTE_RAISED,
ACT-0003009,INV-0024938,C00231,2025-10-16,CALL,T. Rivas,NO_ANSWER,
ACT-0003010,INV-0018827,C00172,2025-07-01,EMAIL,T. Rivas,INFO_REQUESTED,
ACT-0003011,INV-0018827,C00172,2025-09-16,EMAIL,T. Rivas,PROMISE_TO_PAY,2025-10-01
ACT-0003012,INV-0006868,C00059,2026-06-22,EMAIL,R. Salazar,INFO_REQUESTED,
ACT-0003013,INV-0006500,C00056,2026-06-16,STATEMENT,G. Montoya,DISPUTE_RAISED,
ACT-0003014,INV-0006500,C00056,2026-05-02,EMAIL,G. Montoya,PROMISE_TO_PAY,2026-06-03
ACT-0003015,INV-0014128,C00126,2025-05-20,STATEMENT,S. Duarte,PAYMENT_CONFIRMED,
ACT-0003016,INV-0006488,C00056,2026-02-07,CALL,G. Montoya,NO_ANSWER,
ACT-0003017,INV-0006488,C00056,2026-02-10,EMAIL,G. Montoya,PROMISE_TO_PAY,2026-03-07
ACT-0003018,INV-0006488,C00056,2026-04-25,EMAIL,G. Montoya,DISPUTE_RAISED,
ACT-0003019,INV-0006488,C00056,2026-03-21,ESCALATION,G. Montoya,DISPUTE_RAISED,
ACT-0003020,INV-0023576,C00218,2025-03-05,EMAIL,N. Espinoza,PROMISE_TO_PAY,2025-03-30
ACT-0003021,INV-0022828,C00211,2025-08-18,CALL,D. Aguilar,DISPUTE_RAISED,
ACT-0003022,INV-0022828,C00211,2025-07-17,STATEMENT,D. Aguilar,PROMISE_TO_PAY,2025-08-15
ACT-0003023,INV-0022828,C00211,2025-09-15,CALL,D. Aguilar,NO_ANSWER,
ACT-0003024,INV-0010880,C00094,2026-01-10,EMAIL,B. Quintana,PROMISE_TO_PAY,2026-02-14
ACT-0003025,INV-0010880,C00094,2025-12-21,STATEMENT,B. Quintana,PROMISE_TO_PAY,2026-01-18
ACT-0003026,INV-0007663,C00066,2026-01-04,EMAIL,A. Reyes,PROMISE_TO_PAY,2026-01-17
ACT-0003027,INV-0007663,C00066,2026-03-10,EMAIL,A. Reyes,PAYMENT_CONFIRMED,
ACT-0003028,INV-0025022,C00232,2025-04-13,CALL,F. Zamora,PROMISE_TO_PAY,2025-05-21
ACT-0003029,INV-0025022,C00232,2025-05-17,STATEMENT,F. Zamora,NO_ANSWER,
ACT-0003030,INV-0028163,C00262,2026-05-25,EMAIL,T. Rivas,PROMISE_TO_PAY,2026-06-02
ACT-0003031,INV-0017996,C00164,2025-05-21,EMAIL,P. Ibarra,DISPUTE_RAISED,
ACT-0003032,INV-0017996,C00164,2025-05-27,EMAIL,P. Ibarra,PAYMENT_CONFIRMED,
ACT-0003033,INV-0017996,C00164,2025-07-03,CALL,P. Ibarra,PROMISE_TO_PAY,2025-07-15
ACT-0003034,INV-0028006,C00261,2025-10-04,EMAIL,P. Ibarra,PAYMENT_CONFIRMED,
ACT-0003035,INV-0028006,C00261,2025-11-25,EMAIL,P. Ibarra,DISPUTE_RAISED,
ACT-0003036,INV-0026282,C00244,2026-01-27,EMAIL,P. Ibarra,PROMISE_TO_PAY,2026-03-05
ACT-0003037,INV-0026282,C00244,2025-12-11,EMAIL,P. Ibarra,PROMISE_TO_PAY,2025-12-25
ACT-0003038,INV-0026282,C00244,2026-02-20,STATEMENT,P. Ibarra,INFO_REQUESTED,
ACT-0003039,INV-0026282,C00244,2026-02-11,EMAIL,P. Ibarra,NO_ANSWER,
ACT-0003040,INV-0010979,C00095,2025-12-10,CALL,A. Reyes,NO_ANSWER,
ACT-0003041,INV-0010979,C00095,2026-01-23,CALL,A. Reyes,NO_ANSWER,
ACT-0003042,INV-0024721,C00229,2025-08-04,EMAIL,B. Quintana,PAYMENT_CONFIRMED,
ACT-0003043,INV-0024721,C00229,2025-08-10,EMAIL,B. Quintana,PROMISE_TO_PAY,2025-08-27
ACT-0003044,INV-0024721,C00229,2025-08-08,CALL,B. Quintana,NO_ANSWER,
ACT-0003045,INV-0024721,C00229,2025-07-16,EMAIL,B. Quintana,PAYMENT_CONFIRMED,
ACT-0003046,INV-0005016,C00044,2025-12-13,EMAIL,B. Quintana,NO_ANSWER,
ACT-0003047,INV-0005016,C00044,2026-01-05,CALL,B. Quintana,PROMISE_TO_PAY,2026-02-13
ACT-0003048,INV-0030636,C00296,2025-10-01,EMAIL,F. Zamora,PROMISE_TO_PAY,2025-10-09
ACT-0003049,INV-0008955,C00077,2026-06-18,CALL,P. Ibarra,INFO_REQUESTED,
ACT-0003050,INV-0008955,C00077,2026-05-23,CALL,P. Ibarra,PAYMENT_CONFIRMED,
ACT-0003051,INV-0000387,C00004,2025-09-02,STATEMENT,T. Rivas,PROMISE_TO_PAY,2025-09-09
ACT-0003052,INV-0000387,C00004,2025-11-01,EMAIL,T. Rivas,INFO_REQUESTED,
ACT-0003053,INV-0012720,C00112,2026-04-19,EMAIL,T. Rivas,DISPUTE_RAISED,
ACT-0003054,INV-0012720,C00112,2026-04-30,CALL,T. Rivas,PROMISE_TO_PAY,2026-05-10
ACT-0003055,INV-0003569,C00032,2025-04-24,EMAIL,N. Espinoza,NO_ANSWER,
ACT-0003056,INV-0007553,C00065,2026-04-02,STATEMENT,F. Zamora,DISPUTE_RAISED,
ACT-0003057,INV-0007553,C00065,2026-04-12,CALL,F. Zamora,NO_ANSWER,
ACT-0003058,INV-0007553,C00065,2026-04-21,EMAIL,F. Zamora,PROMISE_TO_PAY,2026-05-06
ACT-0003059,INV-0007553,C00065,2026-04-26,CALL,F. Zamora,PROMISE_TO_PAY,2026-05-26
ACT-0003060,INV-0021135,C00194,2025-12-09,CALL,P. Ibarra,INFO_REQUESTED,
ACT-0003061,INV-0021135,C00194,2025-10-13,EMAIL,P. Ibarra,PAYMENT_CONFIRMED,
ACT-0003062,INV-0021135,C00194,2025-11-30,EMAIL,P. Ibarra,PAYMENT_CONFIRMED,
ACT-0003063,INV-0021135,C00194,2025-11-30,CALL,P. Ibarra,NO_ANSWER,
ACT-0003064,INV-0027112,C00252,2026-03-25,CALL,D. Aguilar,INFO_REQUESTED,
ACT-0003065,INV-0027112,C00252,2026-03-15,EMAIL,D. Aguilar,PROMISE_TO_PAY,2026-04-12
ACT-0003066,INV-0026711,C00248,2026-03-01,CALL,D. Aguilar,PROMISE_TO_PAY,2026-03-12
ACT-0003067,INV-0026711,C00248,2026-03-08,EMAIL,D. Aguilar,PAYMENT_CONFIRMED,
ACT-0003068,INV-0026711,C00248,2026-06-02,EMAIL,D. Aguilar,PAYMENT_CONFIRMED,
ACT-0003069,INV-0026711,C00248,2026-05-27,CALL,D. Aguilar,PROMISE_TO_PAY,2026-06-22
ACT-0003070,INV-0010856,C00094,2025-09-19,EMAIL,B. Quintana,NO_ANSWER,
ACT-0003071,INV-0010856,C00094,2025-07-17,CALL,B. Quintana,PROMISE_TO_PAY,2025-07-28
ACT-0003072,INV-0010856,C00094,2025-10-01,CALL,B. Quintana,INFO_REQUESTED,
ACT-0003073,INV-0010856,C00094,2025-09-03,CALL,B. Quintana,NO_ANSWER,
ACT-0003074,INV-0018920,C00173,2025-04-01,ESCALATION,J. Villalobos,PAYMENT_CONFIRMED,
ACT-0003075,INV-0018920,C00173,2025-03-25,EMAIL,J. Villalobos,INFO_REQUESTED,
ACT-0003076,INV-0018920,C00173,2025-04-10,EMAIL,J. Villalobos,PROMISE_TO_PAY,2025-04-24
ACT-0003077,INV-0018920,C00173,2025-04-08,CALL,J. Villalobos,INFO_REQUESTED,
ACT-0003078,INV-0010467,C00090,2026-03-19,CALL,L. Moreno,PAYMENT_CONFIRMED,
ACT-0003079,INV-0009992,C00086,2025-12-27,CALL,J. Villalobos,INFO_REQUESTED,
ACT-0003080,INV-0009992,C00086,2026-01-26,STATEMENT,J. Villalobos,DISPUTE_RAISED,
ACT-0003081,INV-0025313,C00235,2025-04-26,STATEMENT,S. Duarte,DISPUTE_RAISED,
ACT-0003082,INV-0025313,C00235,2025-06-01,EMAIL,S. Duarte,NO_ANSWER,
ACT-0003083,INV-0010702,C00092,2026-05-19,CALL,P. Ibarra,PROMISE_TO_PAY,2026-06-01
ACT-0003084,INV-0016562,C00150,2025-05-13,EMAIL,J. Villalobos,PROMISE_TO_PAY,2025-06-06
ACT-0003085,INV-0016562,C00150,2025-06-28,EMAIL,J. Villalobos,PROMISE_TO_PAY,2025-07-15
ACT-0003086,INV-0008450,C00073,2025-10-28,STATEMENT,D. Aguilar,PROMISE_TO_PAY,2025-11-23
ACT-0003087,INV-0008450,C00073,2025-12-27,EMAIL,D. Aguilar,DISPUTE_RAISED,
ACT-0003088,INV-0008450,C00073,2025-11-01,CALL,D. Aguilar,PROMISE_TO_PAY,2025-11-08
ACT-0003089,INV-0008450,C00073,2025-12-15,CALL,D. Aguilar,NO_ANSWER,
ACT-0003090,INV-0013600,C00121,2025-04-03,CALL,R. Salazar,NO_ANSWER,
ACT-0003091,INV-0013600,C00121,2025-03-20,CALL,R. Salazar,NO_ANSWER,
ACT-0003092,INV-0029669,C00282,2025-11-25,EMAIL,P. Ibarra,NO_ANSWER,
ACT-0003093,INV-0029669,C00282,2026-02-18,EMAIL,P. Ibarra,INFO_REQUESTED,
ACT-0003094,INV-0008240,C00071,2026-01-19,CALL,T. Rivas,NO_ANSWER,
ACT-0003095,INV-0008240,C00071,2026-04-04,STATEMENT,T. Rivas,PROMISE_TO_PAY,2026-04-13
ACT-0003096,INV-0004413,C00039,2025-12-18,EMAIL,T. Rivas,DISPUTE_RAISED,
ACT-0003097,INV-0004413,C00039,2026-01-16,EMAIL,T. Rivas,INFO_REQUESTED,
ACT-0003098,INV-0018554,C00169,2025-11-17,EMAIL,T. Rivas,NO_ANSWER,
ACT-0003099,INV-0018554,C00169,2025-10-29,EMAIL,T. Rivas,NO_ANSWER,
ACT-0003100,INV-0018554,C00169,2025-12-14,STATEMENT,T. Rivas,DISPUTE_RAISED,
ACT-0003101,INV-0014485,C00129,2026-01-25,ESCALATION,S. Duarte,PROMISE_TO_PAY,2026-03-03
ACT-0003102,INV-0014485,C00129,2026-02-05,EMAIL,S. Duarte,PROMISE_TO_PAY,2026-03-01
ACT-0003103,INV-0014485,C00129,2026-02-01,EMAIL,S. Duarte,INFO_REQUESTED,
ACT-0003104,INV-0001185,C00011,2025-09-23,EMAIL,R. Salazar,INFO_REQUESTED,
ACT-0003105,INV-0001185,C00011,2025-09-21,CALL,R. Salazar,PAYMENT_CONFIRMED,
ACT-0003106,INV-0001185,C00011,2025-09-25,CALL,R. Salazar,INFO_REQUESTED,
ACT-0003107,INV-0020709,C00190,2025-08-07,CALL,L. Moreno,PAYMENT_CONFIRMED,
ACT-0003108,INV-0020709,C00190,2025-09-08,CALL,L. Moreno,INFO_REQUESTED,
ACT-0003109,INV-0012678,C00112,2025-09-10,CALL,T. Rivas,PROMISE_TO_PAY,2025-10-13
ACT-0003110,INV-0012678,C00112,2025-10-13,CALL,T. Rivas,PROMISE_TO_PAY,2025-10-30
ACT-0003111,INV-0024250,C00224,2026-04-24,CALL,A. Reyes,DISPUTE_RAISED,
ACT-0003112,INV-0024250,C00224,2026-05-15,CALL,A. Reyes,DISPUTE_RAISED,
ACT-0003113,INV-0024250,C00224,2026-06-13,EMAIL,A. Reyes,INFO_REQUESTED,
ACT-0003114,INV-0024250,C00224,2026-04-26,EMAIL,A. Reyes,INFO_REQUESTED,
ACT-0003115,INV-0019408,C00177,2025-12-26,CALL,J. Villalobos,NO_ANSWER,
ACT-0003116,INV-0019408,C00177,2025-10-19,EMAIL,J. Villalobos,DISPUTE_RAISED,
ACT-0003117,INV-0014927,C00133,2026-05-27,EMAIL,J. Villalobos,NO_ANSWER,
ACT-0003118,INV-0007987,C00069,2025-09-06,ESCALATION,F. Zamora,NO_ANSWER,
ACT-0003119,INV-0007987,C00069,2025-10-29,STATEMENT,F. Zamora,NO_ANSWER,
ACT-0003120,INV-0007987,C00069,2025-10-11,ESCALATION,F. Zamora,PAYMENT_CONFIRMED,
ACT-0003121,INV-0007987,C00069,2025-12-08,CALL,F. Zamora,INFO_REQUESTED,
ACT-0003122,INV-0017567,C00159,2026-04-28,EMAIL,A. Reyes,PROMISE_TO_PAY,2026-05-03
ACT-0003123,INV-0017567,C00159,2026-04-27,EMAIL,A. Reyes,INFO_REQUESTED,
ACT-0003124,INV-0030869,C00299,2026-03-16,CALL,D. Aguilar,DISPUTE_RAISED,
ACT-0003125,INV-0030869,C00299,2026-02-15,STATEMENT,D. Aguilar,PAYMENT_CONFIRMED,
ACT-0003126,INV-0030869,C00299,2026-03-07,EMAIL,D. Aguilar,NO_ANSWER,
ACT-0003127,INV-0011718,C00102,2026-03-31,CALL,N. Espinoza,NO_ANSWER,
ACT-0003128,INV-0011718,C00102,2026-06-15,EMAIL,N. Espinoza,DISPUTE_RAISED,
ACT-0003129,INV-0011718,C00102,2026-06-27,EMAIL,N. Espinoza,PROMISE_TO_PAY,2026-07-10
ACT-0003130,INV-0011718,C00102,2026-06-13,CALL,N. Espinoza,INFO_REQUESTED,
ACT-0003131,INV-0012657,C00112,2025-08-22,EMAIL,T. Rivas,PROMISE_TO_PAY,2025-09-01
ACT-0003132,INV-0012657,C00112,2025-07-28,EMAIL,T. Rivas,DISPUTE_RAISED,
ACT-0003133,INV-0012657,C00112,2025-07-07,CALL,T. Rivas,NO_ANSWER,
ACT-0003134,INV-0012657,C00112,2025-07-10,ESCALATION,T. Rivas,PROMISE_TO_PAY,2025-07-17
ACT-0003135,INV-0000180,C00002,2026-03-11,STATEMENT,G. Montoya,DISPUTE_RAISED,
ACT-0003136,INV-0000180,C00002,2026-03-03,CALL,G. Montoya,INFO_REQUESTED,
ACT-0003137,INV-0000180,C00002,2026-03-28,EMAIL,G. Montoya,NO_ANSWER,
ACT-0003138,INV-0000180,C00002,2026-02-04,EMAIL,G. Montoya,PAYMENT_CONFIRMED,
ACT-0003139,INV-0002366,C00021,2025-10-19,CALL,B. Quintana,NO_ANSWER,
ACT-0003140,INV-0012275,C00108,2025-09-25,STATEMENT,G. Montoya,NO_ANSWER,
ACT-0003141,INV-0012275,C00108,2025-08-23,CALL,G. Montoya,NO_ANSWER,
ACT-0003142,INV-0004225,C00037,2026-06-03,CALL,P. Ibarra,PAYMENT_CONFIRMED,
ACT-0003143,INV-0013134,C00116,2026-03-01,EMAIL,B. Quintana,PROMISE_TO_PAY,2026-03-30
ACT-0003144,INV-0004710,C00041,2026-05-30,EMAIL,P. Ibarra,NO_ANSWER,
ACT-0003145,INV-0018259,C00166,2026-03-15,STATEMENT,T. Rivas,PROMISE_TO_PAY,2026-04-16
ACT-0003146,INV-0022547,C00208,2025-12-25,EMAIL,B. Quintana,PAYMENT_CONFIRMED,
ACT-0003147,INV-0022547,C00208,2025-11-06,CALL,B. Quintana,INFO_REQUESTED,
ACT-0003148,INV-0022547,C00208,2025-12-28,STATEMENT,B. Quintana,PAYMENT_CONFIRMED,
ACT-0003149,INV-0004562,C00040,2026-04-11,STATEMENT,S. Duarte,PROMISE_TO_PAY,2026-05-20
ACT-0003150,INV-0004562,C00040,2026-03-15,STATEMENT,S. Duarte,NO_ANSWER,
ACT-0003151,INV-0004562,C00040,2026-03-04,EMAIL,S. Duarte,NO_ANSWER,
ACT-0003152,INV-0004562,C00040,2026-04-27,STATEMENT,S. Duarte,PAYMENT_CONFIRMED,
ACT-0003153,INV-0011126,C00096,2026-04-16,EMAIL,P. Ibarra,DISPUTE_RAISED,
ACT-0003154,INV-0011126,C00096,2026-06-20,EMAIL,P. Ibarra,INFO_REQUESTED,
ACT-0003155,INV-0011126,C00096,2026-06-14,ESCALATION,P. Ibarra,INFO_REQUESTED,
ACT-0003156,INV-0006520,C00056,2026-06-24,EMAIL,G. Montoya,DISPUTE_RAISED,
ACT-0003157,INV-0008539,C00074,2025-09-15,CALL,L. Moreno,PROMISE_TO_PAY,2025-10-22
ACT-0003158,INV-0016987,C00154,2025-07-19,CALL,J. Villalobos,INFO_REQUESTED,
ACT-0003159,INV-0016987,C00154,2025-09-29,CALL,J. Villalobos,DISPUTE_RAISED,
ACT-0003160,INV-0016987,C00154,2025-09-05,CALL,J. Villalobos,DISPUTE_RAISED,
ACT-0003161,INV-0016987,C00154,2025-11-05,CALL,J. Villalobos,NO_ANSWER,
ACT-0003162,INV-0004171,C00037,2025-11-20,EMAIL,P. Ibarra,INFO_REQUESTED,
ACT-0003163,INV-0004171,C00037,2026-01-23,CALL,P. Ibarra,PROMISE_TO_PAY,2026-02-02
ACT-0003164,INV-0004171,C00037,2025-12-27,CALL,P. Ibarra,PROMISE_TO_PAY,2026-01-11
ACT-0003165,INV-0014367,C00128,2025-11-11,EMAIL,F. Zamora,INFO_REQUESTED,
ACT-0003166,INV-0029471,C00279,2026-05-13,EMAIL,T. Rivas,PROMISE_TO_PAY,2026-06-16
ACT-0003167,INV-0029471,C00279,2026-03-21,EMAIL,T. Rivas,INFO_REQUESTED,
ACT-0003168,INV-0003239,C00029,2025-08-16,CALL,C. Fuentes,PAYMENT_CONFIRMED,
ACT-0003169,INV-0003239,C00029,2025-06-16,EMAIL,C. Fuentes,NO_ANSWER,
ACT-0003170,INV-0003239,C00029,2025-08-01,EMAIL,C. Fuentes,INFO_REQUESTED,
ACT-0003171,INV-0003239,C00029,2025-08-25,CALL,C. Fuentes,NO_ANSWER,
ACT-0003172,INV-0009435,C00081,2026-06-19,EMAIL,T. Rivas,PROMISE_TO_PAY,2026-07-14
ACT-0003173,INV-0009435,C00081,2026-06-27,CALL,T. Rivas,PAYMENT_CONFIRMED,
ACT-0003174,INV-0009435,C00081,2026-06-10,EMAIL,T. Rivas,PROMISE_TO_PAY,2026-07-06
ACT-0003175,INV-0009435,C00081,2026-06-26,EMAIL,T. Rivas,PROMISE_TO_PAY,2026-07-02
ACT-0003176,INV-0014820,C00132,2026-05-20,CALL,B. Quintana,DISPUTE_RAISED,
ACT-0003177,INV-0014820,C00132,2026-05-01,EMAIL,B. Quintana,PROMISE_TO_PAY,2026-05-07
ACT-0003178,INV-0014820,C00132,2026-06-25,EMAIL,B. Quintana,PROMISE_TO_PAY,2026-07-14
ACT-0003179,INV-0011428,C00099,2026-06-27,CALL,A. Reyes,DISPUTE_RAISED,
ACT-0003180,INV-0028897,C00271,2026-05-25,EMAIL,S. Duarte,INFO_REQUESTED,
ACT-0003181,INV-0000928,C00009,2025-06-08,EMAIL,A. Reyes,DISPUTE_RAISED,
ACT-0003182,INV-0011485,C00100,2025-11-09,CALL,V. Cardenas,PAYMENT_CONFIRMED,
ACT-0003183,INV-0011485,C00100,2025-11-15,CALL,V. Cardenas,PROMISE_TO_PAY,2025-12-18
ACT-0003184,INV-0011485,C00100,2025-09-28,CALL,V. Cardenas,NO_ANSWER,
ACT-0003185,INV-0011485,C00100,2025-11-10,CALL,V. Cardenas,NO_ANSWER,
ACT-0003186,INV-0028638,C00268,2025-04-13,EMAIL,P. Ibarra,PROMISE_TO_PAY,2025-05-04
ACT-0003187,INV-0028638,C00268,2025-07-20,CALL,P. Ibarra,DISPUTE_RAISED,
ACT-0003188,INV-0028638,C00268,2025-07-31,CALL,P. Ibarra,PROMISE_TO_PAY,2025-08-30
ACT-0003189,INV-0010848,C00094,2025-07-20,STATEMENT,B. Quintana,NO_ANSWER,
ACT-0003190,INV-0010848,C00094,2025-08-30,EMAIL,B. Quintana,DISPUTE_RAISED,
ACT-0003191,INV-0010848,C00094,2025-07-21,CALL,B. Quintana,NO_ANSWER,
ACT-0003192,INV-0010848,C00094,2025-09-13,EMAIL,B. Quintana,INFO_REQUESTED,
ACT-0003193,INV-0020488,C00188,2025-04-04,EMAIL,D. Aguilar,INFO_REQUESTED,
ACT-0003194,INV-0020488,C00188,2025-06-13,CALL,D. Aguilar,PROMISE_TO_PAY,2025-06-23
ACT-0003195,INV-0020488,C00188,2025-04-19,STATEMENT,D. Aguilar,NO_ANSWER,
ACT-0003196,INV-0022174,C00204,2025-12-26,EMAIL,N. Espinoza,NO_ANSWER,
ACT-0003197,INV-0022174,C00204,2026-03-10,ESCALATION,N. Espinoza,NO_ANSWER,
ACT-0003198,INV-0022174,C00204,2026-02-10,EMAIL,N. Espinoza,NO_ANSWER,
ACT-0003199,INV-0022174,C00204,2026-02-26,EMAIL,N. Espinoza,INFO_REQUESTED,
ACT-0003200,INV-0013209,C00117,2025-09-01,EMAIL,C. Fuentes,NO_ANSWER,
ACT-0003201,INV-0013209,C00117,2025-08-13,EMAIL,C. Fuentes,INFO_REQUESTED,
ACT-0003202,INV-0012260,C00108,2025-07-08,EMAIL,G. Montoya,PROMISE_TO_PAY,2025-08-15
ACT-0003203,INV-0012597,C00111,2026-04-16,EMAIL,G. Montoya,PROMISE_TO_PAY,2026-04-26
ACT-0003204,INV-0012597,C00111,2026-03-25,EMAIL,G. Montoya,PAYMENT_CONFIRMED,
ACT-0003205,INV-0012597,C00111,2026-03-19,EMAIL,G. Montoya,PAYMENT_CONFIRMED,
ACT-0003206,INV-0026266,C00244,2025-08-15,CALL,P. Ibarra,PROMISE_TO_PAY,2025-09-19
ACT-0003207,INV-0026266,C00244,2025-09-08,CALL,P. Ibarra,DISPUTE_RAISED,
ACT-0003208,INV-0026266,C00244,2025-09-15,STATEMENT,P. Ibarra,NO_ANSWER,
ACT-0003209,INV-0026266,C00244,2025-10-01,EMAIL,P. Ibarra,DISPUTE_RAISED,
ACT-0003210,INV-0006459,C00056,2025-11-07,CALL,G. Montoya,DISPUTE_RAISED,
ACT-0003211,INV-0006459,C00056,2025-12-26,CALL,G. Montoya,NO_ANSWER,
ACT-0003212,INV-0006459,C00056,2026-01-07,EMAIL,G. Montoya,PROMISE_TO_PAY,2026-01-23
ACT-0003213,INV-0006459,C00056,2026-01-06,CALL,G. Montoya,PROMISE_TO_PAY,2026-01-17
ACT-0003214,INV-0015618,C00140,2025-12-21,EMAIL,P. Ibarra,NO_ANSWER,
ACT-0003215,INV-0015618,C00140,2026-01-24,CALL,P. Ibarra,INFO_REQUESTED,
ACT-0003216,INV-0002099,C00019,2025-03-07,CALL,C. Fuentes,NO_ANSWER,
ACT-0003217,INV-0002099,C00019,2025-04-20,EMAIL,C. Fuentes,INFO_REQUESTED,
ACT-0003218,INV-0002099,C00019,2025-05-19,EMAIL,C. Fuentes,PROMISE_TO_PAY,2025-06-01
ACT-0003219,INV-0002099,C00019,2025-04-21,ESCALATION,C. Fuentes,PROMISE_TO_PAY,2025-05-07
ACT-0003220,INV-0017415,C00158,2025-07-19,EMAIL,T. Rivas,PAYMENT_CONFIRMED,
ACT-0003221,INV-0017415,C00158,2025-09-20,EMAIL,T. Rivas,NO_ANSWER,
ACT-0003222,INV-0017415,C00158,2025-09-30,CALL,T. Rivas,PAYMENT_CONFIRMED,
ACT-0003223,INV-0017415,C00158,2025-10-18,CALL,T. Rivas,PROMISE_TO_PAY,2025-10-24
ACT-0003224,INV-0027460,C00256,2025-05-12,CALL,J. Villalobos,PROMISE_TO_PAY,2025-06-20
ACT-0003225,INV-0027460,C00256,2025-05-06,EMAIL,J. Villalobos,INFO_REQUESTED,
ACT-0003226,INV-0027460,C00256,2025-04-29,CALL,J. Villalobos,NO_ANSWER,
ACT-0003227,INV-0027460,C00256,2025-08-10,EMAIL,J. Villalobos,PROMISE_TO_PAY,2025-09-10
ACT-0003228,INV-0023805,C00220,2026-01-05,EMAIL,B. Quintana,PROMISE_TO_PAY,2026-02-07
ACT-0003229,INV-0004705,C00041,2026-05-29,EMAIL,P. Ibarra,NO_ANSWER,
ACT-0003230,INV-0018997,C00173,2026-05-16,STATEMENT,J. Villalobos,NO_ANSWER,
ACT-0003231,INV-0018997,C00173,2026-05-15,EMAIL,J. Villalobos,PROMISE_TO_PAY,2026-05-20
ACT-0003232,INV-0008133,C00070,2026-03-21,CALL,B. Quintana,NO_ANSWER,
ACT-0003233,INV-0008133,C00070,2026-04-09,CALL,B. Quintana,NO_ANSWER,
ACT-0003234,INV-0007179,C00062,2025-12-31,ESCALATION,P. Ibarra,NO_ANSWER,
ACT-0003235,INV-0007179,C00062,2026-02-08,ESCALATION,P. Ibarra,NO_ANSWER,
ACT-0003236,INV-0007179,C00062,2025-12-28,EMAIL,P. Ibarra,NO_ANSWER,
ACT-0003237,INV-0016015,C00144,2026-03-16,CALL,B. Quintana,PAYMENT_CONFIRMED,
ACT-0003238,INV-0016015,C00144,2026-02-14,CALL,B. Quintana,PROMISE_TO_PAY,2026-03-06
ACT-0003239,INV-0016015,C00144,2026-04-30,EMAIL,B. Quintana,INFO_REQUESTED,
ACT-0003240,INV-0016812,C00152,2026-03-07,EMAIL,M. Contreras,NO_ANSWER,
ACT-0003241,INV-0016812,C00152,2026-04-19,CALL,M. Contreras,NO_ANSWER,
ACT-0003242,INV-0016812,C00152,2026-05-01,ESCALATION,M. Contreras,INFO_REQUESTED,
ACT-0003243,INV-0016812,C00152,2026-03-03,EMAIL,M. Contreras,PROMISE_TO_PAY,2026-04-04
ACT-0003244,INV-0001189,C00011,2025-09-28,EMAIL,R. Salazar,PAYMENT_CONFIRMED,
ACT-0003245,INV-0001189,C00011,2025-10-10,CALL,R. Salazar,NO_ANSWER,
ACT-0003246,INV-0001189,C00011,2025-10-06,EMAIL,R. Salazar,DISPUTE_RAISED,
ACT-0003247,INV-0001189,C00011,2025-10-16,CALL,R. Salazar,PAYMENT_CONFIRMED,
ACT-0003248,INV-0015118,C00135,2025-12-21,CALL,M. Contreras,PROMISE_TO_PAY,2026-01-13
ACT-0003249,INV-0015118,C00135,2026-02-09,EMAIL,M. Contreras,PAYMENT_CONFIRMED,
ACT-0003250,INV-0024989,C00231,2026-05-01,EMAIL,T. Rivas,DISPUTE_RAISED,
ACT-0003251,INV-0024989,C00231,2026-06-15,CALL,T. Rivas,PAYMENT_CONFIRMED,
ACT-0003252,INV-0024989,C00231,2026-06-17,EMAIL,T. Rivas,PROMISE_TO_PAY,2026-06-22
ACT-0003253,INV-0019858,C00181,2026-06-17,EMAIL,A. Reyes,NO_ANSWER,
ACT-0003254,INV-0019858,C00181,2026-06-29,CALL,A. Reyes,PROMISE_TO_PAY,2026-07-13
ACT-0003255,INV-0019858,C00181,2026-06-21,STATEMENT,A. Reyes,NO_ANSWER,
ACT-0003256,INV-0019417,C00177,2026-02-09,CALL,J. Villalobos,NO_ANSWER,
ACT-0003257,INV-0019417,C00177,2026-02-11,CALL,J. Villalobos,INFO_REQUESTED,
ACT-0003258,INV-0019417,C00177,2026-04-10,STATEMENT,J. Villalobos,PROMISE_TO_PAY,2026-05-19
ACT-0003259,INV-0019417,C00177,2026-03-01,EMAIL,J. Villalobos,PAYMENT_CONFIRMED,
ACT-0003260,INV-0028361,C00264,2026-05-17,STATEMENT,T. Rivas,PROMISE_TO_PAY,2026-05-23
ACT-0003261,INV-0028361,C00264,2026-06-26,EMAIL,T. Rivas,PAYMENT_CONFIRMED,
ACT-0003262,INV-0015321,C00137,2025-12-27,STATEMENT,V. Cardenas,NO_ANSWER,
ACT-0003263,INV-0015321,C00137,2025-11-22,CALL,V. Cardenas,PROMISE_TO_PAY,2025-12-28
ACT-0003264,INV-0015321,C00137,2025-12-07,STATEMENT,V. Cardenas,PAYMENT_CONFIRMED,
ACT-0003265,INV-0015321,C00137,2026-02-18,EMAIL,V. Cardenas,PROMISE_TO_PAY,2026-03-21
ACT-0003266,INV-0012024,C00105,2026-04-27,EMAIL,J. Villalobos,NO_ANSWER,
ACT-0003267,INV-0012024,C00105,2026-05-24,CALL,J. Villalobos,NO_ANSWER,
ACT-0003268,INV-0019719,C00180,2025-12-05,EMAIL,V. Cardenas,INFO_REQUESTED,
ACT-0003269,INV-0019719,C00180,2025-11-14,CALL,V. Cardenas,NO_ANSWER,
ACT-0003270,INV-0019719,C00180,2025-12-22,CALL,V. Cardenas,PAYMENT_CONFIRMED,
ACT-0003271,INV-0019719,C00180,2026-01-08,STATEMENT,V. Cardenas,PAYMENT_CONFIRMED,
ACT-0003272,INV-0016146,C00145,2026-06-26,EMAIL,J. Villalobos,PROMISE_TO_PAY,2026-07-05
ACT-0003273,INV-0007422,C00064,2025-12-16,EMAIL,S. Duarte,PROMISE_TO_PAY,2026-01-21
ACT-0003274,INV-0007422,C00064,2026-02-08,CALL,S. Duarte,NO_ANSWER,
ACT-0003275,INV-0007422,C00064,2026-03-14,CALL,S. Duarte,DISPUTE_RAISED,
ACT-0003276,INV-0009231,C00080,2025-07-10,ESCALATION,L. Moreno,NO_ANSWER,
ACT-0003277,INV-0009231,C00080,2025-07-10,EMAIL,L. Moreno,INFO_REQUESTED,
ACT-0003278,INV-0009231,C00080,2025-09-08,EMAIL,L. Moreno,PROMISE_TO_PAY,2025-10-12
ACT-0003279,INV-0018633,C00170,2025-09-11,CALL,B. Quintana,NO_ANSWER,
ACT-0003280,INV-0000247,C00003,2025-04-09,STATEMENT,V. Cardenas,PAYMENT_CONFIRMED,
ACT-0003281,INV-0030806,C00298,2026-02-28,STATEMENT,N. Espinoza,INFO_REQUESTED,
ACT-0003282,INV-0020527,C00188,2025-11-18,ESCALATION,D. Aguilar,PROMISE_TO_PAY,2025-12-05
ACT-0003283,INV-0020527,C00188,2025-11-20,STATEMENT,D. Aguilar,PAYMENT_CONFIRMED,
ACT-0003284,INV-0020527,C00188,2025-11-22,EMAIL,D. Aguilar,PROMISE_TO_PAY,2025-12-17
ACT-0003285,INV-0020527,C00188,2025-12-24,ESCALATION,D. Aguilar,DISPUTE_RAISED,
ACT-0003286,INV-0025732,C00239,2025-06-18,EMAIL,B. Quintana,DISPUTE_RAISED,
ACT-0003287,INV-0002059,C00018,2026-04-20,EMAIL,B. Quintana,INFO_REQUESTED,
ACT-0003288,INV-0002059,C00018,2026-04-20,EMAIL,B. Quintana,DISPUTE_RAISED,
ACT-0003289,INV-0003568,C00032,2025-04-20,EMAIL,N. Espinoza,DISPUTE_RAISED,
ACT-0003290,INV-0003568,C00032,2025-04-12,CALL,N. Espinoza,DISPUTE_RAISED,
ACT-0003291,INV-0004234,C00037,2026-06-20,STATEMENT,P. Ibarra,PROMISE_TO_PAY,2026-07-16
ACT-0003292,INV-0030434,C00293,2026-02-03,CALL,J. Villalobos,NO_ANSWER,
ACT-0003293,INV-0022644,C00209,2025-10-22,EMAIL,D. Aguilar,PROMISE_TO_PAY,2025-11-24
ACT-0003294,INV-0022644,C00209,2025-12-05,CALL,D. Aguilar,INFO_REQUESTED,
ACT-0003295,INV-0022644,C00209,2026-01-08,STATEMENT,D. Aguilar,PAYMENT_CONFIRMED,
ACT-0003296,INV-0006584,C00057,2026-01-21,CALL,J. Villalobos,PAYMENT_CONFIRMED,
ACT-0003297,INV-0006584,C00057,2025-12-13,EMAIL,J. Villalobos,PROMISE_TO_PAY,2026-01-01
ACT-0003298,INV-0029196,C00275,2026-05-24,EMAIL,A. Reyes,PROMISE_TO_PAY,2026-06-13
ACT-0003299,INV-0030711,C00297,2025-11-30,STATEMENT,M. Contreras,NO_ANSWER,
ACT-0003300,INV-0030711,C00297,2025-11-06,CALL,M. Contreras,NO_ANSWER,
ACT-0003301,INV-0030711,C00297,2025-10-17,CALL,M. Contreras,INFO_REQUESTED,
ACT-0003302,INV-0030711,C00297,2025-12-18,STATEMENT,M. Contreras,INFO_REQUESTED,
ACT-0003303,INV-0022467,C00207,2026-02-05,CALL,T. Rivas,PROMISE_TO_PAY,2026-02-21
ACT-0003304,INV-0028788,C00270,2025-09-12,ESCALATION,L. Moreno,NO_ANSWER,
ACT-0003305,INV-0002277,C00020,2026-02-25,EMAIL,A. Reyes,PROMISE_TO_PAY,2026-03-04
ACT-0003306,INV-0002277,C00020,2026-03-02,CALL,A. Reyes,PROMISE_TO_PAY,2026-03-07
ACT-0003307,INV-0002277,C00020,2026-03-28,CALL,A. Reyes,NO_ANSWER,
ACT-0003308,INV-0002277,C00020,2026-03-18,EMAIL,A. Reyes,NO_ANSWER,
ACT-0003309,INV-0003068,C00027,2026-03-16,CALL,L. Moreno,PROMISE_TO_PAY,2026-04-23
ACT-0003310,INV-0003068,C00027,2026-05-04,ESCALATION,L. Moreno,PROMISE_TO_PAY,2026-05-28
ACT-0003311,INV-0003068,C00027,2026-06-09,CALL,L. Moreno,PROMISE_TO_PAY,2026-06-28
ACT-0003312,INV-0028086,C00262,2025-03-18,EMAIL,T. Rivas,INFO_REQUESTED,
ACT-0003313,INV-0028086,C00262,2025-03-22,EMAIL,T. Rivas,PROMISE_TO_PAY,2025-04-01
ACT-0003314,INV-0028086,C00262,2025-04-22,EMAIL,T. Rivas,NO_ANSWER,
ACT-0003315,INV-0015869,C00143,2025-05-14,ESCALATION,P. Ibarra,PROMISE_TO_PAY,2025-06-15
ACT-0003316,INV-0002566,C00023,2025-09-09,CALL,C. Fuentes,INFO_REQUESTED,
ACT-0003317,INV-0002566,C00023,2025-10-19,EMAIL,C. Fuentes,NO_ANSWER,
ACT-0003318,INV-0002566,C00023,2025-09-05,EMAIL,C. Fuentes,PAYMENT_CONFIRMED,
ACT-0003319,INV-0005017,C00044,2025-10-15,EMAIL,B. Quintana,PAYMENT_CONFIRMED,
ACT-0003320,INV-0005017,C00044,2025-12-17,EMAIL,B. Quintana,NO_ANSWER,
ACT-0003321,INV-0005017,C00044,2026-01-07,EMAIL,B. Quintana,PROMISE_TO_PAY,2026-01-23
ACT-0003322,INV-0005017,C00044,2026-01-04,EMAIL,B. Quintana,INFO_REQUESTED,
ACT-0003323,INV-0011914,C00104,2026-02-02,EMAIL,V. Cardenas,PAYMENT_CONFIRMED,
ACT-0003324,INV-0007905,C00068,2026-03-25,EMAIL,C. Fuentes,PROMISE_TO_PAY,2026-04-05
ACT-0003325,INV-0007082,C00061,2026-03-18,EMAIL,M. Contreras,PROMISE_TO_PAY,2026-04-19
ACT-0003326,INV-0007082,C00061,2026-04-09,EMAIL,M. Contreras,PAYMENT_CONFIRMED,
ACT-0003327,INV-0007082,C00061,2026-04-12,EMAIL,M. Contreras,DISPUTE_RAISED,
ACT-0003328,INV-0009824,C00085,2025-05-13,EMAIL,C. Fuentes,INFO_REQUESTED,
ACT-0003329,INV-0009824,C00085,2025-06-25,EMAIL,C. Fuentes,PAYMENT_CONFIRMED,
ACT-0003330,INV-0009824,C00085,2025-07-04,CALL,C. Fuentes,PROMISE_TO_PAY,2025-07-27
ACT-0003331,INV-0015487,C00139,2025-07-17,EMAIL,V. Cardenas,NO_ANSWER,
ACT-0003332,INV-0024983,C00231,2026-04-10,CALL,T. Rivas,PAYMENT_CONFIRMED,
ACT-0003333,INV-0024983,C00231,2026-04-20,ESCALATION,T. Rivas,PAYMENT_CONFIRMED,
ACT-0003334,INV-0024983,C00231,2026-05-18,CALL,T. Rivas,DISPUTE_RAISED,
ACT-0003335,INV-0024983,C00231,2026-06-03,CALL,T. Rivas,PROMISE_TO_PAY,2026-06-09
ACT-0003336,INV-0007198,C00062,2026-03-22,CALL,P. Ibarra,PAYMENT_CONFIRMED,
ACT-0003337,INV-0007198,C00062,2026-05-14,EMAIL,P. Ibarra,PAYMENT_CONFIRMED,
ACT-0003338,INV-0003076,C00027,2026-06-05,CALL,L. Moreno,NO_ANSWER,
ACT-0003339,INV-0003076,C00027,2026-05-09,CALL,L. Moreno,PROMISE_TO_PAY,2026-05-24
ACT-0003340,INV-0005870,C00051,2025-12-09,EMAIL,V. Cardenas,PROMISE_TO_PAY,2026-01-11
ACT-0003341,INV-0005870,C00051,2025-11-26,CALL,V. Cardenas,INFO_REQUESTED,
ACT-0003342,INV-0022071,C00203,2026-01-28,EMAIL,R. Salazar,INFO_REQUESTED,
ACT-0003343,INV-0022071,C00203,2026-02-02,EMAIL,R. Salazar,NO_ANSWER,
ACT-0003344,INV-0005333,C00047,2025-04-19,STATEMENT,V. Cardenas,PROMISE_TO_PAY,2025-05-13
ACT-0003345,INV-0005333,C00047,2025-06-21,STATEMENT,V. Cardenas,PAYMENT_CONFIRMED,
ACT-0003346,INV-0005333,C00047,2025-04-21,CALL,V. Cardenas,NO_ANSWER,
ACT-0003347,INV-0005333,C00047,2025-07-05,CALL,V. Cardenas,DISPUTE_RAISED,
ACT-0003348,INV-0009970,C00086,2025-09-24,EMAIL,J. Villalobos,DISPUTE_RAISED,
ACT-0003349,INV-0009970,C00086,2025-10-21,EMAIL,J. Villalobos,PAYMENT_CONFIRMED,
ACT-0003350,INV-0009970,C00086,2025-09-23,CALL,J. Villalobos,PROMISE_TO_PAY,2025-10-11
ACT-0003351,INV-0011007,C00095,2026-05-19,STATEMENT,A. Reyes,INFO_REQUESTED,
ACT-0003352,INV-0011007,C00095,2026-04-12,CALL,A. Reyes,INFO_REQUESTED,
ACT-0003353,INV-0011007,C00095,2026-05-17,CALL,A. Reyes,NO_ANSWER,
ACT-0003354,INV-0028595,C00267,2026-02-11,CALL,C. Fuentes,PROMISE_TO_PAY,2026-03-10
ACT-0003355,INV-0028595,C00267,2026-05-05,CALL,C. Fuentes,INFO_REQUESTED,
ACT-0003356,INV-0024946,C00231,2025-11-02,EMAIL,T. Rivas,NO_ANSWER,
ACT-0003357,INV-0024946,C00231,2025-12-06,EMAIL,T. Rivas,PROMISE_TO_PAY,2025-12-18
ACT-0003358,INV-0024946,C00231,2025-12-13,EMAIL,T. Rivas,PROMISE_TO_PAY,2026-01-05
ACT-0003359,INV-0024946,C00231,2026-01-20,EMAIL,T. Rivas,PROMISE_TO_PAY,2026-01-27
ACT-0003360,INV-0010548,C00091,2025-11-19,ESCALATION,L. Moreno,PROMISE_TO_PAY,2025-12-15
ACT-0003361,INV-0010548,C00091,2025-12-02,EMAIL,L. Moreno,PROMISE_TO_PAY,2025-12-15
ACT-0003362,INV-0025612,C00238,2025-07-30,ESCALATION,A. Reyes,PROMISE_TO_PAY,2025-08-27
ACT-0003363,INV-0025612,C00238,2025-05-27,CALL,A. Reyes,PROMISE_TO_PAY,2025-06-16
ACT-0003364,INV-0002428,C00022,2025-03-09,CALL,P. Ibarra,PAYMENT_CONFIRMED,
ACT-0003365,INV-0002428,C00022,2025-04-08,CALL,P. Ibarra,PROMISE_TO_PAY,2025-04-19
ACT-0003366,INV-0002428,C00022,2025-03-14,CALL,P. Ibarra,NO_ANSWER,
ACT-0003367,INV-0023103,C00213,2026-02-26,CALL,J. Villalobos,PAYMENT_CONFIRMED,
ACT-0003368,INV-0023103,C00213,2026-05-12,STATEMENT,J. Villalobos,DISPUTE_RAISED,
ACT-0003369,INV-0010654,C00092,2025-12-09,EMAIL,P. Ibarra,NO_ANSWER,
ACT-0003370,INV-0010654,C00092,2025-11-28,EMAIL,P. Ibarra,NO_ANSWER,
ACT-0003371,INV-0010654,C00092,2025-10-31,EMAIL,P. Ibarra,NO_ANSWER,
ACT-0003372,INV-0010654,C00092,2025-11-16,CALL,P. Ibarra,NO_ANSWER,
ACT-0003373,INV-0024677,C00228,2026-06-06,EMAIL,F. Zamora,PROMISE_TO_PAY,2026-07-10
ACT-0003374,INV-0015610,C00140,2025-10-03,ESCALATION,P. Ibarra,NO_ANSWER,
ACT-0003375,INV-0010865,C00094,2025-10-11,EMAIL,B. Quintana,INFO_REQUESTED,
ACT-0003376,INV-0010865,C00094,2025-08-28,EMAIL,B. Quintana,DISPUTE_RAISED,
ACT-0003377,INV-0019392,C00177,2025-10-12,ESCALATION,J. Villalobos,NO_ANSWER,
ACT-0003378,INV-0016064,C00145,2025-06-19,CALL,J. Villalobos,PROMISE_TO_PAY,2025-06-24
ACT-0003379,INV-0017760,C00161,2026-04-10,CALL,S. Duarte,PROMISE_TO_PAY,2026-05-19
ACT-0003380,INV-0017760,C00161,2026-04-14,CALL,S. Duarte,PROMISE_TO_PAY,2026-04-30
ACT-0003381,INV-0017760,C00161,2026-03-11,CALL,S. Duarte,INFO_REQUESTED,
ACT-0003382,INV-0012489,C00110,2026-01-13,CALL,M. Contreras,NO_ANSWER,
ACT-0003383,INV-0012489,C00110,2026-02-13,STATEMENT,M. Contreras,INFO_REQUESTED,
ACT-0003384,INV-0012489,C00110,2026-01-20,EMAIL,M. Contreras,PROMISE_TO_PAY,2026-02-28
ACT-0003385,INV-0012438,C00110,2025-03-31,CALL,M. Contreras,PROMISE_TO_PAY,2025-04-16
ACT-0003386,INV-0012438,C00110,2025-04-30,STATEMENT,M. Contreras,PROMISE_TO_PAY,2025-05-19
ACT-0003387,INV-0012438,C00110,2025-05-05,ESCALATION,M. Contreras,NO_ANSWER,
ACT-0003388,INV-0012438,C00110,2025-05-09,STATEMENT,M. Contreras,PROMISE_TO_PAY,2025-06-06
ACT-0003389,INV-0007797,C00067,2026-05-31,EMAIL,A. Reyes,PROMISE_TO_PAY,2026-06-19
ACT-0003390,INV-0007797,C00067,2026-06-19,EMAIL,A. Reyes,PAYMENT_CONFIRMED,
ACT-0003391,INV-0003918,C00035,2025-08-03,STATEMENT,V. Cardenas,DISPUTE_RAISED,
ACT-0003392,INV-0003918,C00035,2025-09-16,EMAIL,V. Cardenas,NO_ANSWER,
ACT-0003393,INV-0006562,C00057,2025-07-25,STATEMENT,J. Villalobos,NO_ANSWER,
ACT-0003394,INV-0013041,C00115,2026-03-31,CALL,C. Fuentes,NO_ANSWER,
ACT-0003395,INV-0013041,C00115,2026-03-22,CALL,C. Fuentes,PAYMENT_CONFIRMED,
ACT-0003396,INV-0013041,C00115,2026-05-01,CALL,C. Fuentes,PAYMENT_CONFIRMED,
ACT-0003397,INV-0013041,C00115,2026-05-03,EMAIL,C. Fuentes,DISPUTE_RAISED,
ACT-0003398,INV-0005474,C00048,2025-05-04,EMAIL,T. Rivas,NO_ANSWER,
ACT-0003399,INV-0005474,C00048,2025-05-27,STATEMENT,T. Rivas,NO_ANSWER,
ACT-0003400,INV-0005474,C00048,2025-08-04,CALL,T. Rivas,NO_ANSWER,
ACT-0003401,INV-0005474,C00048,2025-08-17,CALL,T. Rivas,PAYMENT_CONFIRMED,
ACT-0003402,INV-0008757,C00076,2025-05-30,EMAIL,R. Salazar,PAYMENT_CONFIRMED,
ACT-0003403,INV-0008757,C00076,2025-06-05,CALL,R. Salazar,PROMISE_TO_PAY,2025-06-21
ACT-0003404,INV-0008757,C00076,2025-05-01,EMAIL,R. Salazar,PROMISE_TO_PAY,2025-06-02
ACT-0003405,INV-0008757,C00076,2025-06-29,EMAIL,R. Salazar,DISPUTE_RAISED,
ACT-0003406,INV-0018680,C00170,2026-06-12,CALL,B. Quintana,NO_ANSWER,
ACT-0003407,INV-0018680,C00170,2026-05-18,CALL,B. Quintana,INFO_REQUESTED,
ACT-0003408,INV-0001206,C00011,2025-11-19,ESCALATION,R. Salazar,PROMISE_TO_PAY,2025-12-06
ACT-0003409,INV-0014831,C00132,2026-06-19,EMAIL,B. Quintana,INFO_REQUESTED,
ACT-0003410,INV-0014831,C00132,2026-06-04,STATEMENT,B. Quintana,PROMISE_TO_PAY,2026-07-10
ACT-0003411,INV-0014831,C00132,2026-06-07,EMAIL,B. Quintana,INFO_REQUESTED,
ACT-0003412,INV-0003227,C00029,2025-03-31,STATEMENT,C. Fuentes,INFO_REQUESTED,
ACT-0003413,INV-0003227,C00029,2025-05-27,STATEMENT,C. Fuentes,PROMISE_TO_PAY,2025-07-04
ACT-0003414,INV-0015759,C00142,2025-03-04,STATEMENT,P. Ibarra,NO_ANSWER,
ACT-0003415,INV-0015759,C00142,2025-05-12,EMAIL,P. Ibarra,PROMISE_TO_PAY,2025-05-30
ACT-0003416,INV-0015759,C00142,2025-04-19,EMAIL,P. Ibarra,PROMISE_TO_PAY,2025-05-04
ACT-0003417,INV-0002385,C00021,2026-04-06,CALL,B. Quintana,PAYMENT_CONFIRMED,
ACT-0003418,INV-0002385,C00021,2026-03-07,EMAIL,B. Quintana,NO_ANSWER,
ACT-0003419,INV-0002385,C00021,2026-04-09,STATEMENT,B. Quintana,NO_ANSWER,
ACT-0003420,INV-0002385,C00021,2026-05-23,CALL,B. Quintana,NO_ANSWER,
ACT-0003421,INV-0027187,C00253,2025-11-01,EMAIL,T. Rivas,PROMISE_TO_PAY,2025-11-12
ACT-0003422,INV-0027187,C00253,2025-11-06,EMAIL,T. Rivas,INFO_REQUESTED,
ACT-0003423,INV-0021527,C00198,2025-05-24,EMAIL,J. Villalobos,PAYMENT_CONFIRMED,
ACT-0003424,INV-0005396,C00047,2026-01-07,CALL,V. Cardenas,NO_ANSWER,
ACT-0003425,INV-0000914,C00009,2025-05-27,EMAIL,A. Reyes,PAYMENT_CONFIRMED,
ACT-0003426,INV-0027677,C00258,2025-08-20,CALL,P. Ibarra,NO_ANSWER,
ACT-0003427,INV-0027677,C00258,2025-09-09,EMAIL,P. Ibarra,PROMISE_TO_PAY,2025-09-18
ACT-0003428,INV-0027677,C00258,2025-07-31,ESCALATION,P. Ibarra,PROMISE_TO_PAY,2025-08-05
ACT-0003429,INV-0026265,C00244,2025-09-08,EMAIL,P. Ibarra,PROMISE_TO_PAY,2025-09-25
ACT-0003430,INV-0009662,C00083,2026-03-12,CALL,R. Salazar,PROMISE_TO_PAY,2026-04-08
ACT-0003431,INV-0009662,C00083,2026-02-13,CALL,R. Salazar,DISPUTE_RAISED,
ACT-0003432,INV-0007388,C00064,2025-08-02,CALL,S. Duarte,PROMISE_TO_PAY,2025-08-16
ACT-0003433,INV-0006736,C00058,2026-04-26,EMAIL,M. Contreras,PAYMENT_CONFIRMED,
ACT-0003434,INV-0000840,C00008,2025-10-10,EMAIL,V. Cardenas,PAYMENT_CONFIRMED,
ACT-0003435,INV-0000840,C00008,2025-11-01,EMAIL,V. Cardenas,PROMISE_TO_PAY,2025-11-23
ACT-0003436,INV-0000840,C00008,2025-10-19,CALL,V. Cardenas,PAYMENT_CONFIRMED,
ACT-0003437,INV-0000840,C00008,2025-11-11,EMAIL,V. Cardenas,INFO_REQUESTED,
ACT-0003438,INV-0012225,C00107,2026-04-04,EMAIL,D. Aguilar,NO_ANSWER,
ACT-0003439,INV-0012225,C00107,2026-04-28,EMAIL,D. Aguilar,PROMISE_TO_PAY,2026-06-05
ACT-0003440,INV-0012097,C00106,2026-01-05,EMAIL,D. Aguilar,INFO_REQUESTED,
ACT-0003441,INV-0012097,C00106,2025-12-08,EMAIL,D. Aguilar,INFO_REQUESTED,
ACT-0003442,INV-0012097,C00106,2026-02-21,STATEMENT,D. Aguilar,INFO_REQUESTED,
ACT-0003443,INV-0012097,C00106,2026-01-08,ESCALATION,D. Aguilar,PAYMENT_CONFIRMED,
ACT-0003444,INV-0013969,C00124,2026-03-24,CALL,A. Reyes,PROMISE_TO_PAY,2026-04-21
ACT-0003445,INV-0015969,C00144,2025-07-09,EMAIL,B. Quintana,DISPUTE_RAISED,
ACT-0003446,INV-0015969,C00144,2025-06-17,EMAIL,B. Quintana,DISPUTE_RAISED,
ACT-0003447,INV-0006600,C00057,2026-02-19,CALL,J. Villalobos,INFO_REQUESTED,
ACT-0003448,INV-0006600,C00057,2026-01-31,CALL,J. Villalobos,PROMISE_TO_PAY,2026-02-10
ACT-0003449,INV-0006600,C00057,2026-04-20,CALL,J. Villalobos,PROMISE_TO_PAY,2026-04-30
ACT-0003450,INV-0014448,C00129,2025-10-23,EMAIL,S. Duarte,PROMISE_TO_PAY,2025-11-10
ACT-0003451,INV-0014448,C00129,2025-10-17,STATEMENT,S. Duarte,NO_ANSWER,
ACT-0003452,INV-0014448,C00129,2025-10-26,EMAIL,S. Duarte,DISPUTE_RAISED,
ACT-0003453,INV-0005015,C00044,2025-10-05,EMAIL,B. Quintana,PROMISE_TO_PAY,2025-10-23
ACT-0003454,INV-0005015,C00044,2025-10-21,CALL,B. Quintana,PROMISE_TO_PAY,2025-11-23
ACT-0003455,INV-0024557,C00227,2026-04-09,EMAIL,L. Moreno,PROMISE_TO_PAY,2026-04-28
ACT-0003456,INV-0024557,C00227,2026-04-16,STATEMENT,L. Moreno,PROMISE_TO_PAY,2026-05-08
ACT-0003457,INV-0004508,C00040,2025-05-21,EMAIL,S. Duarte,PROMISE_TO_PAY,2025-06-04
ACT-0003458,INV-0004508,C00040,2025-08-08,CALL,S. Duarte,DISPUTE_RAISED,
ACT-0003459,INV-0004508,C00040,2025-06-14,EMAIL,S. Duarte,PAYMENT_CONFIRMED,
ACT-0003460,INV-0011915,C00104,2026-01-25,EMAIL,V. Cardenas,NO_ANSWER,
ACT-0003461,INV-0011915,C00104,2026-04-09,CALL,V. Cardenas,NO_ANSWER,
ACT-0003462,INV-0011915,C00104,2026-04-03,STATEMENT,V. Cardenas,PAYMENT_CONFIRMED,
ACT-0003463,INV-0003696,C00033,2025-08-18,CALL,L. Moreno,PROMISE_TO_PAY,2025-08-31
ACT-0003464,INV-0015666,C00141,2025-05-03,STATEMENT,B. Quintana,DISPUTE_RAISED,
ACT-0003465,INV-0015666,C00141,2025-05-31,CALL,B. Quintana,INFO_REQUESTED,
ACT-0003466,INV-0015666,C00141,2025-06-15,STATEMENT,B. Quintana,NO_ANSWER,
ACT-0003467,INV-0009516,C00082,2025-12-04,CALL,R. Salazar,NO_ANSWER,
ACT-0003468,INV-0009516,C00082,2025-11-23,EMAIL,R. Salazar,PROMISE_TO_PAY,2025-12-04
ACT-0003469,INV-0009516,C00082,2026-02-22,EMAIL,R. Salazar,PAYMENT_CONFIRMED,
ACT-0003470,INV-0014971,C00134,2025-06-19,CALL,V. Cardenas,PAYMENT_CONFIRMED,
ACT-0003471,INV-0014971,C00134,2025-07-22,EMAIL,V. Cardenas,PAYMENT_CONFIRMED,
ACT-0003472,INV-0014971,C00134,2025-08-06,CALL,V. Cardenas,INFO_REQUESTED,
ACT-0003473,INV-0014971,C00134,2025-08-25,CALL,V. Cardenas,INFO_REQUESTED,
ACT-0003474,INV-0014976,C00134,2025-08-30,EMAIL,V. Cardenas,PROMISE_TO_PAY,2025-09-22
ACT-0003475,INV-0014976,C00134,2025-07-28,EMAIL,V. Cardenas,NO_ANSWER,
ACT-0003476,INV-0014976,C00134,2025-09-09,EMAIL,V. Cardenas,PAYMENT_CONFIRMED,
ACT-0003477,INV-0014976,C00134,2025-08-23,CALL,V. Cardenas,PROMISE_TO_PAY,2025-09-20
ACT-0003478,INV-0000079,C00001,2026-05-03,EMAIL,B. Quintana,PROMISE_TO_PAY,2026-05-09
ACT-0003479,INV-0000079,C00001,2026-05-12,CALL,B. Quintana,INFO_REQUESTED,
ACT-0003480,INV-0000079,C00001,2026-06-06,EMAIL,B. Quintana,INFO_REQUESTED,
ACT-0003481,INV-0012054,C00106,2025-02-22,EMAIL,D. Aguilar,NO_ANSWER,
ACT-0003482,INV-0012054,C00106,2025-03-06,CALL,D. Aguilar,NO_ANSWER,
ACT-0003483,INV-0012054,C00106,2025-03-07,EMAIL,D. Aguilar,INFO_REQUESTED,
ACT-0003484,INV-0012054,C00106,2025-03-14,EMAIL,D. Aguilar,NO_ANSWER,
ACT-0003485,INV-0015891,C00143,2025-09-16,EMAIL,P. Ibarra,PROMISE_TO_PAY,2025-10-22
ACT-0003486,INV-0012578,C00111,2025-11-24,CALL,G. Montoya,PROMISE_TO_PAY,2025-11-30
ACT-0003487,INV-0012578,C00111,2025-10-13,EMAIL,G. Montoya,INFO_REQUESTED,
ACT-0003488,INV-0020362,C00186,2026-06-18,EMAIL,N. Espinoza,PROMISE_TO_PAY,2026-07-22
ACT-0003489,INV-0021250,C00195,2025-12-03,EMAIL,R. Salazar,INFO_REQUESTED,
ACT-0003490,INV-0021250,C00195,2026-02-04,CALL,R. Salazar,PAYMENT_CONFIRMED,
ACT-0003491,INV-0021250,C00195,2026-02-25,EMAIL,R. Salazar,PAYMENT_CONFIRMED,
ACT-0003492,INV-0021250,C00195,2026-02-28,EMAIL,R. Salazar,PAYMENT_CONFIRMED,
ACT-0003493,INV-0018100,C00165,2025-04-19,EMAIL,L. Moreno,PROMISE_TO_PAY,2025-05-07
ACT-0003494,INV-0018100,C00165,2025-05-08,CALL,L. Moreno,DISPUTE_RAISED,
ACT-0003495,INV-0018100,C00165,2025-07-18,CALL,L. Moreno,NO_ANSWER,
ACT-0003496,INV-0018100,C00165,2025-07-24,CALL,L. Moreno,INFO_REQUESTED,
ACT-0003497,INV-0007407,C00064,2025-11-17,CALL,S. Duarte,NO_ANSWER,
ACT-0003498,INV-0013202,C00117,2025-08-27,CALL,C. Fuentes,DISPUTE_RAISED,
ACT-0003499,INV-0009217,C00080,2025-06-13,STATEMENT,L. Moreno,INFO_REQUESTED,
ACT-0003500,INV-0010029,C00086,2026-06-20,CALL,J. Villalobos,PROMISE_TO_PAY,2026-07-21
ACT-0003501,INV-0023696,C00219,2025-08-26,CALL,B. Quintana,NO_ANSWER,
ACT-0003502,INV-0000243,C00003,2025-05-03,ESCALATION,V. Cardenas,NO_ANSWER,
ACT-0003503,INV-0003839,C00034,2026-01-12,EMAIL,L. Moreno,INFO_REQUESTED,
ACT-0003504,INV-0016348,C00147,2026-06-28,EMAIL,M. Contreras,PAYMENT_CONFIRMED,
ACT-0003505,INV-0018146,C00165,2026-02-27,CALL,L. Moreno,PAYMENT_CONFIRMED,
ACT-0003506,INV-0018146,C00165,2026-01-27,EMAIL,L. Moreno,DISPUTE_RAISED,
ACT-0003507,INV-0018146,C00165,2026-03-06,EMAIL,L. Moreno,INFO_REQUESTED,
ACT-0003508,INV-0013446,C00119,2025-12-17,CALL,B. Quintana,NO_ANSWER,
ACT-0003509,INV-0013446,C00119,2026-01-18,STATEMENT,B. Quintana,NO_ANSWER,
ACT-0003510,INV-0013446,C00119,2025-12-25,EMAIL,B. Quintana,NO_ANSWER,
ACT-0003511,INV-0009147,C00079,2025-12-26,EMAIL,B. Quintana,PROMISE_TO_PAY,2026-01-27
ACT-0003512,INV-0009147,C00079,2025-11-24,STATEMENT,B. Quintana,PAYMENT_CONFIRMED,
ACT-0003513,INV-0009147,C00079,2026-02-12,CALL,B. Quintana,PROMISE_TO_PAY,2026-03-20
ACT-0003514,INV-0009147,C00079,2026-01-20,EMAIL,B. Quintana,INFO_REQUESTED,
ACT-0003515,INV-0007748,C00067,2025-08-04,CALL,A. Reyes,NO_ANSWER,
ACT-0003516,INV-0007748,C00067,2025-10-09,STATEMENT,A. Reyes,PROMISE_TO_PAY,2025-10-26
ACT-0003517,INV-0007748,C00067,2025-09-25,ESCALATION,A. Reyes,PROMISE_TO_PAY,2025-10-13
ACT-0003518,INV-0025218,C00234,2025-06-30,STATEMENT,V. Cardenas,PAYMENT_CONFIRMED,
ACT-0003519,INV-0025218,C00234,2025-09-07,EMAIL,V. Cardenas,INFO_REQUESTED,
ACT-0003520,INV-0025218,C00234,2025-08-21,ESCALATION,V. Cardenas,PAYMENT_CONFIRMED,
ACT-0003521,INV-0025218,C00234,2025-09-07,CALL,V. Cardenas,NO_ANSWER,
ACT-0003522,INV-0020589,C00189,2025-06-05,CALL,M. Contreras,NO_ANSWER,
ACT-0003523,INV-0020589,C00189,2025-06-26,STATEMENT,M. Contreras,PAYMENT_CONFIRMED,
ACT-0003524,INV-0020589,C00189,2025-06-08,CALL,M. Contreras,INFO_REQUESTED,
ACT-0003525,INV-0009637,C00083,2025-10-13,EMAIL,R. Salazar,PAYMENT_CONFIRMED,
ACT-0003526,INV-0009637,C00083,2025-11-06,EMAIL,R. Salazar,NO_ANSWER,
ACT-0003527,INV-0009637,C00083,2025-12-19,CALL,R. Salazar,INFO_REQUESTED,
ACT-0003528,INV-0008783,C00076,2025-07-15,EMAIL,R. Salazar,PAYMENT_CONFIRMED,
ACT-0003529,INV-0008783,C00076,2025-09-14,EMAIL,R. Salazar,NO_ANSWER,
ACT-0003530,INV-0004180,C00037,2026-02-19,EMAIL,P. Ibarra,PROMISE_TO_PAY,2026-02-27
ACT-0003531,INV-0004180,C00037,2026-01-12,CALL,P. Ibarra,NO_ANSWER,
ACT-0003532,INV-0003139,C00028,2025-06-22,STATEMENT,G. Montoya,INFO_REQUESTED,
ACT-0003533,INV-0019304,C00176,2026-02-03,EMAIL,A. Reyes,INFO_REQUESTED,
ACT-0003534,INV-0019304,C00176,2026-02-23,EMAIL,A. Reyes,INFO_REQUESTED,
ACT-0003535,INV-0019304,C00176,2025-12-19,CALL,A. Reyes,DISPUTE_RAISED,
ACT-0003536,INV-0007100,C00061,2026-04-28,STATEMENT,M. Contreras,PAYMENT_CONFIRMED,
ACT-0003537,INV-0017306,C00157,2025-07-02,CALL,F. Zamora,PROMISE_TO_PAY,2025-07-11
ACT-0003538,INV-0017306,C00157,2025-07-17,CALL,F. Zamora,INFO_REQUESTED,
ACT-0003539,INV-0017422,C00158,2025-08-16,EMAIL,T. Rivas,NO_ANSWER,
ACT-0003540,INV-0017422,C00158,2025-10-10,STATEMENT,T. Rivas,PAYMENT_CONFIRMED,
ACT-0003541,INV-0017422,C00158,2025-11-16,EMAIL,T. Rivas,NO_ANSWER,
ACT-0003542,INV-0017422,C00158,2025-09-11,CALL,T. Rivas,PROMISE_TO_PAY,2025-09-26
ACT-0003543,INV-0014692,C00131,2026-02-06,STATEMENT,P. Ibarra,INFO_REQUESTED,
ACT-0003544,INV-0004979,C00044,2025-07-10,EMAIL,B. Quintana,PAYMENT_CONFIRMED,
ACT-0003545,INV-0016941,C00153,2026-06-18,CALL,L. Moreno,NO_ANSWER,
ACT-0003546,INV-0021234,C00195,2025-11-19,STATEMENT,R. Salazar,PROMISE_TO_PAY,2025-11-25
ACT-0003547,INV-0021234,C00195,2025-09-16,STATEMENT,R. Salazar,DISPUTE_RAISED,
ACT-0003548,INV-0021234,C00195,2025-10-04,EMAIL,R. Salazar,DISPUTE_RAISED,
ACT-0003549,INV-0008433,C00073,2025-06-20,CALL,D. Aguilar,PAYMENT_CONFIRMED,
ACT-0003550,INV-0008433,C00073,2025-07-26,CALL,D. Aguilar,NO_ANSWER,
ACT-0003551,INV-0008433,C00073,2025-09-10,ESCALATION,D. Aguilar,PROMISE_TO_PAY,2025-09-26
ACT-0003552,INV-0008433,C00073,2025-10-11,EMAIL,D. Aguilar,NO_ANSWER,
ACT-0003553,INV-0025560,C00237,2026-03-09,CALL,F. Zamora,PAYMENT_CONFIRMED,
ACT-0003554,INV-0001441,C00013,2025-12-10,EMAIL,M. Contreras,PROMISE_TO_PAY,2025-12-28
ACT-0003555,INV-0001441,C00013,2025-12-17,CALL,M. Contreras,PROMISE_TO_PAY,2025-12-23
ACT-0003556,INV-0001441,C00013,2025-11-21,CALL,M. Contreras,PROMISE_TO_PAY,2025-12-17
ACT-0003557,INV-0001441,C00013,2026-01-04,CALL,M. Contreras,PAYMENT_CONFIRMED,
ACT-0003558,INV-0020038,C00183,2026-01-16,EMAIL,F. Zamora,PAYMENT_CONFIRMED,
ACT-0003559,INV-0020038,C00183,2026-02-27,STATEMENT,F. Zamora,NO_ANSWER,
ACT-0003560,INV-0020038,C00183,2026-02-12,STATEMENT,F. Zamora,NO_ANSWER,
ACT-0003561,INV-0020038,C00183,2026-01-20,EMAIL,F. Zamora,PAYMENT_CONFIRMED,
ACT-0003562,INV-0004333,C00038,2026-05-10,CALL,V. Cardenas,NO_ANSWER,
ACT-0003563,INV-0004333,C00038,2026-05-12,EMAIL,V. Cardenas,NO_ANSWER,
ACT-0003564,INV-0003477,C00031,2025-08-21,EMAIL,N. Espinoza,DISPUTE_RAISED,
ACT-0003565,INV-0003477,C00031,2025-11-15,EMAIL,N. Espinoza,NO_ANSWER,
ACT-0003566,INV-0003477,C00031,2025-09-29,EMAIL,N. Espinoza,DISPUTE_RAISED,
ACT-0003567,INV-0003477,C00031,2025-12-22,EMAIL,N. Espinoza,PROMISE_TO_PAY,2026-01-09
ACT-0003568,INV-0027263,C00254,2025-07-19,EMAIL,A. Reyes,NO_ANSWER,
ACT-0003569,INV-0027263,C00254,2025-07-26,CALL,A. Reyes,DISPUTE_RAISED,
ACT-0003570,INV-0027263,C00254,2025-08-09,CALL,A. Reyes,PAYMENT_CONFIRMED,
ACT-0003571,INV-0027263,C00254,2025-07-26,CALL,A. Reyes,NO_ANSWER,
ACT-0003572,INV-0005994,C00052,2026-02-05,EMAIL,C. Fuentes,NO_ANSWER,
ACT-0003573,INV-0013319,C00118,2025-07-12,STATEMENT,M. Contreras,PAYMENT_CONFIRMED,
ACT-0003574,INV-0020294,C00186,2025-05-02,CALL,N. Espinoza,NO_ANSWER,
ACT-0003575,INV-0026300,C00244,2026-02-27,EMAIL,P. Ibarra,INFO_REQUESTED,
ACT-0003576,INV-0026300,C00244,2026-01-25,EMAIL,P. Ibarra,NO_ANSWER,
ACT-0003577,INV-0019220,C00175,2026-05-03,CALL,B. Quintana,PROMISE_TO_PAY,2026-05-23
ACT-0003578,INV-0019220,C00175,2026-06-18,EMAIL,B. Quintana,INFO_REQUESTED,
ACT-0003579,INV-0019220,C00175,2026-05-22,EMAIL,B. Quintana,INFO_REQUESTED,
ACT-0003580,INV-0016694,C00151,2025-12-03,CALL,N. Espinoza,NO_ANSWER,
ACT-0003581,INV-0015864,C00143,2025-07-07,EMAIL,P. Ibarra,INFO_REQUESTED,
ACT-0003582,INV-0015864,C00143,2025-06-27,EMAIL,P. Ibarra,DISPUTE_RAISED,
ACT-0003583,INV-0000412,C00004,2026-01-03,CALL,T. Rivas,INFO_REQUESTED,
ACT-0003584,INV-0000412,C00004,2025-12-14,STATEMENT,T. Rivas,PROMISE_TO_PAY,2026-01-09
ACT-0003585,INV-0012146,C00107,2025-05-05,EMAIL,D. Aguilar,PAYMENT_CONFIRMED,
ACT-0003586,INV-0012146,C00107,2025-03-03,EMAIL,D. Aguilar,PAYMENT_CONFIRMED,
ACT-0003587,INV-0012146,C00107,2025-05-01,EMAIL,D. Aguilar,NO_ANSWER,
ACT-0003588,INV-0012146,C00107,2025-04-06,EMAIL,D. Aguilar,PROMISE_TO_PAY,2025-04-30
ACT-0003589,INV-0005709,C00050,2025-03-12,STATEMENT,A. Reyes,PAYMENT_CONFIRMED,
ACT-0003590,INV-0005709,C00050,2025-03-16,EMAIL,A. Reyes,INFO_REQUESTED,
ACT-0003591,INV-0005709,C00050,2025-05-16,EMAIL,A. Reyes,NO_ANSWER,
ACT-0003592,INV-0025402,C00236,2025-03-31,STATEMENT,F. Zamora,NO_ANSWER,
ACT-0003593,INV-0025402,C00236,2025-03-26,EMAIL,F. Zamora,PROMISE_TO_PAY,2025-05-01
ACT-0003594,INV-0025402,C00236,2025-06-12,STATEMENT,F. Zamora,NO_ANSWER,
ACT-0003595,INV-0025402,C00236,2025-04-25,EMAIL,F. Zamora,PROMISE_TO_PAY,2025-06-02
ACT-0003596,INV-0030543,C00294,2026-06-22,EMAIL,R. Salazar,NO_ANSWER,
ACT-0003597,INV-0003460,C00031,2025-08-13,EMAIL,N. Espinoza,NO_ANSWER,
ACT-0003598,INV-0003460,C00031,2025-08-13,CALL,N. Espinoza,PROMISE_TO_PAY,2025-08-31
ACT-0003599,INV-0003460,C00031,2025-09-02,CALL,N. Espinoza,NO_ANSWER,
ACT-0003600,INV-0009522,C00082,2025-12-09,EMAIL,R. Salazar,INFO_REQUESTED,
ACT-0003601,INV-0007044,C00061,2025-10-20,CALL,M. Contreras,PROMISE_TO_PAY,2025-11-07
ACT-0003602,INV-0007044,C00061,2025-12-06,EMAIL,M. Contreras,PROMISE_TO_PAY,2025-12-16
ACT-0003603,INV-0007044,C00061,2025-11-21,CALL,M. Contreras,PROMISE_TO_PAY,2025-12-28
ACT-0003604,INV-0007044,C00061,2025-10-25,CALL,M. Contreras,PROMISE_TO_PAY,2025-11-05
ACT-0003605,INV-0017740,C00161,2025-12-21,STATEMENT,S. Duarte,PROMISE_TO_PAY,2026-01-22
ACT-0003606,INV-0017740,C00161,2026-01-14,STATEMENT,S. Duarte,PROMISE_TO_PAY,2026-02-01
ACT-0003607,INV-0014933,C00133,2026-05-08,EMAIL,J. Villalobos,PAYMENT_CONFIRMED,
ACT-0003608,INV-0024212,C00224,2025-09-16,CALL,A. Reyes,INFO_REQUESTED,
ACT-0003609,INV-0024212,C00224,2025-09-06,STATEMENT,A. Reyes,NO_ANSWER,
ACT-0003610,INV-0024212,C00224,2025-11-16,EMAIL,A. Reyes,NO_ANSWER,
ACT-0003611,INV-0024212,C00224,2025-11-20,EMAIL,A. Reyes,PAYMENT_CONFIRMED,
ACT-0003612,INV-0002487,C00022,2026-01-02,CALL,P. Ibarra,PROMISE_TO_PAY,2026-02-08
ACT-0003613,INV-0002487,C00022,2026-02-25,CALL,P. Ibarra,NO_ANSWER,
ACT-0003614,INV-0002487,C00022,2026-02-01,CALL,P. Ibarra,PAYMENT_CONFIRMED,
ACT-0003615,INV-0008956,C00077,2026-06-16,EMAIL,P. Ibarra,NO_ANSWER,
ACT-0003616,INV-0008956,C00077,2026-06-07,EMAIL,P. Ibarra,PROMISE_TO_PAY,2026-07-11
ACT-0003617,INV-0021005,C00193,2025-07-07,ESCALATION,A. Reyes,PROMISE_TO_PAY,2025-07-24
ACT-0003618,INV-0021005,C00193,2025-07-08,STATEMENT,A. Reyes,PAYMENT_CONFIRMED,
ACT-0003619,INV-0021005,C00193,2025-10-09,STATEMENT,A. Reyes,PROMISE_TO_PAY,2025-10-29
ACT-0003620,INV-0021005,C00193,2025-09-01,EMAIL,A. Reyes,PAYMENT_CONFIRMED,
ACT-0003621,INV-0024510,C00227,2025-10-18,EMAIL,L. Moreno,NO_ANSWER,
ACT-0003622,INV-0024510,C00227,2025-09-10,CALL,L. Moreno,PROMISE_TO_PAY,2025-09-23
ACT-0003623,INV-0024510,C00227,2025-09-15,EMAIL,L. Moreno,PAYMENT_CONFIRMED,
ACT-0003624,INV-0028589,C00267,2025-12-14,ESCALATION,C. Fuentes,PROMISE_TO_PAY,2026-01-17
ACT-0003625,INV-0028589,C00267,2026-02-10,EMAIL,C. Fuentes,NO_ANSWER,
ACT-0003626,INV-0006449,C00056,2025-07-14,CALL,G. Montoya,DISPUTE_RAISED,
ACT-0003627,INV-0006449,C00056,2025-09-23,EMAIL,G. Montoya,PAYMENT_CONFIRMED,
ACT-0003628,INV-0019923,C00182,2025-11-30,EMAIL,A. Reyes,PAYMENT_CONFIRMED,
ACT-0003629,INV-0008338,C00072,2026-02-11,EMAIL,J. Villalobos,PROMISE_TO_PAY,2026-03-05
ACT-0003630,INV-0008338,C00072,2025-12-29,STATEMENT,J. Villalobos,NO_ANSWER,
ACT-0003631,INV-0008338,C00072,2026-02-27,CALL,J. Villalobos,PROMISE_TO_PAY,2026-03-10
ACT-0003632,INV-0008338,C00072,2026-01-20,STATEMENT,J. Villalobos,INFO_REQUESTED,
ACT-0003633,INV-0008070,C00070,2025-06-18,ESCALATION,B. Quintana,NO_ANSWER,
ACT-0003634,INV-0008070,C00070,2025-05-25,ESCALATION,B. Quintana,INFO_REQUESTED,
ACT-0003635,INV-0008070,C00070,2025-06-30,STATEMENT,B. Quintana,INFO_REQUESTED,
ACT-0003636,INV-0008070,C00070,2025-06-17,STATEMENT,B. Quintana,INFO_REQUESTED,
ACT-0003637,INV-0018071,C00164,2026-06-29,EMAIL,P. Ibarra,DISPUTE_RAISED,
ACT-0003638,INV-0011488,C00100,2025-10-22,EMAIL,V. Cardenas,PROMISE_TO_PAY,2025-11-26
ACT-0003639,INV-0011488,C00100,2025-10-13,EMAIL,V. Cardenas,INFO_REQUESTED,
ACT-0003640,INV-0011488,C00100,2025-12-04,CALL,V. Cardenas,PROMISE_TO_PAY,2026-01-10
ACT-0003641,INV-0011488,C00100,2025-12-17,EMAIL,V. Cardenas,PROMISE_TO_PAY,2026-01-07
ACT-0003642,INV-0030673,C00296,2026-06-30,CALL,F. Zamora,NO_ANSWER,
ACT-0003643,INV-0007325,C00063,2026-05-23,CALL,C. Fuentes,PROMISE_TO_PAY,2026-06-29
ACT-0003644,INV-0007325,C00063,2026-05-14,EMAIL,C. Fuentes,INFO_REQUESTED,
ACT-0003645,INV-0007325,C00063,2026-06-23,CALL,C. Fuentes,NO_ANSWER,
ACT-0003646,INV-0007325,C00063,2026-05-26,CALL,C. Fuentes,NO_ANSWER,
ACT-0003647,INV-0012073,C00106,2025-08-14,EMAIL,D. Aguilar,PROMISE_TO_PAY,2025-08-25
ACT-0003648,INV-0012073,C00106,2025-08-26,STATEMENT,D. Aguilar,PROMISE_TO_PAY,2025-10-03
ACT-0003649,INV-0012073,C00106,2025-09-04,CALL,D. Aguilar,NO_ANSWER,
ACT-0003650,INV-0004900,C00043,2025-11-29,EMAIL,S. Duarte,PROMISE_TO_PAY,2025-12-27
ACT-0003651,INV-0004900,C00043,2026-01-05,EMAIL,S. Duarte,PAYMENT_CONFIRMED,
ACT-0003652,INV-0008377,C00072,2026-06-21,CALL,J. Villalobos,PAYMENT_CONFIRMED,
ACT-0003653,INV-0018119,C00165,2025-09-07,CALL,L. Moreno,PAYMENT_CONFIRMED,
ACT-0003654,INV-0018119,C00165,2025-11-15,CALL,L. Moreno,PAYMENT_CONFIRMED,
ACT-0003655,INV-0018119,C00165,2025-10-17,EMAIL,L. Moreno,PAYMENT_CONFIRMED,
ACT-0003656,INV-0018119,C00165,2025-11-04,STATEMENT,L. Moreno,PAYMENT_CONFIRMED,
ACT-0003657,INV-0025338,C00235,2025-11-13,CALL,S. Duarte,DISPUTE_RAISED,
ACT-0003658,INV-0025338,C00235,2025-10-27,EMAIL,S. Duarte,PROMISE_TO_PAY,2025-11-19
ACT-0003659,INV-0021988,C00202,2026-03-14,EMAIL,C. Fuentes,INFO_REQUESTED,
ACT-0003660,INV-0021988,C00202,2026-04-13,ESCALATION,C. Fuentes,NO_ANSWER,
ACT-0003661,INV-0021988,C00202,2026-04-23,CALL,C. Fuentes,PROMISE_TO_PAY,2026-05-27
ACT-0003662,INV-0025826,C00240,2025-05-17,CALL,B. Quintana,DISPUTE_RAISED,
ACT-0003663,INV-0025826,C00240,2025-07-20,EMAIL,B. Quintana,NO_ANSWER,
ACT-0003664,INV-0025826,C00240,2025-08-17,CALL,B. Quintana,PROMISE_TO_PAY,2025-08-30
ACT-0003665,INV-0000142,C00002,2025-07-24,EMAIL,G. Montoya,PROMISE_TO_PAY,2025-07-30
ACT-0003666,INV-0003660,C00032,2026-06-02,EMAIL,N. Espinoza,PROMISE_TO_PAY,2026-07-10
ACT-0003667,INV-0022140,C00204,2025-08-24,EMAIL,N. Espinoza,PROMISE_TO_PAY,2025-09-28
ACT-0003668,INV-0006683,C00058,2025-07-31,EMAIL,M. Contreras,INFO_REQUESTED,
ACT-0003669,INV-0006683,C00058,2025-09-11,CALL,M. Contreras,NO_ANSWER,
ACT-0003670,INV-0006683,C00058,2025-10-11,CALL,M. Contreras,DISPUTE_RAISED,
ACT-0003671,INV-0006683,C00058,2025-10-09,CALL,M. Contreras,NO_ANSWER,
ACT-0003672,INV-0030669,C00296,2026-06-09,EMAIL,F. Zamora,NO_ANSWER,
ACT-0003673,INV-0030669,C00296,2026-05-21,CALL,F. Zamora,PAYMENT_CONFIRMED,
ACT-0003674,INV-0030174,C00289,2026-04-06,CALL,B. Quintana,PROMISE_TO_PAY,2026-05-07
ACT-0003675,INV-0030174,C00289,2026-06-12,STATEMENT,B. Quintana,PAYMENT_CONFIRMED,
ACT-0003676,INV-0028671,C00268,2025-12-30,EMAIL,P. Ibarra,INFO_REQUESTED,
ACT-0003677,INV-0028671,C00268,2026-01-02,STATEMENT,P. Ibarra,PAYMENT_CONFIRMED,
ACT-0003678,INV-0024221,C00224,2025-09-19,CALL,A. Reyes,NO_ANSWER,
ACT-0003679,INV-0024221,C00224,2025-12-10,EMAIL,A. Reyes,INFO_REQUESTED,
ACT-0003680,INV-0024221,C00224,2025-11-18,CALL,A. Reyes,PROMISE_TO_PAY,2025-12-01
ACT-0003681,INV-0024221,C00224,2025-11-17,EMAIL,A. Reyes,PROMISE_TO_PAY,2025-12-24
ACT-0003682,INV-0010866,C00094,2025-08-10,CALL,B. Quintana,NO_ANSWER,
ACT-0003683,INV-0010866,C00094,2025-07-20,CALL,B. Quintana,INFO_REQUESTED,
ACT-0003684,INV-0010866,C00094,2025-09-13,EMAIL,B. Quintana,PROMISE_TO_PAY,2025-10-06
ACT-0003685,INV-0016926,C00153,2026-04-21,EMAIL,L. Moreno,NO_ANSWER,
ACT-0003686,INV-0016926,C00153,2026-04-26,EMAIL,L. Moreno,NO_ANSWER,
ACT-0003687,INV-0015424,C00138,2025-10-24,EMAIL,N. Espinoza,INFO_REQUESTED,
ACT-0003688,INV-0015424,C00138,2025-11-11,EMAIL,N. Espinoza,NO_ANSWER,
ACT-0003689,INV-0003150,C00028,2025-11-14,CALL,G. Montoya,NO_ANSWER,
ACT-0003690,INV-0003150,C00028,2025-11-29,CALL,G. Montoya,PROMISE_TO_PAY,2025-12-05
ACT-0003691,INV-0003150,C00028,2025-10-17,CALL,G. Montoya,PROMISE_TO_PAY,2025-10-27
ACT-0003692,INV-0003150,C00028,2025-11-07,ESCALATION,G. Montoya,PROMISE_TO_PAY,2025-12-12
ACT-0003693,INV-0028540,C00266,2026-06-09,EMAIL,B. Quintana,PROMISE_TO_PAY,2026-07-02
ACT-0003694,INV-0025698,C00238,2026-06-30,CALL,A. Reyes,INFO_REQUESTED,
ACT-0003695,INV-0028613,C00267,2026-06-09,EMAIL,C. Fuentes,PAYMENT_CONFIRMED,
ACT-0003696,INV-0026315,C00244,2026-05-10,CALL,P. Ibarra,PAYMENT_CONFIRMED,
ACT-0003697,INV-0026315,C00244,2026-06-22,EMAIL,P. Ibarra,PROMISE_TO_PAY,2026-07-15
ACT-0003698,INV-0026315,C00244,2026-06-03,STATEMENT,P. Ibarra,PROMISE_TO_PAY,2026-07-03
ACT-0003699,INV-0001794,C00016,2025-09-06,ESCALATION,N. Espinoza,NO_ANSWER,
ACT-0003700,INV-0001794,C00016,2025-09-20,EMAIL,N. Espinoza,PAYMENT_CONFIRMED,
ACT-0003701,INV-0001794,C00016,2025-10-29,CALL,N. Espinoza,NO_ANSWER,
ACT-0003702,INV-0013245,C00117,2026-04-06,EMAIL,C. Fuentes,PROMISE_TO_PAY,2026-04-29
ACT-0003703,INV-0004674,C00041,2026-01-03,CALL,P. Ibarra,PROMISE_TO_PAY,2026-01-19
ACT-0003704,INV-0004674,C00041,2026-01-04,EMAIL,P. Ibarra,PAYMENT_CONFIRMED,
ACT-0003705,INV-0004674,C00041,2026-03-30,EMAIL,P. Ibarra,NO_ANSWER,
ACT-0003706,INV-0004674,C00041,2026-04-12,STATEMENT,P. Ibarra,PAYMENT_CONFIRMED,
ACT-0003707,INV-0004753,C00042,2025-07-16,CALL,D. Aguilar,PROMISE_TO_PAY,2025-08-05
ACT-0003708,INV-0024123,C00223,2025-11-01,CALL,P. Ibarra,INFO_REQUESTED,
ACT-0003709,INV-0011309,C00098,2026-02-23,EMAIL,R. Salazar,NO_ANSWER,
ACT-0003710,INV-0011309,C00098,2026-03-18,CALL,R. Salazar,NO_ANSWER,
ACT-0003711,INV-0009645,C00083,2025-11-26,EMAIL,R. Salazar,INFO_REQUESTED,
ACT-0003712,INV-0009645,C00083,2025-11-08,CALL,R. Salazar,PROMISE_TO_PAY,2025-12-09
ACT-0003713,INV-0009645,C00083,2026-01-06,STATEMENT,R. Salazar,NO_ANSWER,
ACT-0003714,INV-0009645,C00083,2026-02-26,EMAIL,R. Salazar,NO_ANSWER,
ACT-0003715,INV-0009613,C00083,2025-05-20,EMAIL,R. Salazar,NO_ANSWER,
ACT-0003716,INV-0009613,C00083,2025-06-11,CALL,R. Salazar,PROMISE_TO_PAY,2025-07-08
ACT-0003717,INV-0019738,C00180,2026-03-05,EMAIL,V. Cardenas,PROMISE_TO_PAY,2026-03-20
ACT-0003718,INV-0019738,C00180,2026-02-24,EMAIL,V. Cardenas,PAYMENT_CONFIRMED,
ACT-0003719,INV-0009358,C00081,2025-08-22,EMAIL,T. Rivas,PROMISE_TO_PAY,2025-09-04
ACT-0003720,INV-0013743,C00122,2025-10-04,EMAIL,V. Cardenas,PROMISE_TO_PAY,2025-11-03
ACT-0003721,INV-0015000,C00134,2025-11-03,CALL,V. Cardenas,PROMISE_TO_PAY,2025-12-02
ACT-0003722,INV-0015000,C00134,2026-01-06,STATEMENT,V. Cardenas,NO_ANSWER,
ACT-0003723,INV-0027670,C00258,2025-06-23,EMAIL,P. Ibarra,PAYMENT_CONFIRMED,
ACT-0003724,INV-0027670,C00258,2025-06-14,CALL,P. Ibarra,INFO_REQUESTED,
ACT-0003725,INV-0027670,C00258,2025-06-01,CALL,P. Ibarra,PAYMENT_CONFIRMED,
ACT-0003726,INV-0027670,C00258,2025-07-25,CALL,P. Ibarra,NO_ANSWER,
ACT-0003727,INV-0001841,C00016,2026-03-30,EMAIL,N. Espinoza,PROMISE_TO_PAY,2026-04-25
ACT-0003728,INV-0001841,C00016,2026-04-28,EMAIL,N. Espinoza,DISPUTE_RAISED,
ACT-0003729,INV-0024978,C00231,2026-03-28,CALL,T. Rivas,INFO_REQUESTED,
ACT-0003730,INV-0024978,C00231,2026-03-25,EMAIL,T. Rivas,NO_ANSWER,
ACT-0003731,INV-0018871,C00172,2026-03-02,EMAIL,T. Rivas,PROMISE_TO_PAY,2026-03-24
ACT-0003732,INV-0000193,C00002,2026-03-23,STATEMENT,G. Montoya,INFO_REQUESTED,
ACT-0003733,INV-0000193,C00002,2026-03-21,EMAIL,G. Montoya,NO_ANSWER,
ACT-0003734,INV-0000193,C00002,2026-05-08,EMAIL,G. Montoya,DISPUTE_RAISED,
ACT-0003735,INV-0000193,C00002,2026-06-14,CALL,G. Montoya,DISPUTE_RAISED,
ACT-0003736,INV-0011985,C00105,2025-09-02,CALL,J. Villalobos,INFO_REQUESTED,
ACT-0003737,INV-0011985,C00105,2025-07-11,EMAIL,J. Villalobos,INFO_REQUESTED,
ACT-0003738,INV-0011985,C00105,2025-09-24,EMAIL,J. Villalobos,DISPUTE_RAISED,
ACT-0003739,INV-0011985,C00105,2025-09-05,ESCALATION,J. Villalobos,NO_ANSWER,
ACT-0003740,INV-0018946,C00173,2025-09-12,EMAIL,J. Villalobos,NO_ANSWER,
ACT-0003741,INV-0028199,C00263,2025-07-07,EMAIL,S. Duarte,PROMISE_TO_PAY,2025-08-04
ACT-0003742,INV-0028199,C00263,2025-09-04,EMAIL,S. Duarte,PROMISE_TO_PAY,2025-09-16
ACT-0003743,INV-0019679,C00180,2025-06-04,STATEMENT,V. Cardenas,INFO_REQUESTED,
ACT-0003744,INV-0019679,C00180,2025-06-09,CALL,V. Cardenas,PROMISE_TO_PAY,2025-07-03
ACT-0003745,INV-0019679,C00180,2025-06-20,ESCALATION,V. Cardenas,DISPUTE_RAISED,
ACT-0003746,INV-0019679,C00180,2025-05-10,EMAIL,V. Cardenas,NO_ANSWER,
ACT-0003747,INV-0026690,C00248,2025-11-29,STATEMENT,D. Aguilar,INFO_REQUESTED,
ACT-0003748,INV-0026690,C00248,2025-12-12,CALL,D. Aguilar,PROMISE_TO_PAY,2025-12-25
ACT-0003749,INV-0026690,C00248,2025-12-21,EMAIL,D. Aguilar,INFO_REQUESTED,
ACT-0003750,INV-0003425,C00030,2026-06-29,CALL,M. Contreras,PAYMENT_CONFIRMED,
ACT-0003751,INV-0003425,C00030,2026-06-21,CALL,M. Contreras,PROMISE_TO_PAY,2026-06-29
ACT-0003752,INV-0005849,C00051,2025-07-21,CALL,V. Cardenas,PROMISE_TO_PAY,2025-08-26
ACT-0003753,INV-0005849,C00051,2025-10-07,CALL,V. Cardenas,INFO_REQUESTED,
ACT-0003754,INV-0005849,C00051,2025-09-09,CALL,V. Cardenas,PROMISE_TO_PAY,2025-10-06
ACT-0003755,INV-0005849,C00051,2025-10-23,CALL,V. Cardenas,DISPUTE_RAISED,
ACT-0003756,INV-0016134,C00145,2026-06-23,CALL,J. Villalobos,DISPUTE_RAISED,
ACT-0003757,INV-0019221,C00175,2026-06-24,STATEMENT,B. Quintana,PROMISE_TO_PAY,2026-08-01
ACT-0003758,INV-0030152,C00289,2025-12-08,STATEMENT,B. Quintana,PAYMENT_CONFIRMED,
ACT-0003759,INV-0003824,C00034,2025-09-05,EMAIL,L. Moreno,DISPUTE_RAISED,
ACT-0003760,INV-0003824,C00034,2025-11-26,EMAIL,L. Moreno,INFO_REQUESTED,
ACT-0003761,INV-0003824,C00034,2025-11-19,ESCALATION,L. Moreno,DISPUTE_RAISED,
ACT-0003762,INV-0023113,C00213,2026-06-02,STATEMENT,J. Villalobos,PROMISE_TO_PAY,2026-06-25
ACT-0003763,INV-0027400,C00255,2026-01-02,EMAIL,J. Villalobos,PAYMENT_CONFIRMED,
ACT-0003764,INV-0027400,C00255,2025-12-06,ESCALATION,J. Villalobos,PROMISE_TO_PAY,2026-01-09
ACT-0003765,INV-0027400,C00255,2025-12-19,EMAIL,J. Villalobos,PROMISE_TO_PAY,2025-12-24
ACT-0003766,INV-0027400,C00255,2026-03-03,CALL,J. Villalobos,PROMISE_TO_PAY,2026-03-08
ACT-0003767,INV-0011627,C00101,2026-06-04,EMAIL,G. Montoya,PROMISE_TO_PAY,2026-06-12
ACT-0003768,INV-0011627,C00101,2026-04-30,CALL,G. Montoya,DISPUTE_RAISED,
ACT-0003769,INV-0005799,C00050,2026-06-19,EMAIL,A. Reyes,INFO_REQUESTED,
ACT-0003770,INV-0014748,C00132,2025-07-22,EMAIL,B. Quintana,NO_ANSWER,
ACT-0003771,INV-0014748,C00132,2025-06-28,CALL,B. Quintana,PROMISE_TO_PAY,2025-07-18
ACT-0003772,INV-0021101,C00194,2025-05-25,CALL,P. Ibarra,NO_ANSWER,
ACT-0003773,INV-0009845,C00085,2025-07-20,CALL,C. Fuentes,PAYMENT_CONFIRMED,
ACT-0003774,INV-0009845,C00085,2025-09-28,EMAIL,C. Fuentes,PAYMENT_CONFIRMED,
ACT-0003775,INV-0009845,C00085,2025-09-03,CALL,C. Fuentes,INFO_REQUESTED,
ACT-0003776,INV-0022354,C00206,2025-12-02,ESCALATION,S. Duarte,PAYMENT_CONFIRMED,
ACT-0003777,INV-0022354,C00206,2025-11-27,EMAIL,S. Duarte,DISPUTE_RAISED,
ACT-0003778,INV-0025662,C00238,2026-02-25,EMAIL,A. Reyes,NO_ANSWER,
ACT-0003779,INV-0025662,C00238,2026-04-28,EMAIL,A. Reyes,NO_ANSWER,
ACT-0003780,INV-0025662,C00238,2026-03-30,CALL,A. Reyes,INFO_REQUESTED,
ACT-0003781,INV-0025662,C00238,2026-03-30,CALL,A. Reyes,PROMISE_TO_PAY,2026-04-24
ACT-0003782,INV-0004975,C00044,2025-06-15,STATEMENT,B. Quintana,INFO_REQUESTED,
ACT-0003783,INV-0004975,C00044,2025-07-02,ESCALATION,B. Quintana,PROMISE_TO_PAY,2025-08-02
ACT-0003784,INV-0004975,C00044,2025-06-24,ESCALATION,B. Quintana,PAYMENT_CONFIRMED,
ACT-0003785,INV-0006004,C00052,2026-03-16,STATEMENT,C. Fuentes,PROMISE_TO_PAY,2026-03-31
ACT-0003786,INV-0025168,C00233,2026-06-09,EMAIL,R. Salazar,NO_ANSWER,
ACT-0003787,INV-0025168,C00233,2026-06-12,EMAIL,R. Salazar,DISPUTE_RAISED,
ACT-0003788,INV-0025168,C00233,2026-06-02,EMAIL,R. Salazar,DISPUTE_RAISED,
ACT-0003789,INV-0016473,C00149,2025-06-17,EMAIL,V. Cardenas,PROMISE_TO_PAY,2025-07-15
ACT-0003790,INV-0022143,C00204,2025-06-20,EMAIL,N. Espinoza,PROMISE_TO_PAY,2025-07-21
ACT-0003791,INV-0022143,C00204,2025-08-19,EMAIL,N. Espinoza,INFO_REQUESTED,
ACT-0003792,INV-0010956,C00095,2025-08-19,CALL,A. Reyes,DISPUTE_RAISED,
ACT-0003793,INV-0010956,C00095,2025-10-29,CALL,A. Reyes,INFO_REQUESTED,
ACT-0003794,INV-0010956,C00095,2025-10-21,EMAIL,A. Reyes,PROMISE_TO_PAY,2025-11-10
ACT-0003795,INV-0029847,C00285,2025-08-01,ESCALATION,C. Fuentes,NO_ANSWER,
ACT-0003796,INV-0029847,C00285,2025-08-02,EMAIL,C. Fuentes,PAYMENT_CONFIRMED,
ACT-0003797,INV-0023955,C00221,2026-06-02,EMAIL,S. Duarte,PAYMENT_CONFIRMED,
ACT-0003798,INV-0027360,C00255,2025-05-25,EMAIL,J. Villalobos,NO_ANSWER,
ACT-0003799,INV-0027360,C00255,2025-07-19,EMAIL,J. Villalobos,NO_ANSWER,
ACT-0003800,INV-0015762,C00142,2025-06-06,ESCALATION,P. Ibarra,PROMISE_TO_PAY,2025-07-09
ACT-0003801,INV-0015762,C00142,2025-04-27,EMAIL,P. Ibarra,DISPUTE_RAISED,
ACT-0003802,INV-0015762,C00142,2025-06-21,CALL,P. Ibarra,PAYMENT_CONFIRMED,
ACT-0003803,INV-0003405,C00030,2026-05-14,CALL,M. Contreras,PROMISE_TO_PAY,2026-05-26
ACT-0003804,INV-0023537,C00217,2026-04-06,CALL,J. Villalobos,PROMISE_TO_PAY,2026-05-06
ACT-0003805,INV-0023537,C00217,2026-05-14,CALL,J. Villalobos,PROMISE_TO_PAY,2026-06-19
ACT-0003806,INV-0023537,C00217,2026-05-03,EMAIL,J. Villalobos,PAYMENT_CONFIRMED,
ACT-0003807,INV-0003830,C00034,2025-12-11,EMAIL,L. Moreno,PROMISE_TO_PAY,2025-12-27
ACT-0003808,INV-0003830,C00034,2025-12-03,EMAIL,L. Moreno,PAYMENT_CONFIRMED,
ACT-0003809,INV-0003830,C00034,2026-02-01,ESCALATION,L. Moreno,DISPUTE_RAISED,
ACT-0003810,INV-0003830,C00034,2025-12-29,EMAIL,L. Moreno,PROMISE_TO_PAY,2026-01-18
ACT-0003811,INV-0005436,C00047,2026-06-23,EMAIL,V. Cardenas,NO_ANSWER,
ACT-0003812,INV-0026403,C00245,2026-01-12,CALL,S. Duarte,INFO_REQUESTED,
ACT-0003813,INV-0026403,C00245,2026-01-12,STATEMENT,S. Duarte,PROMISE_TO_PAY,2026-01-21
ACT-0003814,INV-0030940,C00300,2026-03-22,CALL,V. Cardenas,PROMISE_TO_PAY,2026-04-18
ACT-0003815,INV-0030940,C00300,2026-03-23,CALL,V. Cardenas,PROMISE_TO_PAY,2026-03-31
ACT-0003816,INV-0020825,C00191,2025-12-22,CALL,T. Rivas,PROMISE_TO_PAY,2025-12-27
ACT-0003817,INV-0020825,C00191,2026-02-23,CALL,T. Rivas,PROMISE_TO_PAY,2026-03-06
ACT-0003818,INV-0005465,C00048,2025-03-30,EMAIL,T. Rivas,PROMISE_TO_PAY,2025-05-07
ACT-0003819,INV-0016208,C00146,2026-02-18,ESCALATION,P. Ibarra,INFO_REQUESTED,
ACT-0003820,INV-0017011,C00154,2026-02-05,EMAIL,J. Villalobos,NO_ANSWER,
ACT-0003821,INV-0002258,C00020,2025-12-11,ESCALATION,A. Reyes,PROMISE_TO_PAY,2025-12-26
ACT-0003822,INV-0002258,C00020,2025-12-23,STATEMENT,A. Reyes,PROMISE_TO_PAY,2026-01-11
ACT-0003823,INV-0002258,C00020,2026-03-12,EMAIL,A. Reyes,PAYMENT_CONFIRMED,
ACT-0003824,INV-0002258,C00020,2026-03-22,CALL,A. Reyes,NO_ANSWER,
ACT-0003825,INV-0000879,C00008,2026-04-13,EMAIL,V. Cardenas,PAYMENT_CONFIRMED,
ACT-0003826,INV-0000879,C00008,2026-05-24,CALL,V. Cardenas,NO_ANSWER,
ACT-0003827,INV-0023675,C00219,2025-02-18,EMAIL,B. Quintana,PROMISE_TO_PAY,2025-03-19
ACT-0003828,INV-0023675,C00219,2025-05-18,EMAIL,B. Quintana,PROMISE_TO_PAY,2025-05-31
ACT-0003829,INV-0023675,C00219,2025-04-27,EMAIL,B. Quintana,NO_ANSWER,
ACT-0003830,INV-0007717,C00067,2025-03-17,EMAIL,A. Reyes,PROMISE_TO_PAY,2025-03-22
ACT-0003831,INV-0007717,C00067,2025-06-07,EMAIL,A. Reyes,NO_ANSWER,
ACT-0003832,INV-0007717,C00067,2025-06-05,ESCALATION,A. Reyes,PAYMENT_CONFIRMED,
ACT-0003833,INV-0012071,C00106,2025-09-16,CALL,D. Aguilar,INFO_REQUESTED,
ACT-0003834,INV-0017033,C00154,2026-05-10,STATEMENT,J. Villalobos,NO_ANSWER,
ACT-0003835,INV-0017033,C00154,2026-06-24,ESCALATION,J. Villalobos,PROMISE_TO_PAY,2026-07-03
ACT-0003836,INV-0020085,C00184,2025-05-17,CALL,L. Moreno,PROMISE_TO_PAY,2025-06-15
ACT-0003837,INV-0020085,C00184,2025-05-08,EMAIL,L. Moreno,PROMISE_TO_PAY,2025-05-13
ACT-0003838,INV-0020085,C00184,2025-05-14,EMAIL,L. Moreno,PROMISE_TO_PAY,2025-05-26
ACT-0003839,INV-0017833,C00162,2025-12-10,EMAIL,R. Salazar,INFO_REQUESTED,
ACT-0003840,INV-0017833,C00162,2025-12-25,STATEMENT,R. Salazar,PAYMENT_CONFIRMED,
ACT-0003841,INV-0017833,C00162,2026-01-09,CALL,R. Salazar,PROMISE_TO_PAY,2026-01-18
ACT-0003842,INV-0017833,C00162,2025-10-28,ESCALATION,R. Salazar,PAYMENT_CONFIRMED,
ACT-0003843,INV-0006257,C00054,2026-05-20,CALL,G. Montoya,NO_ANSWER,
ACT-0003844,INV-0006257,C00054,2026-06-12,EMAIL,G. Montoya,INFO_REQUESTED,
ACT-0003845,INV-0006257,C00054,2026-06-04,STATEMENT,G. Montoya,PROMISE_TO_PAY,2026-06-20
ACT-0003846,INV-0027804,C00259,2025-11-22,CALL,A. Reyes,NO_ANSWER,
ACT-0003847,INV-0027804,C00259,2025-11-29,STATEMENT,A. Reyes,PAYMENT_CONFIRMED,
ACT-0003848,INV-0005339,C00047,2025-06-01,CALL,V. Cardenas,PROMISE_TO_PAY,2025-06-25
ACT-0003849,INV-0005339,C00047,2025-05-19,EMAIL,V. Cardenas,NO_ANSWER,
ACT-0003850,INV-0024556,C00227,2026-04-30,CALL,L. Moreno,INFO_REQUESTED,
ACT-0003851,INV-0024556,C00227,2026-03-25,STATEMENT,L. Moreno,NO_ANSWER,
ACT-0003852,INV-0001106,C00010,2026-03-01,CALL,F. Zamora,NO_ANSWER,
ACT-0003853,INV-0016471,C00149,2025-07-23,EMAIL,V. Cardenas,PROMISE_TO_PAY,2025-08-15
ACT-0003854,INV-0016471,C00149,2025-07-25,CALL,V. Cardenas,NO_ANSWER,
ACT-0003855,INV-0016471,C00149,2025-06-24,EMAIL,V. Cardenas,PAYMENT_CONFIRMED,
ACT-0003856,INV-0016471,C00149,2025-06-17,CALL,V. Cardenas,PROMISE_TO_PAY,2025-06-25
ACT-0003857,INV-0002959,C00026,2026-05-14,EMAIL,L. Moreno,PAYMENT_CONFIRMED,
ACT-0003858,INV-0026767,C00249,2025-10-13,ESCALATION,L. Moreno,DISPUTE_RAISED,
ACT-0003859,INV-0026767,C00249,2025-10-02,CALL,L. Moreno,PROMISE_TO_PAY,2025-10-14
ACT-0003860,INV-0026767,C00249,2025-10-09,EMAIL,L. Moreno,DISPUTE_RAISED,
ACT-0003861,INV-0026767,C00249,2025-11-03,STATEMENT,L. Moreno,INFO_REQUESTED,
ACT-0003862,INV-0027774,C00259,2025-05-14,CALL,A. Reyes,PAYMENT_CONFIRMED,
ACT-0003863,INV-0027774,C00259,2025-05-24,EMAIL,A. Reyes,DISPUTE_RAISED,
ACT-0003864,INV-0027774,C00259,2025-06-24,EMAIL,A. Reyes,PROMISE_TO_PAY,2025-07-10
ACT-0003865,INV-0027774,C00259,2025-08-03,CALL,A. Reyes,PROMISE_TO_PAY,2025-09-04
ACT-0003866,INV-0022292,C00205,2026-05-31,CALL,J. Villalobos,PROMISE_TO_PAY,2026-06-15
ACT-0003867,INV-0022292,C00205,2026-04-07,EMAIL,J. Villalobos,INFO_REQUESTED,
ACT-0003868,INV-0019041,C00174,2025-05-19,EMAIL,F. Zamora,PAYMENT_CONFIRMED,
ACT-0003869,INV-0019041,C00174,2025-04-22,ESCALATION,F. Zamora,PROMISE_TO_PAY,2025-05-14
ACT-0003870,INV-0000268,C00003,2025-07-04,EMAIL,V. Cardenas,PAYMENT_CONFIRMED,
ACT-0003871,INV-0000268,C00003,2025-09-23,EMAIL,V. Cardenas,NO_ANSWER,
ACT-0003872,INV-0013735,C00122,2025-07-13,EMAIL,V. Cardenas,PROMISE_TO_PAY,2025-07-22
ACT-0003873,INV-0013735,C00122,2025-10-11,CALL,V. Cardenas,PROMISE_TO_PAY,2025-10-21
ACT-0003874,INV-0013735,C00122,2025-09-11,EMAIL,V. Cardenas,DISPUTE_RAISED,
ACT-0003875,INV-0013610,C00121,2025-07-05,EMAIL,R. Salazar,PROMISE_TO_PAY,2025-07-10
ACT-0003876,INV-0013610,C00121,2025-06-20,EMAIL,R. Salazar,PAYMENT_CONFIRMED,
ACT-0003877,INV-0013610,C00121,2025-06-12,CALL,R. Salazar,DISPUTE_RAISED,
ACT-0003878,INV-0016437,C00148,2026-05-13,EMAIL,V. Cardenas,PROMISE_TO_PAY,2026-06-07
ACT-0003879,INV-0016259,C00147,2025-05-23,EMAIL,M. Contreras,PROMISE_TO_PAY,2025-06-12
ACT-0003880,INV-0016259,C00147,2025-04-01,CALL,M. Contreras,NO_ANSWER,
ACT-0003881,INV-0016259,C00147,2025-06-05,CALL,M. Contreras,DISPUTE_RAISED,
ACT-0003882,INV-0021778,C00200,2025-12-09,ESCALATION,S. Duarte,INFO_REQUESTED,
ACT-0003883,INV-0021778,C00200,2025-12-23,STATEMENT,S. Duarte,PAYMENT_CONFIRMED,
ACT-0003884,INV-0007413,C00064,2026-01-20,EMAIL,S. Duarte,INFO_REQUESTED,
ACT-0003885,INV-0007413,C00064,2025-11-19,EMAIL,S. Duarte,INFO_REQUESTED,
ACT-0003886,INV-0006855,C00059,2026-05-25,CALL,R. Salazar,PAYMENT_CONFIRMED,
ACT-0003887,INV-0006855,C00059,2026-05-17,EMAIL,R. Salazar,DISPUTE_RAISED,
ACT-0003888,INV-0012619,C00111,2026-05-29,EMAIL,G. Montoya,DISPUTE_RAISED,
ACT-0003889,INV-0020421,C00187,2025-12-31,CALL,B. Quintana,PROMISE_TO_PAY,2026-01-15
ACT-0003890,INV-0025076,C00232,2026-04-23,EMAIL,F. Zamora,NO_ANSWER,
ACT-0003891,INV-0007780,C00067,2025-12-30,EMAIL,A. Reyes,NO_ANSWER,
ACT-0003892,INV-0006318,C00055,2025-07-15,CALL,B. Quintana,NO_ANSWER,
ACT-0003893,INV-0006318,C00055,2025-09-01,EMAIL,B. Quintana,NO_ANSWER,
ACT-0003894,INV-0006318,C00055,2025-10-01,EMAIL,B. Quintana,NO_ANSWER,
ACT-0003895,INV-0006318,C00055,2025-09-21,CALL,B. Quintana,INFO_REQUESTED,
ACT-0003896,INV-0026884,C00250,2025-09-15,EMAIL,P. Ibarra,NO_ANSWER,
ACT-0003897,INV-0001786,C00016,2025-09-01,CALL,N. Espinoza,PROMISE_TO_PAY,2025-10-03
ACT-0003898,INV-0019276,C00176,2025-07-13,CALL,A. Reyes,PROMISE_TO_PAY,2025-07-27
ACT-0003899,INV-0019276,C00176,2025-08-29,CALL,A. Reyes,PAYMENT_CONFIRMED,
ACT-0003900,INV-0008137,C00070,2026-04-12,EMAIL,B. Quintana,INFO_REQUESTED,
ACT-0003901,INV-0030215,C00290,2025-08-27,CALL,M. Contreras,PROMISE_TO_PAY,2025-09-26
ACT-0003902,INV-0030215,C00290,2025-09-22,STATEMENT,M. Contreras,NO_ANSWER,
ACT-0003903,INV-0030215,C00290,2025-11-22,EMAIL,M. Contreras,PAYMENT_CONFIRMED,
ACT-0003904,INV-0005352,C00047,2025-06-14,CALL,V. Cardenas,PROMISE_TO_PAY,2025-07-01
ACT-0003905,INV-0004525,C00040,2025-06-26,EMAIL,S. Duarte,PAYMENT_CONFIRMED,
ACT-0003906,INV-0004525,C00040,2025-07-23,EMAIL,S. Duarte,DISPUTE_RAISED,
ACT-0003907,INV-0004525,C00040,2025-08-01,STATEMENT,S. Duarte,NO_ANSWER,
ACT-0003908,INV-0004525,C00040,2025-10-05,CALL,S. Duarte,NO_ANSWER,
ACT-0003909,INV-0003347,C00030,2025-09-18,STATEMENT,M. Contreras,PAYMENT_CONFIRMED,
ACT-0003910,INV-0003347,C00030,2025-09-17,CALL,M. Contreras,PROMISE_TO_PAY,2025-10-09
ACT-0003911,INV-0006869,C00059,2026-06-13,EMAIL,R. Salazar,NO_ANSWER,
ACT-0003912,INV-0017579,C00159,2026-05-03,CALL,A. Reyes,PROMISE_TO_PAY,2026-05-19
ACT-0003913,INV-0012558,C00111,2025-08-28,EMAIL,G. Montoya,PROMISE_TO_PAY,2025-09-02
ACT-0003914,INV-0019944,C00182,2026-03-07,EMAIL,A. Reyes,NO_ANSWER,
ACT-0003915,INV-0019944,C00182,2026-03-29,CALL,A. Reyes,PROMISE_TO_PAY,2026-05-03
ACT-0003916,INV-0017227,C00156,2025-12-19,EMAIL,T. Rivas,PROMISE_TO_PAY,2025-12-29
ACT-0003917,INV-0017227,C00156,2026-01-17,EMAIL,T. Rivas,PROMISE_TO_PAY,2026-01-30
ACT-0003918,INV-0010780,C00093,2025-11-24,CALL,J. Villalobos,INFO_REQUESTED,
ACT-0003919,INV-0010780,C00093,2025-12-19,ESCALATION,J. Villalobos,NO_ANSWER,
ACT-0003920,INV-0013033,C00115,2026-01-11,STATEMENT,C. Fuentes,PROMISE_TO_PAY,2026-02-08
ACT-0003921,INV-0013033,C00115,2026-03-15,EMAIL,C. Fuentes,PROMISE_TO_PAY,2026-04-03
ACT-0003922,INV-0010020,C00086,2026-05-09,EMAIL,J. Villalobos,PAYMENT_CONFIRMED,
ACT-0003923,INV-0008457,C00073,2025-12-01,CALL,D. Aguilar,INFO_REQUESTED,
ACT-0003924,INV-0008457,C00073,2026-01-10,EMAIL,D. Aguilar,INFO_REQUESTED,
ACT-0003925,INV-0013568,C00120,2026-03-06,CALL,D. Aguilar,PROMISE_TO_PAY,2026-03-15
ACT-0003926,INV-0013782,C00122,2026-06-22,STATEMENT,V. Cardenas,PAYMENT_CONFIRMED,
ACT-0003927,INV-0020134,C00184,2026-01-01,EMAIL,L. Moreno,DISPUTE_RAISED,
ACT-0003928,INV-0020134,C00184,2026-03-01,CALL,L. Moreno,PROMISE_TO_PAY,2026-03-27
ACT-0003929,INV-0020134,C00184,2026-03-20,EMAIL,L. Moreno,INFO_REQUESTED,
ACT-0003930,INV-0012441,C00110,2025-06-28,EMAIL,M. Contreras,INFO_REQUESTED,
ACT-0003931,INV-0012441,C00110,2025-08-03,EMAIL,M. Contreras,PROMISE_TO_PAY,2025-08-28
ACT-0003932,INV-0012441,C00110,2025-08-03,EMAIL,M. Contreras,DISPUTE_RAISED,
ACT-0003933,INV-0012441,C00110,2025-06-26,ESCALATION,M. Contreras,NO_ANSWER,
ACT-0003934,INV-0011922,C00104,2026-04-16,EMAIL,V. Cardenas,INFO_REQUESTED,
ACT-0003935,INV-0011922,C00104,2026-02-16,CALL,V. Cardenas,PROMISE_TO_PAY,2026-03-20
ACT-0003936,INV-0014059,C00125,2026-01-06,CALL,P. Ibarra,INFO_REQUESTED,
ACT-0003937,INV-0005719,C00050,2025-06-14,EMAIL,A. Reyes,PROMISE_TO_PAY,2025-06-22
ACT-0003938,INV-0005719,C00050,2025-07-09,CALL,A. Reyes,INFO_REQUESTED,
ACT-0003939,INV-0005719,C00050,2025-07-22,EMAIL,A. Reyes,INFO_REQUESTED,
ACT-0003940,INV-0005719,C00050,2025-09-17,CALL,A. Reyes,PROMISE_TO_PAY,2025-10-04
ACT-0003941,INV-0023363,C00216,2025-06-10,EMAIL,S. Duarte,NO_ANSWER,
ACT-0003942,INV-0025409,C00236,2025-05-08,EMAIL,F. Zamora,PAYMENT_CONFIRMED,
ACT-0003943,INV-0025409,C00236,2025-05-01,CALL,F. Zamora,NO_ANSWER,
ACT-0003944,INV-0027373,C00255,2025-07-16,EMAIL,J. Villalobos,NO_ANSWER,
ACT-0003945,INV-0027373,C00255,2025-09-07,CALL,J. Villalobos,PAYMENT_CONFIRMED,
ACT-0003946,INV-0016937,C00153,2026-06-22,EMAIL,L. Moreno,PROMISE_TO_PAY,2026-07-09
ACT-0003947,INV-0016937,C00153,2026-04-18,CALL,L. Moreno,PROMISE_TO_PAY,2026-05-03
ACT-0003948,INV-0021645,C00199,2025-07-25,EMAIL,V. Cardenas,PROMISE_TO_PAY,2025-08-05
ACT-0003949,INV-0021645,C00199,2025-08-11,EMAIL,V. Cardenas,NO_ANSWER,
ACT-0003950,INV-0002363,C00021,2025-12-10,EMAIL,B. Quintana,PAYMENT_CONFIRMED,
ACT-0003951,INV-0005717,C00050,2025-07-15,EMAIL,A. Reyes,PAYMENT_CONFIRMED,
ACT-0003952,INV-0005717,C00050,2025-07-24,CALL,A. Reyes,INFO_REQUESTED,
ACT-0003953,INV-0024982,C00231,2026-05-21,EMAIL,T. Rivas,NO_ANSWER,
ACT-0003954,INV-0024982,C00231,2026-06-06,EMAIL,T. Rivas,NO_ANSWER,
ACT-0003955,INV-0024982,C00231,2026-05-07,EMAIL,T. Rivas,NO_ANSWER,
ACT-0003956,INV-0015431,C00138,2026-03-10,CALL,N. Espinoza,NO_ANSWER,
ACT-0003957,INV-0015431,C00138,2026-01-30,CALL,N. Espinoza,PROMISE_TO_PAY,2026-03-04
ACT-0003958,INV-0024013,C00222,2025-09-07,EMAIL,F. Zamora,NO_ANSWER,
ACT-0003959,INV-0024013,C00222,2025-12-06,CALL,F. Zamora,NO_ANSWER,
ACT-0003960,INV-0024013,C00222,2025-10-30,STATEMENT,F. Zamora,NO_ANSWER,
ACT-0003961,INV-0024013,C00222,2025-11-16,CALL,F. Zamora,PAYMENT_CONFIRMED,
ACT-0003962,INV-0024267,C00224,2026-06-09,CALL,A. Reyes,PROMISE_TO_PAY,2026-07-15
ACT-0003963,INV-0012838,C00113,2026-06-30,EMAIL,C. Fuentes,PROMISE_TO_PAY,2026-08-02
ACT-0003964,INV-0022334,C00206,2025-08-19,CALL,S. Duarte,NO_ANSWER,
ACT-0003965,INV-0022334,C00206,2025-08-05,STATEMENT,S. Duarte,PROMISE_TO_PAY,2025-08-17
ACT-0003966,INV-0022334,C00206,2025-08-12,EMAIL,S. Duarte,NO_ANSWER,
ACT-0003967,INV-0022334,C00206,2025-09-11,CALL,S. Duarte,PROMISE_TO_PAY,2025-09-24
ACT-0003968,INV-0007196,C00062,2026-03-19,CALL,P. Ibarra,PROMISE_TO_PAY,2026-04-25
ACT-0003969,INV-0015131,C00135,2026-05-12,EMAIL,M. Contreras,NO_ANSWER,
ACT-0003970,INV-0024627,C00228,2025-11-10,STATEMENT,F. Zamora,PROMISE_TO_PAY,2025-12-15
ACT-0003971,INV-0024627,C00228,2025-11-09,EMAIL,F. Zamora,INFO_REQUESTED,
ACT-0003972,INV-0027697,C00258,2025-12-10,CALL,P. Ibarra,PROMISE_TO_PAY,2025-12-28
ACT-0003973,INV-0027697,C00258,2025-12-15,EMAIL,P. Ibarra,NO_ANSWER,
ACT-0003974,INV-0014997,C00134,2025-12-12,STATEMENT,V. Cardenas,DISPUTE_RAISED,
ACT-0003975,INV-0014997,C00134,2025-11-23,STATEMENT,V. Cardenas,PROMISE_TO_PAY,2025-12-01
ACT-0003976,INV-0014997,C00134,2025-12-20,STATEMENT,V. Cardenas,NO_ANSWER,
ACT-0003977,INV-0022372,C00206,2026-02-11,CALL,S. Duarte,DISPUTE_RAISED,
ACT-0003978,INV-0022372,C00206,2026-03-27,EMAIL,S. Duarte,PAYMENT_CONFIRMED,
ACT-0003979,INV-0022372,C00206,2026-03-21,EMAIL,S. Duarte,NO_ANSWER,
ACT-0003980,INV-0006410,C00055,2026-06-26,EMAIL,B. Quintana,INFO_REQUESTED,
ACT-0003981,INV-0003058,C00027,2026-02-15,ESCALATION,L. Moreno,PAYMENT_CONFIRMED,
ACT-0003982,INV-0003058,C00027,2026-03-23,STATEMENT,L. Moreno,NO_ANSWER,
ACT-0003983,INV-0003058,C00027,2026-03-26,EMAIL,L. Moreno,NO_ANSWER,
ACT-0003984,INV-0013366,C00118,2026-03-30,CALL,M. Contreras,PAYMENT_CONFIRMED,
ACT-0003985,INV-0013366,C00118,2026-04-16,EMAIL,M. Contreras,PROMISE_TO_PAY,2026-05-25
ACT-0003986,INV-0013366,C00118,2026-05-09,STATEMENT,M. Contreras,NO_ANSWER,
ACT-0003987,INV-0025865,C00240,2026-02-27,CALL,B. Quintana,PROMISE_TO_PAY,2026-03-15
ACT-0003988,INV-0025865,C00240,2026-02-21,EMAIL,B. Quintana,PROMISE_TO_PAY,2026-03-20
ACT-0003989,INV-0025865,C00240,2026-02-18,EMAIL,B. Quintana,NO_ANSWER,
ACT-0003990,INV-0003411,C00030,2026-03-01,EMAIL,M. Contreras,PROMISE_TO_PAY,2026-03-24
ACT-0003991,INV-0003411,C00030,2026-04-08,EMAIL,M. Contreras,PROMISE_TO_PAY,2026-05-04
ACT-0003992,INV-0016676,C00151,2025-07-19,CALL,N. Espinoza,PROMISE_TO_PAY,2025-08-22
ACT-0003993,INV-0016676,C00151,2025-07-07,STATEMENT,N. Espinoza,INFO_REQUESTED,
ACT-0003994,INV-0016676,C00151,2025-08-01,EMAIL,N. Espinoza,DISPUTE_RAISED,
ACT-0003995,INV-0016676,C00151,2025-07-16,STATEMENT,N. Espinoza,DISPUTE_RAISED,
ACT-0003996,INV-0005803,C00050,2026-06-15,EMAIL,A. Reyes,NO_ANSWER,
ACT-0003997,INV-0011721,C00102,2026-04-26,CALL,N. Espinoza,PROMISE_TO_PAY,2026-05-24
ACT-0003998,INV-0011721,C00102,2026-06-23,ESCALATION,N. Espinoza,NO_ANSWER,
ACT-0003999,INV-0013818,C00123,2025-06-13,EMAIL,V. Cardenas,NO_ANSWER,
ACT-0004000,INV-0013818,C00123,2025-04-27,EMAIL,V. Cardenas,PAYMENT_CONFIRMED,
ACT-0004001,INV-0023625,C00218,2026-02-19,CALL,N. Espinoza,INFO_REQUESTED,
ACT-0004002,INV-0023625,C00218,2026-02-04,CALL,N. Espinoza,PAYMENT_CONFIRMED,
ACT-0004003,INV-0023625,C00218,2026-03-04,EMAIL,N. Espinoza,PROMISE_TO_PAY,2026-03-14
ACT-0004004,INV-0012187,C00107,2025-11-12,ESCALATION,D. Aguilar,PROMISE_TO_PAY,2025-11-27
ACT-0004005,INV-0012187,C00107,2025-11-23,EMAIL,D. Aguilar,INFO_REQUESTED,
ACT-0004006,INV-0012187,C00107,2025-11-30,CALL,D. Aguilar,DISPUTE_RAISED,
ACT-0004007,INV-0001444,C00013,2025-12-08,STATEMENT,M. Contreras,DISPUTE_RAISED,
ACT-0004008,INV-0001444,C00013,2025-12-16,ESCALATION,M. Contreras,PAYMENT_CONFIRMED,
ACT-0004009,INV-0001444,C00013,2025-12-04,ESCALATION,M. Contreras,PAYMENT_CONFIRMED,
ACT-0004010,INV-0001444,C00013,2025-12-24,STATEMENT,M. Contreras,DISPUTE_RAISED,
ACT-0004011,INV-0009514,C00082,2025-12-09,EMAIL,R. Salazar,PROMISE_TO_PAY,2025-12-20
ACT-0004012,INV-0009514,C00082,2025-11-11,CALL,R. Salazar,PAYMENT_CONFIRMED,
ACT-0004013,INV-0006860,C00059,2026-06-02,EMAIL,R. Salazar,NO_ANSWER,
ACT-0004014,INV-0010365,C00089,2026-05-03,CALL,R. Salazar,DISPUTE_RAISED,
ACT-0004015,INV-0005151,C00045,2026-01-28,EMAIL,S. Duarte,DISPUTE_RAISED,
ACT-0004016,INV-0005151,C00045,2026-04-29,CALL,S. Duarte,PAYMENT_CONFIRMED,
ACT-0004017,INV-0005151,C00045,2026-05-17,CALL,S. Duarte,PAYMENT_CONFIRMED,
ACT-0004018,INV-0006179,C00054,2025-06-18,CALL,G. Montoya,PROMISE_TO_PAY,2025-07-27
ACT-0004019,INV-0006179,C00054,2025-05-27,EMAIL,G. Montoya,PROMISE_TO_PAY,2025-06-10
ACT-0004020,INV-0006179,C00054,2025-06-17,CALL,G. Montoya,NO_ANSWER,
ACT-0004021,INV-0006179,C00054,2025-07-12,EMAIL,G. Montoya,PROMISE_TO_PAY,2025-08-14
ACT-0004022,INV-0020295,C00186,2025-04-06,CALL,N. Espinoza,NO_ANSWER,
ACT-0004023,INV-0023513,C00217,2025-11-08,CALL,J. Villalobos,NO_ANSWER,
ACT-0004024,INV-0023513,C00217,2025-11-28,CALL,J. Villalobos,PAYMENT_CONFIRMED,
ACT-0004025,INV-0023513,C00217,2026-01-06,CALL,J. Villalobos,NO_ANSWER,
ACT-0004026,INV-0001550,C00014,2025-11-08,CALL,P. Ibarra,INFO_REQUESTED,
ACT-0004027,INV-0001550,C00014,2025-11-15,EMAIL,P. Ibarra,NO_ANSWER,
ACT-0004028,INV-0001550,C00014,2025-10-24,EMAIL,P. Ibarra,PROMISE_TO_PAY,2025-11-14
ACT-0004029,INV-0001550,C00014,2025-10-22,CALL,P. Ibarra,INFO_REQUESTED,
ACT-0004030,INV-0017649,C00160,2026-01-14,EMAIL,B. Quintana,NO_ANSWER,
ACT-0004031,INV-0017649,C00160,2025-12-27,EMAIL,B. Quintana,INFO_REQUESTED,
ACT-0004032,INV-0001338,C00012,2026-03-11,CALL,C. Fuentes,PROMISE_TO_PAY,2026-03-22
ACT-0004033,INV-0001338,C00012,2026-01-30,EMAIL,C. Fuentes,PROMISE_TO_PAY,2026-02-20
ACT-0004034,INV-0001338,C00012,2026-03-27,EMAIL,C. Fuentes,INFO_REQUESTED,
ACT-0004035,INV-0001338,C00012,2026-03-24,CALL,C. Fuentes,PAYMENT_CONFIRMED,
ACT-0004036,INV-0015831,C00142,2026-06-01,EMAIL,P. Ibarra,PROMISE_TO_PAY,2026-06-12
ACT-0004037,INV-0003000,C00027,2025-06-24,EMAIL,L. Moreno,INFO_REQUESTED,
ACT-0004038,INV-0003000,C00027,2025-06-06,CALL,L. Moreno,NO_ANSWER,
ACT-0004039,INV-0026392,C00245,2025-12-20,EMAIL,S. Duarte,PROMISE_TO_PAY,2025-12-31
ACT-0004040,INV-0002161,C00019,2026-02-21,ESCALATION,C. Fuentes,INFO_REQUESTED,
ACT-0004041,INV-0002161,C00019,2026-05-05,EMAIL,C. Fuentes,PAYMENT_CONFIRMED,
ACT-0004042,INV-0002161,C00019,2026-04-01,STATEMENT,C. Fuentes,PROMISE_TO_PAY,2026-04-13
ACT-0004043,INV-0002161,C00019,2026-04-19,STATEMENT,C. Fuentes,NO_ANSWER,
ACT-0004044,INV-0025212,C00234,2025-06-22,STATEMENT,V. Cardenas,NO_ANSWER,
ACT-0004045,INV-0001819,C00016,2026-03-02,CALL,N. Espinoza,PAYMENT_CONFIRMED,
ACT-0004046,INV-0021551,C00198,2025-08-30,EMAIL,J. Villalobos,INFO_REQUESTED,
ACT-0004047,INV-0010208,C00088,2025-08-07,EMAIL,R. Salazar,PROMISE_TO_PAY,2025-08-21
ACT-0004048,INV-0010208,C00088,2025-09-28,CALL,R. Salazar,NO_ANSWER,
ACT-0004049,INV-0021883,C00201,2025-12-10,ESCALATION,L. Moreno,PAYMENT_CONFIRMED,
ACT-0004050,INV-0021883,C00201,2025-12-19,STATEMENT,L. Moreno,INFO_REQUESTED,
ACT-0004051,INV-0021883,C00201,2026-01-03,EMAIL,L. Moreno,NO_ANSWER,
ACT-0004052,INV-0016027,C00144,2026-05-27,CALL,B. Quintana,PAYMENT_CONFIRMED,
ACT-0004053,INV-0010724,C00093,2025-06-19,EMAIL,J. Villalobos,PAYMENT_CONFIRMED,
ACT-0004054,INV-0010724,C00093,2025-06-15,CALL,J. Villalobos,PAYMENT_CONFIRMED,
ACT-0004055,INV-0017285,C00157,2025-02-21,STATEMENT,F. Zamora,INFO_REQUESTED,
ACT-0004056,INV-0017285,C00157,2025-03-05,EMAIL,F. Zamora,PAYMENT_CONFIRMED,
ACT-0004057,INV-0017285,C00157,2025-04-16,CALL,F. Zamora,NO_ANSWER,
ACT-0004058,INV-0019448,C00177,2026-06-15,CALL,J. Villalobos,PAYMENT_CONFIRMED,
ACT-0004059,INV-0010393,C00090,2025-04-29,EMAIL,L. Moreno,NO_ANSWER,
ACT-0004060,INV-0018389,C00167,2026-06-07,CALL,V. Cardenas,PROMISE_TO_PAY,2026-06-16
ACT-0004061,INV-0018389,C00167,2026-06-02,CALL,V. Cardenas,DISPUTE_RAISED,
ACT-0004062,INV-0001203,C00011,2025-11-23,EMAIL,R. Salazar,PAYMENT_CONFIRMED,
ACT-0004063,INV-0002040,C00018,2025-12-25,ESCALATION,B. Quintana,NO_ANSWER,
ACT-0004064,INV-0002040,C00018,2026-01-11,EMAIL,B. Quintana,NO_ANSWER,
ACT-0004065,INV-0002040,C00018,2026-03-07,STATEMENT,B. Quintana,PROMISE_TO_PAY,2026-03-27
ACT-0004066,INV-0003971,C00035,2026-03-22,EMAIL,V. Cardenas,NO_ANSWER,
ACT-0004067,INV-0004004,C00035,2026-06-28,STATEMENT,V. Cardenas,DISPUTE_RAISED,
ACT-0004068,INV-0010630,C00092,2025-05-12,CALL,P. Ibarra,PAYMENT_CONFIRMED,
ACT-0004069,INV-0010630,C00092,2025-05-09,CALL,P. Ibarra,NO_ANSWER,
ACT-0004070,INV-0010630,C00092,2025-05-17,EMAIL,P. Ibarra,DISPUTE_RAISED,
ACT-0004071,INV-0010630,C00092,2025-05-10,CALL,P. Ibarra,NO_ANSWER,
ACT-0004072,INV-0012615,C00111,2026-06-08,STATEMENT,G. Montoya,DISPUTE_RAISED,
ACT-0004073,INV-0012615,C00111,2026-06-30,EMAIL,G. Montoya,DISPUTE_RAISED,
ACT-0004074,INV-0012615,C00111,2026-06-09,CALL,G. Montoya,PROMISE_TO_PAY,2026-07-15
ACT-0004075,INV-0003346,C00030,2025-08-03,CALL,M. Contreras,NO_ANSWER,
ACT-0004076,INV-0003346,C00030,2025-06-28,EMAIL,M. Contreras,NO_ANSWER,
ACT-0004077,INV-0003346,C00030,2025-08-21,STATEMENT,M. Contreras,INFO_REQUESTED,
ACT-0004078,INV-0003346,C00030,2025-09-08,EMAIL,M. Contreras,PAYMENT_CONFIRMED,
ACT-0004079,INV-0023202,C00214,2026-03-09,EMAIL,S. Duarte,INFO_REQUESTED,
ACT-0004080,INV-0023202,C00214,2026-04-05,CALL,S. Duarte,PAYMENT_CONFIRMED,
ACT-0004081,INV-0023202,C00214,2026-04-22,EMAIL,S. Duarte,NO_ANSWER,
ACT-0004082,INV-0007997,C00069,2025-12-25,ESCALATION,F. Zamora,INFO_REQUESTED,
ACT-0004083,INV-0007997,C00069,2025-11-27,STATEMENT,F. Zamora,DISPUTE_RAISED,
ACT-0004084,INV-0010144,C00087,2026-04-23,EMAIL,D. Aguilar,INFO_REQUESTED,
ACT-0004085,INV-0010144,C00087,2026-05-06,CALL,D. Aguilar,PAYMENT_CONFIRMED,
ACT-0004086,INV-0010144,C00087,2026-06-18,EMAIL,D. Aguilar,INFO_REQUESTED,
ACT-0004087,INV-0006401,C00055,2026-06-10,CALL,B. Quintana,DISPUTE_RAISED,
ACT-0004088,INV-0006401,C00055,2026-06-08,CALL,B. Quintana,DISPUTE_RAISED,
ACT-0004089,INV-0030408,C00293,2025-07-13,CALL,J. Villalobos,PROMISE_TO_PAY,2025-08-05
ACT-0004090,INV-0020794,C00191,2025-09-04,CALL,T. Rivas,INFO_REQUESTED,
ACT-0004091,INV-0020794,C00191,2025-09-12,ESCALATION,T. Rivas,PAYMENT_CONFIRMED,
ACT-0004092,INV-0026563,C00247,2025-06-25,EMAIL,P. Ibarra,DISPUTE_RAISED,
ACT-0004093,INV-0004631,C00041,2025-05-30,CALL,P. Ibarra,NO_ANSWER,
ACT-0004094,INV-0010559,C00091,2025-12-18,EMAIL,L. Moreno,PAYMENT_CONFIRMED,
ACT-0004095,INV-0010559,C00091,2025-12-09,STATEMENT,L. Moreno,PROMISE_TO_PAY,2026-01-08
ACT-0004096,INV-0010559,C00091,2025-12-17,CALL,L. Moreno,NO_ANSWER,
ACT-0004097,INV-0010559,C00091,2025-12-16,CALL,L. Moreno,PROMISE_TO_PAY,2025-12-21
ACT-0004098,INV-0000694,C00007,2025-06-03,CALL,T. Rivas,PROMISE_TO_PAY,2025-06-22
ACT-0004099,INV-0000694,C00007,2025-06-12,CALL,T. Rivas,PROMISE_TO_PAY,2025-06-17
ACT-0004100,INV-0006565,C00057,2025-09-16,EMAIL,J. Villalobos,PAYMENT_CONFIRMED,
ACT-0004101,INV-0006565,C00057,2025-09-08,CALL,J. Villalobos,PAYMENT_CONFIRMED,
ACT-0004102,INV-0006565,C00057,2025-09-02,EMAIL,J. Villalobos,DISPUTE_RAISED,
ACT-0004103,INV-0008121,C00070,2026-03-28,EMAIL,B. Quintana,INFO_REQUESTED,
ACT-0004104,INV-0008121,C00070,2026-01-31,CALL,B. Quintana,NO_ANSWER,
ACT-0004105,INV-0008121,C00070,2026-04-08,EMAIL,B. Quintana,PROMISE_TO_PAY,2026-05-04
ACT-0004106,INV-0004087,C00036,2026-06-28,STATEMENT,C. Fuentes,PAYMENT_CONFIRMED,
ACT-0004107,INV-0004087,C00036,2026-04-28,STATEMENT,C. Fuentes,INFO_REQUESTED,
ACT-0004108,INV-0021012,C00193,2025-09-17,CALL,A. Reyes,NO_ANSWER,
ACT-0004109,INV-0028047,C00261,2026-06-25,CALL,P. Ibarra,NO_ANSWER,
ACT-0004110,INV-0028047,C00261,2026-04-26,CALL,P. Ibarra,PROMISE_TO_PAY,2026-05-26
ACT-0004111,INV-0028047,C00261,2026-06-09,STATEMENT,P. Ibarra,PROMISE_TO_PAY,2026-06-24
ACT-0004112,INV-0030928,C00300,2026-02-07,CALL,V. Cardenas,INFO_REQUESTED,
ACT-0004113,INV-0030928,C00300,2025-12-17,EMAIL,V. Cardenas,INFO_REQUESTED,
ACT-0004114,INV-0006017,C00052,2026-03-23,EMAIL,C. Fuentes,NO_ANSWER,
ACT-0004115,INV-0006017,C00052,2026-04-22,EMAIL,C. Fuentes,INFO_REQUESTED,
ACT-0004116,INV-0017922,C00163,2025-09-08,STATEMENT,A. Reyes,PAYMENT_CONFIRMED,
ACT-0004117,INV-0010502,C00091,2025-05-10,CALL,L. Moreno,PAYMENT_CONFIRMED,
ACT-0004118,INV-0003151,C00028,2025-10-20,STATEMENT,G. Montoya,PAYMENT_CONFIRMED,
ACT-0004119,INV-0003151,C00028,2025-11-13,STATEMENT,G. Montoya,NO_ANSWER,
ACT-0004120,INV-0003151,C00028,2025-12-25,EMAIL,G. Montoya,NO_ANSWER,
ACT-0004121,INV-0003151,C00028,2025-12-10,CALL,G. Montoya,PROMISE_TO_PAY,2026-01-13
ACT-0004122,INV-0019523,C00178,2026-02-17,EMAIL,M. Contreras,NO_ANSWER,
ACT-0004123,INV-0019523,C00178,2026-04-13,ESCALATION,M. Contreras,PROMISE_TO_PAY,2026-04-29
ACT-0004124,INV-0019523,C00178,2026-04-07,STATEMENT,M. Contreras,PROMISE_TO_PAY,2026-04-26
ACT-0004125,INV-0019523,C00178,2026-02-20,ESCALATION,M. Contreras,NO_ANSWER,
ACT-0004126,INV-0010182,C00088,2025-05-28,STATEMENT,R. Salazar,NO_ANSWER,
ACT-0004127,INV-0010182,C00088,2025-08-21,EMAIL,R. Salazar,DISPUTE_RAISED,
ACT-0004128,INV-0010182,C00088,2025-08-08,STATEMENT,R. Salazar,DISPUTE_RAISED,
ACT-0004129,INV-0015507,C00139,2025-08-25,STATEMENT,V. Cardenas,PAYMENT_CONFIRMED,
ACT-0004130,INV-0015507,C00139,2025-10-02,CALL,V. Cardenas,PROMISE_TO_PAY,2025-10-20
ACT-0004131,INV-0015507,C00139,2025-10-03,CALL,V. Cardenas,PROMISE_TO_PAY,2025-10-31
ACT-0004132,INV-0015507,C00139,2025-09-23,EMAIL,V. Cardenas,PROMISE_TO_PAY,2025-10-15
ACT-0004133,INV-0025962,C00241,2026-03-17,STATEMENT,S. Duarte,PROMISE_TO_PAY,2026-03-30
ACT-0004134,INV-0025962,C00241,2026-01-29,CALL,S. Duarte,INFO_REQUESTED,
ACT-0004135,INV-0028332,C00264,2026-01-17,STATEMENT,T. Rivas,DISPUTE_RAISED,
ACT-0004136,INV-0028332,C00264,2026-01-17,ESCALATION,T. Rivas,PAYMENT_CONFIRMED,
ACT-0004137,INV-0028332,C00264,2026-01-13,EMAIL,T. Rivas,PROMISE_TO_PAY,2026-01-24
ACT-0004138,INV-0028332,C00264,2026-01-18,EMAIL,T. Rivas,DISPUTE_RAISED,
ACT-0004139,INV-0025417,C00236,2025-05-26,EMAIL,F. Zamora,NO_ANSWER,
ACT-0004140,INV-0025417,C00236,2025-05-29,CALL,F. Zamora,PROMISE_TO_PAY,2025-07-04
ACT-0004141,INV-0025417,C00236,2025-07-28,CALL,F. Zamora,PAYMENT_CONFIRMED,
ACT-0004142,INV-0024058,C00222,2026-06-19,CALL,F. Zamora,INFO_REQUESTED,
ACT-0004143,INV-0024058,C00222,2026-05-13,CALL,F. Zamora,PAYMENT_CONFIRMED,
ACT-0004144,INV-0024058,C00222,2026-06-23,CALL,F. Zamora,PROMISE_TO_PAY,2026-07-07
ACT-0004145,INV-0024058,C00222,2026-06-06,CALL,F. Zamora,INFO_REQUESTED,
ACT-0004146,INV-0014290,C00127,2026-04-04,STATEMENT,P. Ibarra,PROMISE_TO_PAY,2026-05-08
ACT-0004147,INV-0019582,C00179,2025-07-13,EMAIL,N. Espinoza,INFO_REQUESTED,
ACT-0004148,INV-0025094,C00232,2026-06-13,EMAIL,F. Zamora,NO_ANSWER,
ACT-0004149,INV-0009064,C00078,2026-02-28,CALL,C. Fuentes,PAYMENT_CONFIRMED,
ACT-0004150,INV-0009064,C00078,2026-04-23,CALL,C. Fuentes,DISPUTE_RAISED,
ACT-0004151,INV-0009064,C00078,2026-04-20,CALL,C. Fuentes,PROMISE_TO_PAY,2026-04-29
ACT-0004152,INV-0015879,C00143,2025-08-05,CALL,P. Ibarra,PAYMENT_CONFIRMED,
ACT-0004153,INV-0015879,C00143,2025-08-27,EMAIL,P. Ibarra,PAYMENT_CONFIRMED,
ACT-0004154,INV-0012282,C00108,2025-10-29,CALL,G. Montoya,INFO_REQUESTED,
ACT-0004155,INV-0012282,C00108,2025-12-26,CALL,G. Montoya,NO_ANSWER,
ACT-0004156,INV-0012282,C00108,2025-12-12,CALL,G. Montoya,PROMISE_TO_PAY,2025-12-22
ACT-0004157,INV-0012282,C00108,2025-11-10,EMAIL,G. Montoya,DISPUTE_RAISED,
ACT-0004158,INV-0013010,C00115,2025-11-05,EMAIL,C. Fuentes,PROMISE_TO_PAY,2025-11-11
ACT-0004159,INV-0013010,C00115,2025-11-03,CALL,C. Fuentes,NO_ANSWER,
ACT-0004160,INV-0004261,C00038,2025-06-29,EMAIL,V. Cardenas,PROMISE_TO_PAY,2025-07-27
ACT-0004161,INV-0009350,C00081,2025-06-01,STATEMENT,T. Rivas,INFO_REQUESTED,
ACT-0004162,INV-0009350,C00081,2025-07-13,EMAIL,T. Rivas,INFO_REQUESTED,
ACT-0004163,INV-0009350,C00081,2025-08-09,EMAIL,T. Rivas,DISPUTE_RAISED,
ACT-0004164,INV-0009350,C00081,2025-06-22,EMAIL,T. Rivas,DISPUTE_RAISED,
ACT-0004165,INV-0005823,C00051,2025-04-01,ESCALATION,V. Cardenas,PROMISE_TO_PAY,2025-05-04
ACT-0004166,INV-0004450,C00039,2026-04-19,CALL,T. Rivas,PAYMENT_CONFIRMED,
ACT-0004167,INV-0004450,C00039,2026-04-25,EMAIL,T. Rivas,NO_ANSWER,
ACT-0004168,INV-0004450,C00039,2026-05-02,STATEMENT,T. Rivas,PROMISE_TO_PAY,2026-06-06
ACT-0004169,INV-0004450,C00039,2026-05-02,EMAIL,T. Rivas,PROMISE_TO_PAY,2026-06-08
ACT-0004170,INV-0030694,C00297,2025-07-14,EMAIL,M. Contreras,INFO_REQUESTED,
ACT-0004171,INV-0030694,C00297,2025-08-06,EMAIL,M. Contreras,PROMISE_TO_PAY,2025-09-01
ACT-0004172,INV-0016205,C00146,2025-12-31,EMAIL,P. Ibarra,DISPUTE_RAISED,
ACT-0004173,INV-0016205,C00146,2026-01-01,EMAIL,P. Ibarra,PROMISE_TO_PAY,2026-02-04
ACT-0004174,INV-0016205,C00146,2026-01-17,STATEMENT,P. Ibarra,NO_ANSWER,
ACT-0004175,INV-0016205,C00146,2026-01-15,CALL,P. Ibarra,NO_ANSWER,
ACT-0004176,INV-0004534,C00040,2025-11-06,EMAIL,S. Duarte,PROMISE_TO_PAY,2025-11-30
ACT-0004177,INV-0004534,C00040,2025-10-18,CALL,S. Duarte,PAYMENT_CONFIRMED,
ACT-0004178,INV-0004898,C00043,2025-10-12,EMAIL,S. Duarte,PROMISE_TO_PAY,2025-10-25
ACT-0004179,INV-0004898,C00043,2025-12-20,CALL,S. Duarte,PAYMENT_CONFIRMED,
ACT-0004180,INV-0008488,C00073,2026-05-12,EMAIL,D. Aguilar,PROMISE_TO_PAY,2026-05-24
ACT-0004181,INV-0002829,C00025,2026-03-21,EMAIL,B. Quintana,PROMISE_TO_PAY,2026-03-26
ACT-0004182,INV-0002829,C00025,2026-03-04,CALL,B. Quintana,INFO_REQUESTED,
ACT-0004183,INV-0019344,C00176,2026-05-14,ESCALATION,A. Reyes,INFO_REQUESTED,
ACT-0004184,INV-0018908,C00172,2026-06-20,EMAIL,T. Rivas,PROMISE_TO_PAY,2026-06-26
ACT-0004185,INV-0009553,C00082,2026-04-27,CALL,R. Salazar,DISPUTE_RAISED,
ACT-0004186,INV-0009553,C00082,2026-04-28,EMAIL,R. Salazar,DISPUTE_RAISED,
ACT-0004187,INV-0007295,C00063,2026-01-04,CALL,C. Fuentes,PAYMENT_CONFIRMED,
ACT-0004188,INV-0007295,C00063,2026-01-20,CALL,C. Fuentes,DISPUTE_RAISED,
ACT-0004189,INV-0007295,C00063,2025-12-30,EMAIL,C. Fuentes,PAYMENT_CONFIRMED,
ACT-0004190,INV-0007295,C00063,2026-01-01,CALL,C. Fuentes,NO_ANSWER,
ACT-0004191,INV-0012008,C00105,2025-11-11,CALL,J. Villalobos,PAYMENT_CONFIRMED,
ACT-0004192,INV-0012008,C00105,2025-12-16,CALL,J. Villalobos,INFO_REQUESTED,
ACT-0004193,INV-0006887,C00060,2025-05-29,EMAIL,P. Ibarra,PROMISE_TO_PAY,2025-07-02
ACT-0004194,INV-0009533,C00082,2026-03-10,CALL,R. Salazar,PAYMENT_CONFIRMED,
ACT-0004195,INV-0009533,C00082,2026-03-23,EMAIL,R. Salazar,DISPUTE_RAISED,
ACT-0004196,INV-0009533,C00082,2026-04-15,CALL,R. Salazar,PAYMENT_CONFIRMED,
ACT-0004197,INV-0026760,C00249,2025-08-16,EMAIL,L. Moreno,PAYMENT_CONFIRMED,
ACT-0004198,INV-0026760,C00249,2025-08-05,EMAIL,L. Moreno,PROMISE_TO_PAY,2025-08-21
ACT-0004199,INV-0026760,C00249,2025-07-21,EMAIL,L. Moreno,PROMISE_TO_PAY,2025-08-21
ACT-0004200,INV-0001802,C00016,2025-10-14,ESCALATION,N. Espinoza,DISPUTE_RAISED,
ACT-0004201,INV-0001802,C00016,2025-10-03,EMAIL,N. Espinoza,PROMISE_TO_PAY,2025-11-01
ACT-0004202,INV-0001802,C00016,2025-11-27,STATEMENT,N. Espinoza,PROMISE_TO_PAY,2025-12-21
ACT-0004203,INV-0001802,C00016,2026-01-14,EMAIL,N. Espinoza,PAYMENT_CONFIRMED,
ACT-0004204,INV-0022135,C00204,2025-06-13,ESCALATION,N. Espinoza,PROMISE_TO_PAY,2025-07-15
ACT-0004205,INV-0022135,C00204,2025-04-29,EMAIL,N. Espinoza,PROMISE_TO_PAY,2025-05-05
ACT-0004206,INV-0022135,C00204,2025-07-27,CALL,N. Espinoza,INFO_REQUESTED,
ACT-0004207,INV-0022135,C00204,2025-07-02,ESCALATION,N. Espinoza,NO_ANSWER,
ACT-0004208,INV-0001003,C00009,2026-05-09,CALL,A. Reyes,PROMISE_TO_PAY,2026-06-11
ACT-0004209,INV-0002029,C00018,2025-10-11,CALL,B. Quintana,PAYMENT_CONFIRMED,
ACT-0004210,INV-0022394,C00206,2026-06-09,STATEMENT,S. Duarte,PAYMENT_CONFIRMED,
ACT-0004211,INV-0014211,C00127,2025-02-14,ESCALATION,P. Ibarra,PAYMENT_CONFIRMED,
ACT-0004212,INV-0009649,C00083,2026-01-26,CALL,R. Salazar,INFO_REQUESTED,
ACT-0004213,INV-0009649,C00083,2025-12-22,EMAIL,R. Salazar,NO_ANSWER,
ACT-0004214,INV-0008873,C00077,2025-07-09,EMAIL,P. Ibarra,PROMISE_TO_PAY,2025-08-09
ACT-0004215,INV-0008873,C00077,2025-04-30,CALL,P. Ibarra,NO_ANSWER,
ACT-0004216,INV-0020255,C00185,2026-05-08,ESCALATION,R. Salazar,NO_ANSWER,
ACT-0004217,INV-0020255,C00185,2026-04-23,EMAIL,R. Salazar,NO_ANSWER,
ACT-0004218,INV-0009504,C00082,2025-09-02,EMAIL,R. Salazar,PROMISE_TO_PAY,2025-09-12
ACT-0004219,INV-0009504,C00082,2025-11-07,STATEMENT,R. Salazar,NO_ANSWER,
ACT-0004220,INV-0009504,C00082,2025-10-27,EMAIL,R. Salazar,NO_ANSWER,
ACT-0004221,INV-0009504,C00082,2025-12-02,EMAIL,R. Salazar,PAYMENT_CONFIRMED,
ACT-0004222,INV-0019939,C00182,2026-03-30,STATEMENT,A. Reyes,PAYMENT_CONFIRMED,
ACT-0004223,INV-0019939,C00182,2026-02-28,CALL,A. Reyes,NO_ANSWER,
ACT-0004224,INV-0019939,C00182,2026-04-17,CALL,A. Reyes,PROMISE_TO_PAY,2026-05-14
ACT-0004225,INV-0019939,C00182,2026-03-16,EMAIL,A. Reyes,NO_ANSWER,
ACT-0004226,INV-0023900,C00221,2025-07-26,EMAIL,S. Duarte,DISPUTE_RAISED,
ACT-0004227,INV-0023900,C00221,2025-08-29,STATEMENT,S. Duarte,PAYMENT_CONFIRMED,
ACT-0004228,INV-0013000,C00115,2025-10-04,CALL,C. Fuentes,NO_ANSWER,
ACT-0004229,INV-0013000,C00115,2025-10-03,CALL,C. Fuentes,PROMISE_TO_PAY,2025-11-02
ACT-0004230,INV-0013000,C00115,2025-09-25,EMAIL,C. Fuentes,PAYMENT_CONFIRMED,
ACT-0004231,INV-0013000,C00115,2025-11-14,EMAIL,C. Fuentes,INFO_REQUESTED,
ACT-0004232,INV-0023112,C00213,2026-04-10,CALL,J. Villalobos,PAYMENT_CONFIRMED,
ACT-0004233,INV-0023112,C00213,2026-05-17,EMAIL,J. Villalobos,INFO_REQUESTED,
ACT-0004234,INV-0023112,C00213,2026-06-05,ESCALATION,J. Villalobos,INFO_REQUESTED,
ACT-0004235,INV-0012154,C00107,2025-06-27,CALL,D. Aguilar,INFO_REQUESTED,
ACT-0004236,INV-0012154,C00107,2025-06-25,EMAIL,D. Aguilar,PROMISE_TO_PAY,2025-07-03
ACT-0004237,INV-0021683,C00199,2026-01-12,EMAIL,V. Cardenas,INFO_REQUESTED,
ACT-0004238,INV-0010544,C00091,2025-11-16,CALL,L. Moreno,PROMISE_TO_PAY,2025-12-07
ACT-0004239,INV-0010544,C00091,2025-10-22,EMAIL,L. Moreno,NO_ANSWER,
ACT-0004240,INV-0017858,C00162,2026-03-05,EMAIL,R. Salazar,PROMISE_TO_PAY,2026-04-11
ACT-0004241,INV-0020316,C00186,2025-09-24,EMAIL,N. Espinoza,NO_ANSWER,
ACT-0004242,INV-0020316,C00186,2025-09-03,EMAIL,N. Espinoza,NO_ANSWER,
ACT-0004243,INV-0020316,C00186,2025-09-26,EMAIL,N. Espinoza,DISPUTE_RAISED,
ACT-0004244,INV-0020316,C00186,2025-11-26,EMAIL,N. Espinoza,DISPUTE_RAISED,
ACT-0004245,INV-0018873,C00172,2026-01-14,EMAIL,T. Rivas,PROMISE_TO_PAY,2026-02-13
ACT-0004246,INV-0007995,C00069,2025-10-12,EMAIL,F. Zamora,PAYMENT_CONFIRMED,
ACT-0004247,INV-0000629,C00006,2026-02-15,EMAIL,P. Ibarra,PAYMENT_CONFIRMED,
ACT-0004248,INV-0000629,C00006,2026-02-19,CALL,P. Ibarra,PAYMENT_CONFIRMED,
ACT-0004249,INV-0000629,C00006,2026-03-04,CALL,P. Ibarra,INFO_REQUESTED,
ACT-0004250,INV-0020932,C00192,2026-03-03,STATEMENT,C. Fuentes,DISPUTE_RAISED,
ACT-0004251,INV-0020932,C00192,2026-02-03,EMAIL,C. Fuentes,PAYMENT_CONFIRMED,
ACT-0004252,INV-0020932,C00192,2026-01-05,EMAIL,C. Fuentes,INFO_REQUESTED,
ACT-0004253,INV-0020932,C00192,2026-03-26,CALL,C. Fuentes,PROMISE_TO_PAY,2026-04-13
ACT-0004254,INV-0007301,C00063,2025-12-26,EMAIL,C. Fuentes,INFO_REQUESTED,
ACT-0004255,INV-0007301,C00063,2025-12-08,EMAIL,C. Fuentes,PROMISE_TO_PAY,2026-01-10
ACT-0004256,INV-0007301,C00063,2025-11-23,EMAIL,C. Fuentes,PROMISE_TO_PAY,2025-12-13
ACT-0004257,INV-0007301,C00063,2026-02-13,ESCALATION,C. Fuentes,PROMISE_TO_PAY,2026-03-16
ACT-0004258,INV-0005486,C00048,2025-07-29,EMAIL,T. Rivas,PROMISE_TO_PAY,2025-09-02
ACT-0004259,INV-0005486,C00048,2025-08-09,EMAIL,T. Rivas,PROMISE_TO_PAY,2025-08-31
ACT-0004260,INV-0005486,C00048,2025-08-31,CALL,T. Rivas,NO_ANSWER,
ACT-0004261,INV-0005486,C00048,2025-09-18,EMAIL,T. Rivas,PROMISE_TO_PAY,2025-10-23
ACT-0004262,INV-0012466,C00110,2025-09-08,ESCALATION,M. Contreras,DISPUTE_RAISED,
ACT-0004263,INV-0025167,C00233,2026-03-24,EMAIL,R. Salazar,PROMISE_TO_PAY,2026-04-27
ACT-0004264,INV-0026628,C00247,2026-06-20,EMAIL,P. Ibarra,NO_ANSWER,
ACT-0004265,INV-0003594,C00032,2025-10-28,STATEMENT,N. Espinoza,INFO_REQUESTED,
ACT-0004266,INV-0003594,C00032,2025-11-07,STATEMENT,N. Espinoza,PROMISE_TO_PAY,2025-12-15
ACT-0004267,INV-0003594,C00032,2025-08-30,STATEMENT,N. Espinoza,DISPUTE_RAISED,
ACT-0004268,INV-0024139,C00223,2026-03-06,EMAIL,P. Ibarra,PAYMENT_CONFIRMED,
ACT-0004269,INV-0024139,C00223,2026-01-28,CALL,P. Ibarra,PROMISE_TO_PAY,2026-02-22
ACT-0004270,INV-0009434,C00081,2026-05-29,CALL,T. Rivas,PAYMENT_CONFIRMED,
ACT-0004271,INV-0015015,C00134,2025-12-17,CALL,V. Cardenas,INFO_REQUESTED,
ACT-0004272,INV-0017936,C00163,2025-12-12,STATEMENT,A. Reyes,NO_ANSWER,
ACT-0004273,INV-0017936,C00163,2025-12-16,STATEMENT,A. Reyes,PROMISE_TO_PAY,2025-12-24
ACT-0004274,INV-0017936,C00163,2025-11-28,CALL,A. Reyes,INFO_REQUESTED,
ACT-0004275,INV-0001798,C00016,2025-10-09,EMAIL,N. Espinoza,PROMISE_TO_PAY,2025-10-25
ACT-0004276,INV-0001798,C00016,2025-10-08,CALL,N. Espinoza,INFO_REQUESTED,
ACT-0004277,INV-0001798,C00016,2025-10-22,STATEMENT,N. Espinoza,PAYMENT_CONFIRMED,
ACT-0004278,INV-0001798,C00016,2026-01-09,STATEMENT,N. Espinoza,NO_ANSWER,
ACT-0004279,INV-0008990,C00078,2025-05-13,EMAIL,C. Fuentes,DISPUTE_RAISED,
ACT-0004280,INV-0008990,C00078,2025-04-16,CALL,C. Fuentes,PROMISE_TO_PAY,2025-05-07
ACT-0004281,INV-0008990,C00078,2025-07-16,EMAIL,C. Fuentes,PAYMENT_CONFIRMED,
ACT-0004282,INV-0027345,C00255,2025-04-07,EMAIL,J. Villalobos,INFO_REQUESTED,
ACT-0004283,INV-0027345,C00255,2025-04-02,EMAIL,J. Villalobos,PROMISE_TO_PAY,2025-04-24
ACT-0004284,INV-0027345,C00255,2025-05-20,EMAIL,J. Villalobos,NO_ANSWER,
ACT-0004285,INV-0027345,C00255,2025-06-13,STATEMENT,J. Villalobos,PAYMENT_CONFIRMED,
ACT-0004286,INV-0005053,C00044,2026-06-12,CALL,B. Quintana,PROMISE_TO_PAY,2026-06-20
ACT-0004287,INV-0001180,C00011,2025-10-08,EMAIL,R. Salazar,PROMISE_TO_PAY,2025-11-01
ACT-0004288,INV-0028018,C00261,2025-10-07,ESCALATION,P. Ibarra,NO_ANSWER,
ACT-0004289,INV-0025456,C00236,2026-03-25,CALL,F. Zamora,INFO_REQUESTED,
ACT-0004290,INV-0021732,C00200,2025-05-24,STATEMENT,S. Duarte,PROMISE_TO_PAY,2025-06-04
ACT-0004291,INV-0012355,C00109,2025-08-25,CALL,T. Rivas,DISPUTE_RAISED,
ACT-0004292,INV-0001181,C00011,2025-09-23,CALL,R. Salazar,PROMISE_TO_PAY,2025-10-05
ACT-0004293,INV-0001181,C00011,2025-09-04,STATEMENT,R. Salazar,DISPUTE_RAISED,
ACT-0004294,INV-0001181,C00011,2025-11-22,CALL,R. Salazar,PAYMENT_CONFIRMED,
ACT-0004295,INV-0025977,C00241,2026-05-01,EMAIL,S. Duarte,NO_ANSWER,
ACT-0004296,INV-0015694,C00141,2025-08-01,CALL,B. Quintana,PROMISE_TO_PAY,2025-08-21
ACT-0004297,INV-0015694,C00141,2025-09-08,EMAIL,B. Quintana,NO_ANSWER,
ACT-0004298,INV-0020664,C00189,2026-06-21,STATEMENT,M. Contreras,PROMISE_TO_PAY,2026-07-03
ACT-0004299,INV-0029423,C00279,2025-05-25,EMAIL,T. Rivas,NO_ANSWER,
ACT-0004300,INV-0029423,C00279,2025-05-10,EMAIL,T. Rivas,NO_ANSWER,
ACT-0004301,INV-0025221,C00234,2025-08-06,EMAIL,V. Cardenas,PAYMENT_CONFIRMED,
ACT-0004302,INV-0006394,C00055,2026-05-21,EMAIL,B. Quintana,NO_ANSWER,
ACT-0004303,INV-0006394,C00055,2026-06-28,EMAIL,B. Quintana,NO_ANSWER,
ACT-0004304,INV-0006394,C00055,2026-04-28,ESCALATION,B. Quintana,NO_ANSWER,
ACT-0004305,INV-0022088,C00203,2026-04-07,EMAIL,R. Salazar,PROMISE_TO_PAY,2026-05-13
ACT-0004306,INV-0022088,C00203,2026-01-30,EMAIL,R. Salazar,DISPUTE_RAISED,
ACT-0004307,INV-0012812,C00113,2026-02-22,EMAIL,C. Fuentes,NO_ANSWER,
ACT-0004308,INV-0012812,C00113,2026-02-20,EMAIL,C. Fuentes,PROMISE_TO_PAY,2026-03-11
ACT-0004309,INV-0005991,C00052,2026-01-06,EMAIL,C. Fuentes,PAYMENT_CONFIRMED,
ACT-0004310,INV-0002152,C00019,2026-03-05,EMAIL,C. Fuentes,INFO_REQUESTED,
ACT-0004311,INV-0002152,C00019,2026-03-07,EMAIL,C. Fuentes,INFO_REQUESTED,
ACT-0004312,INV-0002152,C00019,2026-03-27,EMAIL,C. Fuentes,PROMISE_TO_PAY,2026-05-02
ACT-0004313,INV-0002152,C00019,2026-02-12,EMAIL,C. Fuentes,INFO_REQUESTED,
ACT-0004314,INV-0008875,C00077,2025-06-12,STATEMENT,P. Ibarra,PROMISE_TO_PAY,2025-06-17
ACT-0004315,INV-0008875,C00077,2025-06-25,STATEMENT,P. Ibarra,NO_ANSWER,
ACT-0004316,INV-0008875,C00077,2025-06-26,ESCALATION,P. Ibarra,NO_ANSWER,
ACT-0004317,INV-0008875,C00077,2025-06-28,CALL,P. Ibarra,NO_ANSWER,
ACT-0004318,INV-0020942,C00192,2026-04-13,ESCALATION,C. Fuentes,PROMISE_TO_PAY,2026-05-11
ACT-0004319,INV-0020942,C00192,2026-03-26,EMAIL,C. Fuentes,NO_ANSWER,
ACT-0004320,INV-0020942,C00192,2026-04-02,EMAIL,C. Fuentes,NO_ANSWER,
ACT-0004321,INV-0020942,C00192,2026-03-23,CALL,C. Fuentes,NO_ANSWER,
ACT-0004322,INV-0009008,C00078,2025-09-12,EMAIL,C. Fuentes,INFO_REQUESTED,
ACT-0004323,INV-0009008,C00078,2025-10-20,CALL,C. Fuentes,PROMISE_TO_PAY,2025-10-25
ACT-0004324,INV-0009008,C00078,2025-10-16,STATEMENT,C. Fuentes,PROMISE_TO_PAY,2025-11-02
ACT-0004325,INV-0024524,C00227,2025-11-12,CALL,L. Moreno,PROMISE_TO_PAY,2025-11-28
ACT-0004326,INV-0024524,C00227,2025-10-12,EMAIL,L. Moreno,PROMISE_TO_PAY,2025-11-08
ACT-0004327,INV-0003011,C00027,2025-07-11,CALL,L. Moreno,PROMISE_TO_PAY,2025-08-03
ACT-0004328,INV-0009545,C00082,2026-04-04,EMAIL,R. Salazar,NO_ANSWER,
ACT-0004329,INV-0009545,C00082,2026-03-06,EMAIL,R. Salazar,PAYMENT_CONFIRMED,
ACT-0004330,INV-0017016,C00154,2026-02-03,EMAIL,J. Villalobos,INFO_REQUESTED,
ACT-0004331,INV-0017016,C00154,2026-02-22,CALL,J. Villalobos,INFO_REQUESTED,
ACT-0004332,INV-0017016,C00154,2026-05-03,EMAIL,J. Villalobos,PROMISE_TO_PAY,2026-05-22
ACT-0004333,INV-0003286,C00029,2026-03-12,EMAIL,C. Fuentes,PROMISE_TO_PAY,2026-04-09
ACT-0004334,INV-0003286,C00029,2026-05-24,EMAIL,C. Fuentes,PROMISE_TO_PAY,2026-05-31
ACT-0004335,INV-0003286,C00029,2026-03-29,EMAIL,C. Fuentes,PAYMENT_CONFIRMED,
ACT-0004336,INV-0003286,C00029,2026-04-30,EMAIL,C. Fuentes,INFO_REQUESTED,
ACT-0004337,INV-0009647,C00083,2025-12-30,EMAIL,R. Salazar,DISPUTE_RAISED,
ACT-0004338,INV-0008587,C00074,2026-05-17,STATEMENT,L. Moreno,PROMISE_TO_PAY,2026-05-24
ACT-0004339,INV-0012221,C00107,2026-05-24,CALL,D. Aguilar,PROMISE_TO_PAY,2026-06-10
ACT-0004340,INV-0000042,C00001,2025-12-11,CALL,B. Quintana,PROMISE_TO_PAY,2026-01-06
ACT-0004341,INV-0000042,C00001,2025-11-01,EMAIL,B. Quintana,DISPUTE_RAISED,
ACT-0004342,INV-0000042,C00001,2025-10-05,EMAIL,B. Quintana,INFO_REQUESTED,
ACT-0004343,INV-0000042,C00001,2025-12-09,CALL,B. Quintana,PROMISE_TO_PAY,2026-01-05
ACT-0004344,INV-0027316,C00254,2026-03-29,ESCALATION,A. Reyes,NO_ANSWER,
ACT-0004345,INV-0020225,C00185,2025-09-08,EMAIL,R. Salazar,PROMISE_TO_PAY,2025-10-15
ACT-0004346,INV-0017061,C00155,2025-05-15,EMAIL,J. Villalobos,PAYMENT_CONFIRMED,
ACT-0004347,INV-0017061,C00155,2025-05-08,EMAIL,J. Villalobos,PROMISE_TO_PAY,2025-05-21
ACT-0004348,INV-0017061,C00155,2025-05-06,EMAIL,J. Villalobos,INFO_REQUESTED,
ACT-0004349,INV-0017061,C00155,2025-05-18,CALL,J. Villalobos,PROMISE_TO_PAY,2025-05-27
ACT-0004350,INV-0014624,C00131,2025-04-08,CALL,P. Ibarra,INFO_REQUESTED,
ACT-0004351,INV-0007261,C00063,2025-07-09,CALL,C. Fuentes,PROMISE_TO_PAY,2025-07-27
ACT-0004352,INV-0007261,C00063,2025-07-23,EMAIL,C. Fuentes,PAYMENT_CONFIRMED,
ACT-0004353,INV-0007261,C00063,2025-10-13,CALL,C. Fuentes,PROMISE_TO_PAY,2025-10-29
ACT-0004354,INV-0002176,C00019,2026-06-03,CALL,C. Fuentes,PROMISE_TO_PAY,2026-07-05
ACT-0004355,INV-0014484,C00129,2026-04-18,EMAIL,S. Duarte,NO_ANSWER,
ACT-0004356,INV-0004530,C00040,2025-08-29,EMAIL,S. Duarte,NO_ANSWER,
ACT-0004357,INV-0023295,C00215,2025-12-09,ESCALATION,M. Contreras,NO_ANSWER,
ACT-0004358,INV-0005088,C00045,2025-06-09,STATEMENT,S. Duarte,PROMISE_TO_PAY,2025-07-15
ACT-0004359,INV-0001882,C00017,2025-03-23,CALL,D. Aguilar,PAYMENT_CONFIRMED,
ACT-0004360,INV-0001882,C00017,2025-05-08,CALL,D. Aguilar,PAYMENT_CONFIRMED,
ACT-0004361,INV-0001882,C00017,2025-04-16,EMAIL,D. Aguilar,INFO_REQUESTED,
ACT-0004362,INV-0001882,C00017,2025-06-27,EMAIL,D. Aguilar,PROMISE_TO_PAY,2025-07-05
ACT-0004363,INV-0030808,C00298,2026-04-30,EMAIL,N. Espinoza,NO_ANSWER,
ACT-0004364,INV-0018237,C00166,2026-01-02,STATEMENT,T. Rivas,INFO_REQUESTED,
ACT-0004365,INV-0001938,C00017,2026-02-10,EMAIL,D. Aguilar,PROMISE_TO_PAY,2026-03-09
ACT-0004366,INV-0015210,C00136,2026-01-17,EMAIL,B. Quintana,INFO_REQUESTED,
ACT-0004367,INV-0015210,C00136,2026-03-12,EMAIL,B. Quintana,NO_ANSWER,
ACT-0004368,INV-0015210,C00136,2026-02-23,EMAIL,B. Quintana,PROMISE_TO_PAY,2026-03-26
ACT-0004369,INV-0021884,C00201,2026-02-04,EMAIL,L. Moreno,NO_ANSWER,
ACT-0004370,INV-0021884,C00201,2026-01-23,ESCALATION,L. Moreno,NO_ANSWER,
ACT-0004371,INV-0021884,C00201,2026-02-05,EMAIL,L. Moreno,INFO_REQUESTED,
ACT-0004372,INV-0021884,C00201,2025-12-20,CALL,L. Moreno,NO_ANSWER,
ACT-0004373,INV-0027787,C00259,2025-09-22,STATEMENT,A. Reyes,NO_ANSWER,
ACT-0004374,INV-0027787,C00259,2025-08-16,CALL,A. Reyes,NO_ANSWER,
ACT-0004375,INV-0027787,C00259,2025-08-27,CALL,A. Reyes,PAYMENT_CONFIRMED,
ACT-0004376,INV-0027787,C00259,2025-09-01,EMAIL,A. Reyes,INFO_REQUESTED,
ACT-0004377,INV-0020844,C00191,2026-05-14,CALL,T. Rivas,PROMISE_TO_PAY,2026-05-26
ACT-0004378,INV-0015941,C00143,2026-06-26,CALL,P. Ibarra,DISPUTE_RAISED,
ACT-0004379,INV-0027498,C00256,2026-01-29,EMAIL,J. Villalobos,INFO_REQUESTED,
ACT-0004380,INV-0027498,C00256,2025-12-30,CALL,J. Villalobos,PROMISE_TO_PAY,2026-01-07
ACT-0004381,INV-0027498,C00256,2026-01-28,CALL,J. Villalobos,DISPUTE_RAISED,
ACT-0004382,INV-0027498,C00256,2026-02-17,STATEMENT,J. Villalobos,PROMISE_TO_PAY,2026-03-22
ACT-0004383,INV-0026969,C00251,2025-08-11,CALL,N. Espinoza,PAYMENT_CONFIRMED,
ACT-0004384,INV-0027374,C00255,2025-10-01,CALL,J. Villalobos,INFO_REQUESTED,
ACT-0004385,INV-0027374,C00255,2025-08-29,STATEMENT,J. Villalobos,NO_ANSWER,
ACT-0004386,INV-0027374,C00255,2025-09-10,EMAIL,J. Villalobos,PROMISE_TO_PAY,2025-09-26
ACT-0004387,INV-0027374,C00255,2025-08-28,STATEMENT,J. Villalobos,PAYMENT_CONFIRMED,
ACT-0004388,INV-0013237,C00117,2026-02-11,EMAIL,C. Fuentes,PROMISE_TO_PAY,2026-02-23
ACT-0004389,INV-0007977,C00069,2025-08-07,STATEMENT,F. Zamora,PROMISE_TO_PAY,2025-08-30
ACT-0004390,INV-0007977,C00069,2025-08-26,CALL,F. Zamora,PROMISE_TO_PAY,2025-09-21
ACT-0004391,INV-0018651,C00170,2025-12-12,EMAIL,B. Quintana,INFO_REQUESTED,
ACT-0004392,INV-0018651,C00170,2026-01-18,STATEMENT,B. Quintana,INFO_REQUESTED,
ACT-0004393,INV-0011814,C00103,2026-02-06,EMAIL,P. Ibarra,INFO_REQUESTED,
ACT-0004394,INV-0011814,C00103,2026-02-25,ESCALATION,P. Ibarra,INFO_REQUESTED,
ACT-0004395,INV-0011814,C00103,2026-03-03,STATEMENT,P. Ibarra,NO_ANSWER,
ACT-0004396,INV-0011814,C00103,2026-01-20,STATEMENT,P. Ibarra,NO_ANSWER,
ACT-0004397,INV-0027762,C00259,2025-04-01,EMAIL,A. Reyes,PAYMENT_CONFIRMED,
ACT-0004398,INV-0027762,C00259,2025-03-30,ESCALATION,A. Reyes,NO_ANSWER,
ACT-0004399,INV-0027762,C00259,2025-05-20,CALL,A. Reyes,DISPUTE_RAISED,
ACT-0004400,INV-0001457,C00013,2025-10-26,STATEMENT,M. Contreras,DISPUTE_RAISED,
ACT-0004401,INV-0001457,C00013,2025-11-26,CALL,M. Contreras,NO_ANSWER,
ACT-0004402,INV-0001457,C00013,2025-11-28,STATEMENT,M. Contreras,NO_ANSWER,
ACT-0004403,INV-0001457,C00013,2026-02-16,ESCALATION,M. Contreras,DISPUTE_RAISED,
ACT-0004404,INV-0002637,C00024,2025-06-03,EMAIL,C. Fuentes,INFO_REQUESTED,
ACT-0004405,INV-0002637,C00024,2025-05-15,CALL,C. Fuentes,NO_ANSWER,
ACT-0004406,INV-0017189,C00156,2025-04-27,CALL,T. Rivas,PROMISE_TO_PAY,2025-06-05
ACT-0004407,INV-0017189,C00156,2025-04-15,CALL,T. Rivas,PROMISE_TO_PAY,2025-05-09
ACT-0004408,INV-0017189,C00156,2025-06-12,EMAIL,T. Rivas,PROMISE_TO_PAY,2025-06-22
ACT-0004409,INV-0017189,C00156,2025-06-19,STATEMENT,T. Rivas,NO_ANSWER,
ACT-0004410,INV-0004976,C00044,2025-07-14,STATEMENT,B. Quintana,DISPUTE_RAISED,
ACT-0004411,INV-0004976,C00044,2025-06-28,CALL,B. Quintana,INFO_REQUESTED,
ACT-0004412,INV-0004976,C00044,2025-08-18,EMAIL,B. Quintana,NO_ANSWER,
ACT-0004413,INV-0004976,C00044,2025-07-11,EMAIL,B. Quintana,PROMISE_TO_PAY,2025-07-29
ACT-0004414,INV-0023059,C00213,2025-09-23,CALL,J. Villalobos,NO_ANSWER,
ACT-0004415,INV-0023059,C00213,2025-08-10,EMAIL,J. Villalobos,PAYMENT_CONFIRMED,
ACT-0004416,INV-0000836,C00008,2025-08-11,STATEMENT,V. Cardenas,PAYMENT_CONFIRMED,
ACT-0004417,INV-0015323,C00137,2025-12-26,EMAIL,V. Cardenas,PROMISE_TO_PAY,2026-01-17
ACT-0004418,INV-0015323,C00137,2025-10-29,ESCALATION,V. Cardenas,PAYMENT_CONFIRMED,
ACT-0004419,INV-0015323,C00137,2025-12-24,CALL,V. Cardenas,PAYMENT_CONFIRMED,
ACT-0004420,INV-0009899,C00085,2026-06-11,EMAIL,C. Fuentes,NO_ANSWER,
ACT-0004421,INV-0009899,C00085,2026-06-06,ESCALATION,C. Fuentes,INFO_REQUESTED,
ACT-0004422,INV-0000116,C00002,2025-04-16,EMAIL,G. Montoya,PROMISE_TO_PAY,2025-05-10
ACT-0004423,INV-0000116,C00002,2025-06-05,EMAIL,G. Montoya,NO_ANSWER,
ACT-0004424,INV-0020050,C00183,2026-04-07,EMAIL,F. Zamora,PROMISE_TO_PAY,2026-05-04
ACT-0004425,INV-0020050,C00183,2026-03-22,EMAIL,F. Zamora,DISPUTE_RAISED,
ACT-0004426,INV-0010026,C00086,2026-05-19,STATEMENT,J. Villalobos,PAYMENT_CONFIRMED,
ACT-0004427,INV-0010026,C00086,2026-05-11,CALL,J. Villalobos,PAYMENT_CONFIRMED,
ACT-0004428,INV-0010026,C00086,2026-06-09,EMAIL,J. Villalobos,NO_ANSWER,
ACT-0004429,INV-0009365,C00081,2025-09-22,CALL,T. Rivas,INFO_REQUESTED,
ACT-0004430,INV-0009365,C00081,2025-09-19,CALL,T. Rivas,PROMISE_TO_PAY,2025-10-20
ACT-0004431,INV-0009365,C00081,2025-09-18,STATEMENT,T. Rivas,NO_ANSWER,
ACT-0004432,INV-0019691,C00180,2025-07-08,EMAIL,V. Cardenas,PROMISE_TO_PAY,2025-08-10
ACT-0004433,INV-0019691,C00180,2025-05-20,EMAIL,V. Cardenas,DISPUTE_RAISED,
ACT-0004434,INV-0000077,C00001,2026-05-23,CALL,B. Quintana,PROMISE_TO_PAY,2026-06-15
ACT-0004435,INV-0016660,C00151,2025-04-05,STATEMENT,N. Espinoza,NO_ANSWER,
ACT-0004436,INV-0011232,C00097,2026-05-05,EMAIL,P. Ibarra,PROMISE_TO_PAY,2026-05-31
ACT-0004437,INV-0011232,C00097,2026-06-15,EMAIL,P. Ibarra,PAYMENT_CONFIRMED,
ACT-0004438,INV-0011232,C00097,2026-06-05,EMAIL,P. Ibarra,PAYMENT_CONFIRMED,
ACT-0004439,INV-0007888,C00068,2026-01-20,ESCALATION,C. Fuentes,NO_ANSWER,
ACT-0004440,INV-0007888,C00068,2026-01-23,CALL,C. Fuentes,PROMISE_TO_PAY,2026-02-05
ACT-0004441,INV-0007888,C00068,2026-02-06,CALL,C. Fuentes,INFO_REQUESTED,
ACT-0004442,INV-0007888,C00068,2026-03-21,EMAIL,C. Fuentes,NO_ANSWER,
ACT-0004443,INV-0030377,C00292,2026-06-24,CALL,N. Espinoza,PROMISE_TO_PAY,2026-07-04
ACT-0004444,INV-0016358,C00148,2025-04-24,EMAIL,V. Cardenas,PROMISE_TO_PAY,2025-05-26
ACT-0004445,INV-0016358,C00148,2025-04-19,EMAIL,V. Cardenas,PROMISE_TO_PAY,2025-05-25
ACT-0004446,INV-0016358,C00148,2025-07-26,STATEMENT,V. Cardenas,NO_ANSWER,
ACT-0004447,INV-0016358,C00148,2025-06-05,EMAIL,V. Cardenas,NO_ANSWER,
ACT-0004448,INV-0002716,C00024,2026-04-01,EMAIL,C. Fuentes,PROMISE_TO_PAY,2026-04-12
ACT-0004449,INV-0002716,C00024,2026-04-13,EMAIL,C. Fuentes,NO_ANSWER,
ACT-0004450,INV-0002716,C00024,2026-04-26,CALL,C. Fuentes,PROMISE_TO_PAY,2026-05-16
ACT-0004451,INV-0029011,C00273,2025-09-21,EMAIL,S. Duarte,DISPUTE_RAISED,
ACT-0004452,INV-0029011,C00273,2025-09-09,EMAIL,S. Duarte,PROMISE_TO_PAY,2025-10-14
ACT-0004453,INV-0029011,C00273,2025-10-29,ESCALATION,S. Duarte,PROMISE_TO_PAY,2025-11-04
ACT-0004454,INV-0005707,C00050,2025-04-25,EMAIL,A. Reyes,PROMISE_TO_PAY,2025-05-26
ACT-0004455,INV-0005707,C00050,2025-04-03,EMAIL,A. Reyes,NO_ANSWER,
ACT-0004456,INV-0005707,C00050,2025-04-11,EMAIL,A. Reyes,INFO_REQUESTED,
ACT-0004457,INV-0026615,C00247,2026-02-24,ESCALATION,P. Ibarra,PROMISE_TO_PAY,2026-03-03
ACT-0004458,INV-0026615,C00247,2026-03-29,EMAIL,P. Ibarra,INFO_REQUESTED,
ACT-0004459,INV-0026615,C00247,2026-02-10,EMAIL,P. Ibarra,PROMISE_TO_PAY,2026-03-07
ACT-0004460,INV-0026615,C00247,2026-05-01,CALL,P. Ibarra,NO_ANSWER,
ACT-0004461,INV-0027880,C00260,2025-07-08,CALL,F. Zamora,DISPUTE_RAISED,
ACT-0004462,INV-0027880,C00260,2025-05-23,CALL,F. Zamora,PROMISE_TO_PAY,2025-05-30
ACT-0004463,INV-0014709,C00131,2026-05-01,STATEMENT,P. Ibarra,PROMISE_TO_PAY,2026-05-30
ACT-0004464,INV-0014709,C00131,2026-05-12,EMAIL,P. Ibarra,DISPUTE_RAISED,
ACT-0004465,INV-0003059,C00027,2026-02-06,STATEMENT,L. Moreno,PROMISE_TO_PAY,2026-03-02
ACT-0004466,INV-0003059,C00027,2026-04-05,STATEMENT,L. Moreno,INFO_REQUESTED,
ACT-0004467,INV-0003059,C00027,2026-02-27,ESCALATION,L. Moreno,INFO_REQUESTED,
ACT-0004468,INV-0028852,C00271,2025-07-01,CALL,S. Duarte,INFO_REQUESTED,
ACT-0004469,INV-0028852,C00271,2025-08-29,EMAIL,S. Duarte,NO_ANSWER,
ACT-0004470,INV-0016969,C00154,2025-05-27,EMAIL,J. Villalobos,NO_ANSWER,
ACT-0004471,INV-0016969,C00154,2025-05-19,EMAIL,J. Villalobos,DISPUTE_RAISED,
ACT-0004472,INV-0016969,C00154,2025-07-04,CALL,J. Villalobos,NO_ANSWER,
ACT-0004473,INV-0028183,C00263,2025-03-20,EMAIL,S. Duarte,NO_ANSWER,
ACT-0004474,INV-0028183,C00263,2025-06-14,EMAIL,S. Duarte,PROMISE_TO_PAY,2025-07-01
ACT-0004475,INV-0028183,C00263,2025-05-31,CALL,S. Duarte,DISPUTE_RAISED,
ACT-0004476,INV-0028183,C00263,2025-05-05,CALL,S. Duarte,PAYMENT_CONFIRMED,
ACT-0004477,INV-0027104,C00252,2026-01-01,EMAIL,D. Aguilar,PROMISE_TO_PAY,2026-02-06
ACT-0004478,INV-0027104,C00252,2026-02-12,CALL,D. Aguilar,NO_ANSWER,
ACT-0004479,INV-0027104,C00252,2026-02-12,CALL,D. Aguilar,PROMISE_TO_PAY,2026-02-23
ACT-0004480,INV-0018887,C00172,2026-06-14,ESCALATION,T. Rivas,PAYMENT_CONFIRMED,
ACT-0004481,INV-0024884,C00230,2026-06-25,EMAIL,N. Espinoza,NO_ANSWER,
ACT-0004482,INV-0023432,C00216,2026-05-24,EMAIL,S. Duarte,NO_ANSWER,
ACT-0004483,INV-0025370,C00235,2026-06-14,CALL,S. Duarte,PROMISE_TO_PAY,2026-07-22
ACT-0004484,INV-0025370,C00235,2026-06-14,CALL,S. Duarte,PAYMENT_CONFIRMED,
ACT-0004485,INV-0025370,C00235,2026-05-27,EMAIL,S. Duarte,INFO_REQUESTED,
ACT-0004486,INV-0025370,C00235,2026-06-19,EMAIL,S. Duarte,NO_ANSWER,
ACT-0004487,INV-0024767,C00229,2026-03-28,EMAIL,B. Quintana,INFO_REQUESTED,
ACT-0004488,INV-0024767,C00229,2026-03-27,EMAIL,B. Quintana,PROMISE_TO_PAY,2026-04-28
ACT-0004489,INV-0024767,C00229,2026-05-21,CALL,B. Quintana,PROMISE_TO_PAY,2026-06-21
ACT-0004490,INV-0024767,C00229,2026-05-18,CALL,B. Quintana,PAYMENT_CONFIRMED,
ACT-0004491,INV-0023375,C00216,2025-07-22,EMAIL,S. Duarte,DISPUTE_RAISED,
ACT-0004492,INV-0023375,C00216,2025-08-23,CALL,S. Duarte,INFO_REQUESTED,
ACT-0004493,INV-0023375,C00216,2025-09-01,ESCALATION,S. Duarte,PROMISE_TO_PAY,2025-10-10
ACT-0004494,INV-0023375,C00216,2025-09-02,CALL,S. Duarte,DISPUTE_RAISED,
ACT-0004495,INV-0022061,C00203,2025-08-20,EMAIL,R. Salazar,DISPUTE_RAISED,
ACT-0004496,INV-0018739,C00171,2025-09-06,EMAIL,F. Zamora,PROMISE_TO_PAY,2025-09-22
ACT-0004497,INV-0018739,C00171,2025-08-29,CALL,F. Zamora,INFO_REQUESTED,
ACT-0004498,INV-0007581,C00065,2026-06-17,CALL,F. Zamora,NO_ANSWER,
ACT-0004499,INV-0004558,C00040,2026-01-31,STATEMENT,S. Duarte,NO_ANSWER,
ACT-0004500,INV-0004558,C00040,2026-01-30,CALL,S. Duarte,PROMISE_TO_PAY,2026-02-08
ACT-0004501,INV-0004558,C00040,2026-04-20,CALL,S. Duarte,INFO_REQUESTED,
ACT-0004502,INV-0002177,C00019,2026-05-09,EMAIL,C. Fuentes,PROMISE_TO_PAY,2026-06-13
ACT-0004503,INV-0002177,C00019,2026-06-24,STATEMENT,C. Fuentes,NO_ANSWER,
ACT-0004504,INV-0010438,C00090,2025-11-26,EMAIL,L. Moreno,PROMISE_TO_PAY,2025-12-06
ACT-0004505,INV-0010438,C00090,2025-11-24,EMAIL,L. Moreno,NO_ANSWER,
ACT-0004506,INV-0010438,C00090,2025-11-08,STATEMENT,L. Moreno,NO_ANSWER,
ACT-0004507,INV-0002462,C00022,2025-12-03,EMAIL,P. Ibarra,NO_ANSWER,
ACT-0004508,INV-0025704,C00239,2025-04-27,ESCALATION,B. Quintana,INFO_REQUESTED,
ACT-0004509,INV-0025704,C00239,2025-05-29,ESCALATION,B. Quintana,NO_ANSWER,
ACT-0004510,INV-0025704,C00239,2025-05-03,STATEMENT,B. Quintana,NO_ANSWER,
ACT-0004511,INV-0025704,C00239,2025-05-12,STATEMENT,B. Quintana,DISPUTE_RAISED,
ACT-0004512,INV-0003728,C00033,2026-03-02,EMAIL,L. Moreno,PAYMENT_CONFIRMED,
ACT-0004513,INV-0003728,C00033,2026-03-11,EMAIL,L. Moreno,PROMISE_TO_PAY,2026-04-07
ACT-0004514,INV-0023209,C00214,2026-06-15,EMAIL,S. Duarte,DISPUTE_RAISED,
ACT-0004515,INV-0023209,C00214,2026-06-05,STATEMENT,S. Duarte,PAYMENT_CONFIRMED,
ACT-0004516,INV-0008705,C00075,2026-02-13,CALL,D. Aguilar,DISPUTE_RAISED,
ACT-0004517,INV-0008705,C00075,2026-03-29,STATEMENT,D. Aguilar,INFO_REQUESTED,
ACT-0004518,INV-0008705,C00075,2026-04-22,EMAIL,D. Aguilar,NO_ANSWER,
ACT-0004519,INV-0003146,C00028,2025-10-31,EMAIL,G. Montoya,PROMISE_TO_PAY,2025-11-19
ACT-0004520,INV-0027579,C00257,2025-07-16,ESCALATION,G. Montoya,PROMISE_TO_PAY,2025-08-10
ACT-0004521,INV-0027579,C00257,2025-07-30,CALL,G. Montoya,NO_ANSWER,
ACT-0004522,INV-0027579,C00257,2025-09-29,CALL,G. Montoya,DISPUTE_RAISED,
ACT-0004523,INV-0015281,C00137,2025-06-13,EMAIL,V. Cardenas,PAYMENT_CONFIRMED,
ACT-0004524,INV-0015281,C00137,2025-04-16,EMAIL,V. Cardenas,PROMISE_TO_PAY,2025-05-09
ACT-0004525,INV-0015281,C00137,2025-04-22,EMAIL,V. Cardenas,PROMISE_TO_PAY,2025-05-25
ACT-0004526,INV-0015281,C00137,2025-05-08,EMAIL,V. Cardenas,PROMISE_TO_PAY,2025-05-28
ACT-0004527,INV-0002111,C00019,2025-07-29,EMAIL,C. Fuentes,PAYMENT_CONFIRMED,
ACT-0004528,INV-0002111,C00019,2025-08-10,STATEMENT,C. Fuentes,PROMISE_TO_PAY,2025-08-23
ACT-0004529,INV-0002111,C00019,2025-05-29,STATEMENT,C. Fuentes,PROMISE_TO_PAY,2025-06-09
ACT-0004530,INV-0027505,C00256,2026-01-01,CALL,J. Villalobos,NO_ANSWER,
ACT-0004531,INV-0027505,C00256,2026-03-11,CALL,J. Villalobos,NO_ANSWER,
ACT-0004532,INV-0027505,C00256,2026-03-09,EMAIL,J. Villalobos,INFO_REQUESTED,
ACT-0004533,INV-0027505,C00256,2026-03-01,CALL,J. Villalobos,NO_ANSWER,
ACT-0004534,INV-0019757,C00180,2026-05-19,STATEMENT,V. Cardenas,NO_ANSWER,
ACT-0004535,INV-0010108,C00087,2025-09-15,CALL,D. Aguilar,DISPUTE_RAISED,
ACT-0004536,INV-0010108,C00087,2025-11-29,CALL,D. Aguilar,PROMISE_TO_PAY,2026-01-04
ACT-0004537,INV-0010108,C00087,2025-12-05,CALL,D. Aguilar,PAYMENT_CONFIRMED,
ACT-0004538,INV-0021629,C00199,2025-02-17,CALL,V. Cardenas,NO_ANSWER,
ACT-0004539,INV-0000538,C00005,2026-04-12,STATEMENT,V. Cardenas,INFO_REQUESTED,
ACT-0004540,INV-0000538,C00005,2026-06-30,EMAIL,V. Cardenas,NO_ANSWER,
ACT-0004541,INV-0000538,C00005,2026-06-03,EMAIL,V. Cardenas,NO_ANSWER,
ACT-0004542,INV-0000538,C00005,2026-05-02,EMAIL,V. Cardenas,PAYMENT_CONFIRMED,
ACT-0004543,INV-0029242,C00276,2025-12-27,CALL,A. Reyes,PROMISE_TO_PAY,2026-01-13
ACT-0004544,INV-0014634,C00131,2025-04-25,EMAIL,P. Ibarra,PROMISE_TO_PAY,2025-05-27
ACT-0004545,INV-0014634,C00131,2025-04-28,ESCALATION,P. Ibarra,PROMISE_TO_PAY,2025-05-29
ACT-0004546,INV-0014634,C00131,2025-07-04,EMAIL,P. Ibarra,INFO_REQUESTED,
ACT-0004547,INV-0014634,C00131,2025-08-17,ESCALATION,P. Ibarra,INFO_REQUESTED,
ACT-0004548,INV-0020105,C00184,2025-09-21,EMAIL,L. Moreno,INFO_REQUESTED,
ACT-0004549,INV-0030743,C00297,2026-05-27,CALL,M. Contreras,PROMISE_TO_PAY,2026-06-30
ACT-0004550,INV-0018066,C00164,2026-05-04,EMAIL,P. Ibarra,PAYMENT_CONFIRMED,
ACT-0004551,INV-0009133,C00079,2025-10-08,EMAIL,B. Quintana,PROMISE_TO_PAY,2025-10-21
ACT-0004552,INV-0009133,C00079,2025-08-13,EMAIL,B. Quintana,PROMISE_TO_PAY,2025-08-29
ACT-0004553,INV-0026206,C00243,2026-06-28,CALL,F. Zamora,PAYMENT_CONFIRMED,
ACT-0004554,INV-0006344,C00055,2025-10-30,STATEMENT,B. Quintana,PROMISE_TO_PAY,2025-12-01
ACT-0004555,INV-0006344,C00055,2026-01-16,EMAIL,B. Quintana,NO_ANSWER,
ACT-0004556,INV-0006344,C00055,2025-12-04,EMAIL,B. Quintana,NO_ANSWER,
ACT-0004557,INV-0006344,C00055,2025-11-20,CALL,B. Quintana,DISPUTE_RAISED,
ACT-0004558,INV-0014299,C00127,2026-05-14,CALL,P. Ibarra,INFO_REQUESTED,
ACT-0004559,INV-0014299,C00127,2026-05-18,STATEMENT,P. Ibarra,PROMISE_TO_PAY,2026-06-04
ACT-0004560,INV-0025768,C00239,2026-04-06,STATEMENT,B. Quintana,PAYMENT_CONFIRMED,
ACT-0004561,INV-0025768,C00239,2026-03-20,ESCALATION,B. Quintana,NO_ANSWER,
ACT-0004562,INV-0025768,C00239,2026-03-03,EMAIL,B. Quintana,PROMISE_TO_PAY,2026-04-02
ACT-0004563,INV-0002047,C00018,2026-03-08,EMAIL,B. Quintana,DISPUTE_RAISED,
ACT-0004564,INV-0002047,C00018,2026-04-05,CALL,B. Quintana,PROMISE_TO_PAY,2026-04-19
ACT-0004565,INV-0002047,C00018,2026-02-26,ESCALATION,B. Quintana,NO_ANSWER,
ACT-0004566,INV-0002047,C00018,2026-03-22,CALL,B. Quintana,PROMISE_TO_PAY,2026-03-30
ACT-0004567,INV-0011566,C00101,2025-08-09,CALL,G. Montoya,PROMISE_TO_PAY,2025-08-29
ACT-0004568,INV-0011566,C00101,2025-08-02,EMAIL,G. Montoya,PAYMENT_CONFIRMED,
ACT-0004569,INV-0022898,C00211,2026-05-25,ESCALATION,D. Aguilar,PAYMENT_CONFIRMED,
ACT-0004570,INV-0007730,C00067,2025-06-10,CALL,A. Reyes,PAYMENT_CONFIRMED,
ACT-0004571,INV-0007730,C00067,2025-05-13,EMAIL,A. Reyes,PROMISE_TO_PAY,2025-05-28
ACT-0004572,INV-0003577,C00032,2025-05-02,EMAIL,N. Espinoza,PROMISE_TO_PAY,2025-05-11
ACT-0004573,INV-0003577,C00032,2025-06-29,EMAIL,N. Espinoza,INFO_REQUESTED,
ACT-0004574,INV-0004124,C00037,2025-05-12,ESCALATION,P. Ibarra,DISPUTE_RAISED,
ACT-0004575,INV-0004124,C00037,2025-06-24,EMAIL,P. Ibarra,NO_ANSWER,
ACT-0004576,INV-0004124,C00037,2025-05-28,EMAIL,P. Ibarra,PROMISE_TO_PAY,2025-06-11
ACT-0004577,INV-0015862,C00143,2025-06-09,EMAIL,P. Ibarra,PROMISE_TO_PAY,2025-06-22
ACT-0004578,INV-0015862,C00143,2025-05-05,CALL,P. Ibarra,INFO_REQUESTED,
ACT-0004579,INV-0015862,C00143,2025-04-15,EMAIL,P. Ibarra,INFO_REQUESTED,
ACT-0004580,INV-0015862,C00143,2025-07-11,CALL,P. Ibarra,NO_ANSWER,
ACT-0004581,INV-0025670,C00238,2026-03-10,CALL,A. Reyes,PROMISE_TO_PAY,2026-04-09
ACT-0004582,INV-0025670,C00238,2026-05-04,EMAIL,A. Reyes,NO_ANSWER,
ACT-0004583,INV-0025670,C00238,2026-03-26,EMAIL,A. Reyes,PROMISE_TO_PAY,2026-04-17
ACT-0004584,INV-0024113,C00223,2025-08-25,CALL,P. Ibarra,DISPUTE_RAISED,
ACT-0004585,INV-0024113,C00223,2025-10-10,STATEMENT,P. Ibarra,NO_ANSWER,
ACT-0004586,INV-0005360,C00047,2025-08-11,CALL,V. Cardenas,PROMISE_TO_PAY,2025-09-13
ACT-0004587,INV-0005360,C00047,2025-09-29,CALL,V. Cardenas,PROMISE_TO_PAY,2025-10-26
ACT-0004588,INV-0005360,C00047,2025-09-30,ESCALATION,V. Cardenas,INFO_REQUESTED,
ACT-0004589,INV-0005360,C00047,2025-10-02,CALL,V. Cardenas,PAYMENT_CONFIRMED,
ACT-0004590,INV-0017427,C00158,2025-11-27,EMAIL,T. Rivas,INFO_REQUESTED,
ACT-0004591,INV-0017427,C00158,2025-12-01,EMAIL,T. Rivas,PAYMENT_CONFIRMED,
ACT-0004592,INV-0017752,C00161,2026-01-06,CALL,S. Duarte,INFO_REQUESTED,
ACT-0004593,INV-0017752,C00161,2026-02-12,EMAIL,S. Duarte,PROMISE_TO_PAY,2026-03-23
ACT-0004594,INV-0017752,C00161,2026-01-27,STATEMENT,S. Duarte,NO_ANSWER,
ACT-0004595,INV-0017752,C00161,2026-02-28,EMAIL,S. Duarte,PAYMENT_CONFIRMED,
ACT-0004596,INV-0015495,C00139,2025-07-14,ESCALATION,V. Cardenas,PAYMENT_CONFIRMED,
ACT-0004597,INV-0015495,C00139,2025-08-14,CALL,V. Cardenas,PAYMENT_CONFIRMED,
ACT-0004598,INV-0015495,C00139,2025-06-26,STATEMENT,V. Cardenas,PAYMENT_CONFIRMED,
ACT-0004599,INV-0015495,C00139,2025-08-12,EMAIL,V. Cardenas,NO_ANSWER,
ACT-0004600,INV-0027107,C00252,2025-12-26,EMAIL,D. Aguilar,PAYMENT_CONFIRMED,
ACT-0004601,INV-0027107,C00252,2026-01-29,ESCALATION,D. Aguilar,DISPUTE_RAISED,
ACT-0004602,INV-0027107,C00252,2025-12-22,STATEMENT,D. Aguilar,PROMISE_TO_PAY,2025-12-28
ACT-0004603,INV-0017644,C00160,2025-11-11,CALL,B. Quintana,PROMISE_TO_PAY,2025-11-19
ACT-0004604,INV-0017644,C00160,2026-01-20,EMAIL,B. Quintana,NO_ANSWER,
ACT-0004605,INV-0017644,C00160,2025-12-11,EMAIL,B. Quintana,DISPUTE_RAISED,
ACT-0004606,INV-0016458,C00149,2025-03-14,EMAIL,V. Cardenas,DISPUTE_RAISED,
ACT-0004607,INV-0014323,C00128,2025-06-19,CALL,F. Zamora,PROMISE_TO_PAY,2025-07-27
ACT-0004608,INV-0014323,C00128,2025-05-21,CALL,F. Zamora,PAYMENT_CONFIRMED,
ACT-0004609,INV-0027618,C00257,2026-03-07,CALL,G. Montoya,NO_ANSWER,
ACT-0004610,INV-0018573,C00169,2026-03-11,EMAIL,T. Rivas,PROMISE_TO_PAY,2026-04-12
ACT-0004611,INV-0018573,C00169,2026-02-24,EMAIL,T. Rivas,PAYMENT_CONFIRMED,
ACT-0004612,INV-0018573,C00169,2026-03-23,ESCALATION,T. Rivas,PAYMENT_CONFIRMED,
ACT-0004613,INV-0018573,C00169,2026-03-16,CALL,T. Rivas,PROMISE_TO_PAY,2026-04-23
ACT-0004614,INV-0010370,C00089,2026-05-21,EMAIL,R. Salazar,PAYMENT_CONFIRMED,
ACT-0004615,INV-0027626,C00257,2026-04-04,STATEMENT,G. Montoya,DISPUTE_RAISED,
ACT-0004616,INV-0004420,C00039,2026-01-22,EMAIL,T. Rivas,PROMISE_TO_PAY,2026-02-02
ACT-0004617,INV-0004420,C00039,2026-02-01,EMAIL,T. Rivas,PAYMENT_CONFIRMED,
ACT-0004618,INV-0004420,C00039,2025-12-28,CALL,T. Rivas,NO_ANSWER,
ACT-0004619,INV-0020897,C00192,2025-08-27,CALL,C. Fuentes,DISPUTE_RAISED,
ACT-0004620,INV-0020897,C00192,2025-09-27,STATEMENT,C. Fuentes,PAYMENT_CONFIRMED,
ACT-0004621,INV-0020897,C00192,2025-10-04,STATEMENT,C. Fuentes,NO_ANSWER,
ACT-0004622,INV-0020897,C00192,2025-07-28,EMAIL,C. Fuentes,NO_ANSWER,
ACT-0004623,INV-0011426,C00099,2026-06-27,EMAIL,A. Reyes,PAYMENT_CONFIRMED,
ACT-0004624,INV-0006484,C00056,2026-03-10,CALL,G. Montoya,PROMISE_TO_PAY,2026-03-28
ACT-0004625,INV-0008010,C00069,2025-12-20,EMAIL,F. Zamora,NO_ANSWER,
ACT-0004626,INV-0006187,C00054,2025-07-03,CALL,G. Montoya,PAYMENT_CONFIRMED,
ACT-0004627,INV-0006187,C00054,2025-05-14,CALL,G. Montoya,PROMISE_TO_PAY,2025-06-20
ACT-0004628,INV-0006187,C00054,2025-08-05,EMAIL,G. Montoya,PROMISE_TO_PAY,2025-08-23
ACT-0004629,INV-0006187,C00054,2025-06-26,STATEMENT,G. Montoya,PAYMENT_CONFIRMED,
ACT-0004630,INV-0001891,C00017,2025-05-13,EMAIL,D. Aguilar,INFO_REQUESTED,
ACT-0004631,INV-0001891,C00017,2025-07-06,CALL,D. Aguilar,INFO_REQUESTED,
ACT-0004632,INV-0001891,C00017,2025-08-08,EMAIL,D. Aguilar,PROMISE_TO_PAY,2025-09-11
ACT-0004633,INV-0001891,C00017,2025-08-24,CALL,D. Aguilar,INFO_REQUESTED,
ACT-0004634,INV-0003512,C00031,2026-05-18,EMAIL,N. Espinoza,DISPUTE_RAISED,
ACT-0004635,INV-0003512,C00031,2026-05-15,EMAIL,N. Espinoza,PROMISE_TO_PAY,2026-05-25
ACT-0004636,INV-0007760,C00067,2025-11-06,CALL,A. Reyes,PROMISE_TO_PAY,2025-12-12
ACT-0004637,INV-0007760,C00067,2025-11-29,EMAIL,A. Reyes,DISPUTE_RAISED,
ACT-0004638,INV-0007760,C00067,2025-11-06,CALL,A. Reyes,INFO_REQUESTED,
ACT-0004639,INV-0009510,C00082,2025-10-17,STATEMENT,R. Salazar,NO_ANSWER,
ACT-0004640,INV-0009510,C00082,2025-12-21,STATEMENT,R. Salazar,PAYMENT_CONFIRMED,
ACT-0004641,INV-0009510,C00082,2025-11-14,CALL,R. Salazar,DISPUTE_RAISED,
ACT-0004642,INV-0022100,C00203,2026-06-21,CALL,R. Salazar,PAYMENT_CONFIRMED,
ACT-0004643,INV-0017679,C00160,2026-06-27,EMAIL,B. Quintana,DISPUTE_RAISED,
ACT-0004644,INV-0009059,C00078,2026-02-11,EMAIL,C. Fuentes,INFO_REQUESTED,
ACT-0004645,INV-0009059,C00078,2026-02-06,CALL,C. Fuentes,PAYMENT_CONFIRMED,
ACT-0004646,INV-0009059,C00078,2026-02-17,CALL,C. Fuentes,PAYMENT_CONFIRMED,
ACT-0004647,INV-0023882,C00221,2025-05-10,EMAIL,S. Duarte,PROMISE_TO_PAY,2025-05-25
ACT-0004648,INV-0023882,C00221,2025-06-28,EMAIL,S. Duarte,INFO_REQUESTED,
ACT-0004649,INV-0023882,C00221,2025-08-04,EMAIL,S. Duarte,NO_ANSWER,
ACT-0004650,INV-0007262,C00063,2025-08-03,EMAIL,C. Fuentes,PAYMENT_CONFIRMED,
ACT-0004651,INV-0007262,C00063,2025-09-02,CALL,C. Fuentes,NO_ANSWER,
ACT-0004652,INV-0007262,C00063,2025-09-05,EMAIL,C. Fuentes,PAYMENT_CONFIRMED,
ACT-0004653,INV-0018850,C00172,2025-11-04,EMAIL,T. Rivas,DISPUTE_RAISED,
ACT-0004654,INV-0018850,C00172,2026-01-09,EMAIL,T. Rivas,PAYMENT_CONFIRMED,
ACT-0004655,INV-0018850,C00172,2025-12-19,EMAIL,T. Rivas,INFO_REQUESTED,
ACT-0004656,INV-0018850,C00172,2026-02-08,EMAIL,T. Rivas,NO_ANSWER,
ACT-0004657,INV-0027791,C00259,2025-09-14,STATEMENT,A. Reyes,PROMISE_TO_PAY,2025-09-30
ACT-0004658,INV-0029535,C00280,2025-12-23,CALL,M. Contreras,NO_ANSWER,
ACT-0004659,INV-0016890,C00153,2025-09-14,ESCALATION,L. Moreno,PROMISE_TO_PAY,2025-09-22
ACT-0004660,INV-0016890,C00153,2025-09-09,CALL,L. Moreno,PROMISE_TO_PAY,2025-10-18
ACT-0004661,INV-0016890,C00153,2025-11-22,EMAIL,L. Moreno,DISPUTE_RAISED,
ACT-0004662,INV-0016890,C00153,2025-11-10,EMAIL,L. Moreno,PROMISE_TO_PAY,2025-12-10
ACT-0004663,INV-0002733,C00024,2026-06-15,EMAIL,C. Fuentes,DISPUTE_RAISED,
ACT-0004664,INV-0013875,C00123,2026-03-28,ESCALATION,V. Cardenas,PAYMENT_CONFIRMED,
ACT-0004665,INV-0013875,C00123,2026-05-19,CALL,V. Cardenas,PAYMENT_CONFIRMED,
ACT-0004666,INV-0001474,C00013,2026-03-22,EMAIL,M. Contreras,INFO_REQUESTED,
ACT-0004667,INV-0003854,C00034,2026-02-01,CALL,L. Moreno,PROMISE_TO_PAY,2026-03-08
ACT-0004668,INV-0003854,C00034,2026-02-03,CALL,L. Moreno,INFO_REQUESTED,
ACT-0004669,INV-0003854,C00034,2026-03-04,CALL,L. Moreno,NO_ANSWER,
ACT-0004670,INV-0003854,C00034,2026-03-18,EMAIL,L. Moreno,NO_ANSWER,
ACT-0004671,INV-0020623,C00189,2025-11-20,CALL,M. Contreras,PROMISE_TO_PAY,2025-11-30
ACT-0004672,INV-0020623,C00189,2025-10-26,EMAIL,M. Contreras,PROMISE_TO_PAY,2025-11-03
ACT-0004673,INV-0020623,C00189,2025-11-06,EMAIL,M. Contreras,INFO_REQUESTED,
ACT-0004674,INV-0020623,C00189,2025-11-30,CALL,M. Contreras,INFO_REQUESTED,
ACT-0004675,INV-0021536,C00198,2025-07-17,CALL,J. Villalobos,INFO_REQUESTED,
ACT-0004676,INV-0021536,C00198,2025-07-04,STATEMENT,J. Villalobos,PROMISE_TO_PAY,2025-07-24
ACT-0004677,INV-0021536,C00198,2025-07-12,EMAIL,J. Villalobos,NO_ANSWER,
ACT-0004678,INV-0027910,C00260,2025-12-08,CALL,F. Zamora,INFO_REQUESTED,
ACT-0004679,INV-0027910,C00260,2026-01-11,EMAIL,F. Zamora,PROMISE_TO_PAY,2026-02-04
ACT-0004680,INV-0027910,C00260,2026-01-29,ESCALATION,F. Zamora,NO_ANSWER,
ACT-0004681,INV-0027910,C00260,2025-11-19,CALL,F. Zamora,NO_ANSWER,
ACT-0004682,INV-0026484,C00246,2025-09-26,CALL,V. Cardenas,INFO_REQUESTED,
ACT-0004683,INV-0020430,C00187,2025-12-03,EMAIL,B. Quintana,DISPUTE_RAISED,
ACT-0004684,INV-0020430,C00187,2026-01-20,EMAIL,B. Quintana,INFO_REQUESTED,
ACT-0004685,INV-0003695,C00033,2025-05-27,EMAIL,L. Moreno,PAYMENT_CONFIRMED,
ACT-0004686,INV-0003695,C00033,2025-07-23,CALL,L. Moreno,NO_ANSWER,
ACT-0004687,INV-0003695,C00033,2025-07-10,CALL,L. Moreno,INFO_REQUESTED,
ACT-0004688,INV-0028309,C00264,2025-10-12,EMAIL,T. Rivas,PAYMENT_CONFIRMED,
ACT-0004689,INV-0028309,C00264,2025-09-26,CALL,T. Rivas,PROMISE_TO_PAY,2025-10-01
ACT-0004690,INV-0028309,C00264,2025-10-09,CALL,T. Rivas,PROMISE_TO_PAY,2025-11-02
ACT-0004691,INV-0028309,C00264,2025-11-15,CALL,T. Rivas,PROMISE_TO_PAY,2025-11-22
ACT-0004692,INV-0008996,C00078,2025-07-10,STATEMENT,C. Fuentes,INFO_REQUESTED,
ACT-0004693,INV-0008996,C00078,2025-07-11,EMAIL,C. Fuentes,INFO_REQUESTED,
ACT-0004694,INV-0008996,C00078,2025-08-28,CALL,C. Fuentes,NO_ANSWER,
ACT-0004695,INV-0008699,C00075,2026-04-19,EMAIL,D. Aguilar,INFO_REQUESTED,
ACT-0004696,INV-0018219,C00166,2025-07-14,CALL,T. Rivas,PAYMENT_CONFIRMED,
ACT-0004697,INV-0018219,C00166,2025-08-03,ESCALATION,T. Rivas,PROMISE_TO_PAY,2025-09-11
ACT-0004698,INV-0018219,C00166,2025-10-14,EMAIL,T. Rivas,INFO_REQUESTED,
ACT-0004699,INV-0018219,C00166,2025-10-05,CALL,T. Rivas,PROMISE_TO_PAY,2025-11-11
ACT-0004700,INV-0000076,C00001,2026-04-09,CALL,B. Quintana,NO_ANSWER,
ACT-0004701,INV-0000076,C00001,2026-04-16,ESCALATION,B. Quintana,NO_ANSWER,
ACT-0004702,INV-0000076,C00001,2026-06-30,EMAIL,B. Quintana,PAYMENT_CONFIRMED,
ACT-0004703,INV-0000076,C00001,2026-05-04,CALL,B. Quintana,INFO_REQUESTED,
ACT-0004704,INV-0000196,C00002,2026-04-27,EMAIL,G. Montoya,PROMISE_TO_PAY,2026-05-09
ACT-0004705,INV-0000196,C00002,2026-04-11,CALL,G. Montoya,NO_ANSWER,
ACT-0004706,INV-0026882,C00250,2025-10-05,EMAIL,P. Ibarra,DISPUTE_RAISED,
ACT-0004707,INV-0026882,C00250,2025-08-15,STATEMENT,P. Ibarra,PAYMENT_CONFIRMED,
ACT-0004708,INV-0026882,C00250,2025-10-21,CALL,P. Ibarra,PAYMENT_CONFIRMED,
ACT-0004709,INV-0026882,C00250,2025-10-05,STATEMENT,P. Ibarra,INFO_REQUESTED,
ACT-0004710,INV-0007102,C00061,2026-06-26,EMAIL,M. Contreras,DISPUTE_RAISED,
ACT-0004711,INV-0007102,C00061,2026-05-14,EMAIL,M. Contreras,INFO_REQUESTED,
ACT-0004712,INV-0007102,C00061,2026-05-25,EMAIL,M. Contreras,PROMISE_TO_PAY,2026-06-17
ACT-0004713,INV-0005338,C00047,2025-06-20,CALL,V. Cardenas,INFO_REQUESTED,
ACT-0004714,INV-0005338,C00047,2025-07-10,ESCALATION,V. Cardenas,PROMISE_TO_PAY,2025-07-22
ACT-0004715,INV-0005338,C00047,2025-06-03,STATEMENT,V. Cardenas,PROMISE_TO_PAY,2025-07-02
ACT-0004716,INV-0005654,C00049,2026-04-29,EMAIL,T. Rivas,PAYMENT_CONFIRMED,
ACT-0004717,INV-0005654,C00049,2026-04-23,EMAIL,T. Rivas,PROMISE_TO_PAY,2026-05-21
ACT-0004718,INV-0005654,C00049,2026-04-18,CALL,T. Rivas,PAYMENT_CONFIRMED,
ACT-0004719,INV-0005654,C00049,2026-03-29,EMAIL,T. Rivas,PROMISE_TO_PAY,2026-04-09
ACT-0004720,INV-0021357,C00196,2025-11-28,EMAIL,R. Salazar,DISPUTE_RAISED,
ACT-0004721,INV-0021357,C00196,2025-10-21,EMAIL,R. Salazar,PROMISE_TO_PAY,2025-11-12
ACT-0004722,INV-0021357,C00196,2026-01-28,CALL,R. Salazar,PAYMENT_CONFIRMED,
ACT-0004723,INV-0005342,C00047,2025-05-12,CALL,V. Cardenas,NO_ANSWER,
ACT-0004724,INV-0005342,C00047,2025-07-27,ESCALATION,V. Cardenas,INFO_REQUESTED,
ACT-0004725,INV-0005342,C00047,2025-07-24,CALL,V. Cardenas,PROMISE_TO_PAY,2025-08-29
ACT-0004726,INV-0025650,C00238,2026-02-04,CALL,A. Reyes,PROMISE_TO_PAY,2026-03-04
ACT-0004727,INV-0025650,C00238,2025-12-04,ESCALATION,A. Reyes,PROMISE_TO_PAY,2025-12-23
ACT-0004728,INV-0016429,C00148,2026-04-26,CALL,V. Cardenas,PROMISE_TO_PAY,2026-05-24
ACT-0004729,INV-0010545,C00091,2025-11-19,ESCALATION,L. Moreno,PROMISE_TO_PAY,2025-12-13
ACT-0004730,INV-0010545,C00091,2025-12-03,EMAIL,L. Moreno,PAYMENT_CONFIRMED,
ACT-0004731,INV-0026707,C00248,2026-03-20,ESCALATION,D. Aguilar,PAYMENT_CONFIRMED,
ACT-0004732,INV-0026707,C00248,2026-03-25,ESCALATION,D. Aguilar,PAYMENT_CONFIRMED,
ACT-0004733,INV-0011731,C00102,2026-05-03,EMAIL,N. Espinoza,INFO_REQUESTED,
ACT-0004734,INV-0011731,C00102,2026-05-27,EMAIL,N. Espinoza,PAYMENT_CONFIRMED,
ACT-0004735,INV-0020667,C00189,2026-06-28,CALL,M. Contreras,NO_ANSWER,
ACT-0004736,INV-0003614,C00032,2025-12-02,CALL,N. Espinoza,PAYMENT_CONFIRMED,
ACT-0004737,INV-0003614,C00032,2026-01-18,EMAIL,N. Espinoza,NO_ANSWER,
ACT-0004738,INV-0013136,C00116,2026-01-29,EMAIL,B. Quintana,NO_ANSWER,
ACT-0004739,INV-0013136,C00116,2026-02-23,EMAIL,B. Quintana,PROMISE_TO_PAY,2026-04-02
ACT-0004740,INV-0013136,C00116,2026-03-19,EMAIL,B. Quintana,PAYMENT_CONFIRMED,
ACT-0004741,INV-0010298,C00089,2025-09-04,CALL,R. Salazar,INFO_REQUESTED,
ACT-0004742,INV-0010298,C00089,2025-07-17,EMAIL,R. Salazar,PAYMENT_CONFIRMED,
ACT-0004743,INV-0010298,C00089,2025-08-14,EMAIL,R. Salazar,PROMISE_TO_PAY,2025-09-02
ACT-0004744,INV-0010298,C00089,2025-09-05,EMAIL,R. Salazar,NO_ANSWER,
ACT-0004745,INV-0002294,C00020,2026-06-10,STATEMENT,A. Reyes,NO_ANSWER,
ACT-0004746,INV-0016595,C00150,2025-10-17,EMAIL,J. Villalobos,NO_ANSWER,
ACT-0004747,INV-0010312,C00089,2025-10-12,EMAIL,R. Salazar,PROMISE_TO_PAY,2025-11-02
ACT-0004748,INV-0010312,C00089,2025-11-21,STATEMENT,R. Salazar,NO_ANSWER,
ACT-0004749,INV-0010312,C00089,2025-12-04,EMAIL,R. Salazar,NO_ANSWER,
ACT-0004750,INV-0022830,C00211,2025-08-14,STATEMENT,D. Aguilar,PAYMENT_CONFIRMED,
ACT-0004751,INV-0022830,C00211,2025-07-06,EMAIL,D. Aguilar,PROMISE_TO_PAY,2025-08-12
ACT-0004752,INV-0022830,C00211,2025-08-28,ESCALATION,D. Aguilar,PAYMENT_CONFIRMED,
ACT-0004753,INV-0025925,C00241,2025-06-03,CALL,S. Duarte,DISPUTE_RAISED,
ACT-0004754,INV-0025925,C00241,2025-06-04,EMAIL,S. Duarte,DISPUTE_RAISED,
ACT-0004755,INV-0021557,C00198,2025-09-22,STATEMENT,J. Villalobos,INFO_REQUESTED,
ACT-0004756,INV-0002901,C00026,2025-06-24,CALL,L. Moreno,INFO_REQUESTED,
ACT-0004757,INV-0002901,C00026,2025-07-28,CALL,L. Moreno,PROMISE_TO_PAY,2025-09-03
ACT-0004758,INV-0002901,C00026,2025-08-11,ESCALATION,L. Moreno,PROMISE_TO_PAY,2025-09-12
ACT-0004759,INV-0002901,C00026,2025-09-19,CALL,L. Moreno,NO_ANSWER,
ACT-0004760,INV-0028875,C00271,2026-01-07,EMAIL,S. Duarte,DISPUTE_RAISED,
ACT-0004761,INV-0028875,C00271,2025-12-10,EMAIL,S. Duarte,PAYMENT_CONFIRMED,
ACT-0004762,INV-0002107,C00019,2025-06-24,CALL,C. Fuentes,PAYMENT_CONFIRMED,
ACT-0004763,INV-0002107,C00019,2025-08-16,CALL,C. Fuentes,NO_ANSWER,
ACT-0004764,INV-0002107,C00019,2025-08-05,EMAIL,C. Fuentes,NO_ANSWER,
ACT-0004765,INV-0002107,C00019,2025-09-08,EMAIL,C. Fuentes,PAYMENT_CONFIRMED,
ACT-0004766,INV-0007375,C00064,2025-06-23,CALL,S. Duarte,PROMISE_TO_PAY,2025-07-04
ACT-0004767,INV-0006553,C00057,2025-09-03,CALL,J. Villalobos,PAYMENT_CONFIRMED,
ACT-0004768,INV-0022625,C00209,2025-07-29,EMAIL,D. Aguilar,NO_ANSWER,
ACT-0004769,INV-0022625,C00209,2025-10-17,EMAIL,D. Aguilar,NO_ANSWER,
ACT-0004770,INV-0022625,C00209,2025-10-10,STATEMENT,D. Aguilar,INFO_REQUESTED,
ACT-0004771,INV-0022625,C00209,2025-10-18,CALL,D. Aguilar,PROMISE_TO_PAY,2025-10-28
ACT-0004772,INV-0003825,C00034,2025-09-22,ESCALATION,L. Moreno,DISPUTE_RAISED,
ACT-0004773,INV-0003825,C00034,2025-11-26,EMAIL,L. Moreno,NO_ANSWER,
ACT-0004774,INV-0003825,C00034,2025-10-26,EMAIL,L. Moreno,NO_ANSWER,
ACT-0004775,INV-0003825,C00034,2025-11-08,CALL,L. Moreno,INFO_REQUESTED,
ACT-0004776,INV-0016409,C00148,2026-01-13,EMAIL,V. Cardenas,DISPUTE_RAISED,
ACT-0004777,INV-0016409,C00148,2026-01-15,CALL,V. Cardenas,PROMISE_TO_PAY,2026-02-16
ACT-0004778,INV-0016409,C00148,2026-02-11,CALL,V. Cardenas,PAYMENT_CONFIRMED,
ACT-0004779,INV-0016409,C00148,2026-03-29,CALL,V. Cardenas,PAYMENT_CONFIRMED,
ACT-0004780,INV-0013569,C00120,2026-05-11,EMAIL,D. Aguilar,INFO_REQUESTED,
ACT-0004781,INV-0025290,C00234,2026-06-22,EMAIL,V. Cardenas,PROMISE_TO_PAY,2026-07-22
ACT-0004782,INV-0007879,C00068,2025-11-30,CALL,C. Fuentes,PROMISE_TO_PAY,2025-12-20
ACT-0004783,INV-0007879,C00068,2025-11-09,CALL,C. Fuentes,INFO_REQUESTED,
ACT-0004784,INV-0007879,C00068,2025-11-24,CALL,C. Fuentes,PAYMENT_CONFIRMED,
ACT-0004785,INV-0008076,C00070,2025-05-15,EMAIL,B. Quintana,PAYMENT_CONFIRMED,
ACT-0004786,INV-0008076,C00070,2025-06-30,EMAIL,B. Quintana,NO_ANSWER,
ACT-0004787,INV-0008076,C00070,2025-05-28,CALL,B. Quintana,PROMISE_TO_PAY,2025-07-01
ACT-0004788,INV-0008076,C00070,2025-06-05,CALL,B. Quintana,DISPUTE_RAISED,
ACT-0004789,INV-0014115,C00126,2025-04-15,EMAIL,S. Duarte,PROMISE_TO_PAY,2025-05-15
ACT-0004790,INV-0014115,C00126,2025-06-08,EMAIL,S. Duarte,PROMISE_TO_PAY,2025-07-17
ACT-0004791,INV-0014115,C00126,2025-05-28,CALL,S. Duarte,PAYMENT_CONFIRMED,
ACT-0004792,INV-0009020,C00078,2025-10-20,EMAIL,C. Fuentes,PAYMENT_CONFIRMED,
ACT-0004793,INV-0009020,C00078,2025-11-02,EMAIL,C. Fuentes,PROMISE_TO_PAY,2025-11-26
ACT-0004794,INV-0009020,C00078,2025-12-11,STATEMENT,C. Fuentes,DISPUTE_RAISED,
ACT-0004795,INV-0019426,C00177,2026-03-24,EMAIL,J. Villalobos,INFO_REQUESTED,
ACT-0004796,INV-0019426,C00177,2026-04-12,ESCALATION,J. Villalobos,INFO_REQUESTED,
ACT-0004797,INV-0019426,C00177,2026-05-03,EMAIL,J. Villalobos,PAYMENT_CONFIRMED,
ACT-0004798,INV-0019426,C00177,2026-05-01,CALL,J. Villalobos,NO_ANSWER,
ACT-0004799,INV-0030595,C00295,2026-06-17,STATEMENT,R. Salazar,NO_ANSWER,
ACT-0004800,INV-0030595,C00295,2026-04-27,EMAIL,R. Salazar,PROMISE_TO_PAY,2026-05-09
ACT-0004801,INV-0030595,C00295,2026-06-10,STATEMENT,R. Salazar,NO_ANSWER,
ACT-0004802,INV-0001720,C00015,2026-05-27,EMAIL,D. Aguilar,PAYMENT_CONFIRMED,
ACT-0004803,INV-0001720,C00015,2026-06-16,CALL,D. Aguilar,NO_ANSWER,
ACT-0004804,INV-0020538,C00188,2026-01-03,CALL,D. Aguilar,PROMISE_TO_PAY,2026-02-02
ACT-0004805,INV-0020538,C00188,2026-03-06,CALL,D. Aguilar,PROMISE_TO_PAY,2026-03-19
ACT-0004806,INV-0020538,C00188,2026-03-06,CALL,D. Aguilar,PROMISE_TO_PAY,2026-04-12
ACT-0004807,INV-0020538,C00188,2026-03-08,EMAIL,D. Aguilar,PAYMENT_CONFIRMED,
ACT-0004808,INV-0008719,C00075,2026-04-26,CALL,D. Aguilar,PAYMENT_CONFIRMED,
ACT-0004809,INV-0001197,C00011,2025-11-02,ESCALATION,R. Salazar,PAYMENT_CONFIRMED,
ACT-0004810,INV-0001197,C00011,2026-01-03,EMAIL,R. Salazar,PROMISE_TO_PAY,2026-01-09
ACT-0004811,INV-0001197,C00011,2026-01-07,EMAIL,R. Salazar,INFO_REQUESTED,
ACT-0004812,INV-0028416,C00265,2025-09-24,EMAIL,F. Zamora,PAYMENT_CONFIRMED,
ACT-0004813,INV-0028416,C00265,2025-11-21,EMAIL,F. Zamora,PROMISE_TO_PAY,2025-12-18
ACT-0004814,INV-0028416,C00265,2025-12-19,EMAIL,F. Zamora,PROMISE_TO_PAY,2026-01-20
ACT-0004815,INV-0028416,C00265,2025-10-31,EMAIL,F. Zamora,INFO_REQUESTED,
ACT-0004816,INV-0013143,C00116,2026-03-02,STATEMENT,B. Quintana,PROMISE_TO_PAY,2026-04-05
ACT-0004817,INV-0013143,C00116,2026-03-08,CALL,B. Quintana,NO_ANSWER,
ACT-0004818,INV-0014665,C00131,2025-12-03,EMAIL,P. Ibarra,NO_ANSWER,
ACT-0004819,INV-0014665,C00131,2025-10-28,CALL,P. Ibarra,PAYMENT_CONFIRMED,
ACT-0004820,INV-0014665,C00131,2025-12-19,CALL,P. Ibarra,PROMISE_TO_PAY,2026-01-22
ACT-0004821,INV-0009960,C00086,2025-08-04,EMAIL,J. Villalobos,PAYMENT_CONFIRMED,
ACT-0004822,INV-0009960,C00086,2025-08-21,CALL,J. Villalobos,DISPUTE_RAISED,
ACT-0004823,INV-0009960,C00086,2025-08-07,EMAIL,J. Villalobos,NO_ANSWER,
ACT-0004824,INV-0009960,C00086,2025-11-15,STATEMENT,J. Villalobos,INFO_REQUESTED,
ACT-0004825,INV-0017577,C00159,2026-05-25,CALL,A. Reyes,PROMISE_TO_PAY,2026-06-28
ACT-0004826,INV-0017577,C00159,2026-05-12,EMAIL,A. Reyes,NO_ANSWER,
ACT-0004827,INV-0018958,C00173,2025-09-03,EMAIL,J. Villalobos,NO_ANSWER,
ACT-0004828,INV-0020540,C00188,2026-01-25,CALL,D. Aguilar,INFO_REQUESTED,
ACT-0004829,INV-0013340,C00118,2026-01-26,EMAIL,M. Contreras,NO_ANSWER,
ACT-0004830,INV-0013340,C00118,2025-12-23,EMAIL,M. Contreras,NO_ANSWER,
ACT-0004831,INV-0012898,C00114,2025-12-17,EMAIL,F. Zamora,PAYMENT_CONFIRMED,
ACT-0004832,INV-0012898,C00114,2025-11-11,EMAIL,F. Zamora,PROMISE_TO_PAY,2025-12-16
ACT-0004833,INV-0012898,C00114,2025-12-13,CALL,F. Zamora,INFO_REQUESTED,
ACT-0004834,INV-0025715,C00239,2025-06-30,EMAIL,B. Quintana,PROMISE_TO_PAY,2025-07-17
ACT-0004835,INV-0025715,C00239,2025-06-05,EMAIL,B. Quintana,PROMISE_TO_PAY,2025-07-04
ACT-0004836,INV-0025715,C00239,2025-05-13,EMAIL,B. Quintana,INFO_REQUESTED,
ACT-0004837,INV-0025715,C00239,2025-05-14,CALL,B. Quintana,DISPUTE_RAISED,
ACT-0004838,INV-0008590,C00074,2026-05-27,CALL,L. Moreno,PAYMENT_CONFIRMED,
ACT-0004839,INV-0013787,C00122,2026-06-03,STATEMENT,V. Cardenas,PAYMENT_CONFIRMED,
ACT-0004840,INV-0013787,C00122,2026-06-16,STATEMENT,V. Cardenas,PROMISE_TO_PAY,2026-07-13
ACT-0004841,INV-0004822,C00042,2026-04-08,STATEMENT,D. Aguilar,PROMISE_TO_PAY,2026-05-12
ACT-0004842,INV-0004822,C00042,2026-03-30,EMAIL,D. Aguilar,DISPUTE_RAISED,
ACT-0004843,INV-0004822,C00042,2026-04-11,STATEMENT,D. Aguilar,NO_ANSWER,
ACT-0004844,INV-0015316,C00137,2025-10-18,CALL,V. Cardenas,PROMISE_TO_PAY,2025-11-02
ACT-0004845,INV-0003840,C00034,2025-12-28,STATEMENT,L. Moreno,NO_ANSWER,
ACT-0004846,INV-0003840,C00034,2026-01-04,CALL,L. Moreno,DISPUTE_RAISED,
ACT-0004847,INV-0006480,C00056,2026-03-28,EMAIL,G. Montoya,INFO_REQUESTED,
ACT-0004848,INV-0006480,C00056,2026-01-15,STATEMENT,G. Montoya,NO_ANSWER,
ACT-0004849,INV-0006480,C00056,2026-02-10,CALL,G. Montoya,INFO_REQUESTED,
ACT-0004850,INV-0006480,C00056,2026-03-10,EMAIL,G. Montoya,INFO_REQUESTED,
ACT-0004851,INV-0000264,C00003,2025-07-28,CALL,V. Cardenas,NO_ANSWER,
ACT-0004852,INV-0000264,C00003,2025-08-12,EMAIL,V. Cardenas,PROMISE_TO_PAY,2025-09-15
ACT-0004853,INV-0000264,C00003,2025-08-11,ESCALATION,V. Cardenas,DISPUTE_RAISED,
ACT-0004854,INV-0015387,C00138,2025-06-09,CALL,N. Espinoza,NO_ANSWER,
ACT-0004855,INV-0015387,C00138,2025-06-30,STATEMENT,N. Espinoza,PROMISE_TO_PAY,2025-08-04
ACT-0004856,INV-0015387,C00138,2025-05-20,EMAIL,N. Espinoza,PAYMENT_CONFIRMED,
ACT-0004857,INV-0015387,C00138,2025-07-10,CALL,N. Espinoza,DISPUTE_RAISED,
ACT-0004858,INV-0002014,C00018,2025-08-15,EMAIL,B. Quintana,NO_ANSWER,
ACT-0004859,INV-0001038,C00010,2025-04-20,EMAIL,F. Zamora,PROMISE_TO_PAY,2025-05-01
ACT-0004860,INV-0001038,C00010,2025-06-12,CALL,F. Zamora,NO_ANSWER,
ACT-0004861,INV-0001038,C00010,2025-06-06,EMAIL,F. Zamora,PROMISE_TO_PAY,2025-06-12
ACT-0004862,INV-0020500,C00188,2025-08-29,EMAIL,D. Aguilar,PAYMENT_CONFIRMED,
ACT-0004863,INV-0020500,C00188,2025-07-17,STATEMENT,D. Aguilar,INFO_REQUESTED,
ACT-0004864,INV-0020500,C00188,2025-08-31,CALL,D. Aguilar,PROMISE_TO_PAY,2025-09-08
ACT-0004865,INV-0020500,C00188,2025-09-03,CALL,D. Aguilar,NO_ANSWER,
ACT-0004866,INV-0027802,C00259,2025-12-10,CALL,A. Reyes,NO_ANSWER,
ACT-0004867,INV-0027802,C00259,2025-11-18,EMAIL,A. Reyes,PROMISE_TO_PAY,2025-12-05
ACT-0004868,INV-0027802,C00259,2025-11-25,EMAIL,A. Reyes,PROMISE_TO_PAY,2025-12-25
ACT-0004869,INV-0027802,C00259,2025-12-14,ESCALATION,A. Reyes,PROMISE_TO_PAY,2025-12-28
ACT-0004870,INV-0000441,C00004,2026-06-08,CALL,T. Rivas,PROMISE_TO_PAY,2026-07-14
ACT-0004871,INV-0022385,C00206,2026-06-08,EMAIL,S. Duarte,NO_ANSWER,
ACT-0004872,INV-0027924,C00260,2026-02-25,CALL,F. Zamora,PROMISE_TO_PAY,2026-03-10
ACT-0004873,INV-0027924,C00260,2026-02-14,CALL,F. Zamora,DISPUTE_RAISED,
ACT-0004874,INV-0027924,C00260,2026-04-09,STATEMENT,F. Zamora,PROMISE_TO_PAY,2026-05-05
ACT-0004875,INV-0005877,C00051,2026-01-04,EMAIL,V. Cardenas,NO_ANSWER,
ACT-0004876,INV-0026066,C00242,2026-01-29,EMAIL,L. Moreno,PROMISE_TO_PAY,2026-03-09
ACT-0004877,INV-0026066,C00242,2025-12-01,CALL,L. Moreno,PAYMENT_CONFIRMED,
ACT-0004878,INV-0026066,C00242,2025-12-20,CALL,L. Moreno,PAYMENT_CONFIRMED,
ACT-0004879,INV-0017090,C00155,2025-08-19,CALL,J. Villalobos,DISPUTE_RAISED,
ACT-0004880,INV-0017090,C00155,2025-09-23,EMAIL,J. Villalobos,PROMISE_TO_PAY,2025-10-15
ACT-0004881,INV-0017090,C00155,2025-10-13,STATEMENT,J. Villalobos,PROMISE_TO_PAY,2025-10-25
ACT-0004882,INV-0017090,C00155,2025-09-13,CALL,J. Villalobos,PROMISE_TO_PAY,2025-10-17
ACT-0004883,INV-0022332,C00206,2025-07-01,EMAIL,S. Duarte,INFO_REQUESTED,
ACT-0004884,INV-0022332,C00206,2025-05-09,STATEMENT,S. Duarte,NO_ANSWER,
ACT-0004885,INV-0022332,C00206,2025-07-17,STATEMENT,S. Duarte,PAYMENT_CONFIRMED,
ACT-0004886,INV-0022332,C00206,2025-08-27,CALL,S. Duarte,INFO_REQUESTED,
ACT-0004887,INV-0025682,C00238,2026-04-29,EMAIL,A. Reyes,INFO_REQUESTED,
ACT-0004888,INV-0009371,C00081,2025-09-13,EMAIL,T. Rivas,INFO_REQUESTED,
ACT-0004889,INV-0009371,C00081,2025-09-30,EMAIL,T. Rivas,PROMISE_TO_PAY,2025-11-05
ACT-0004890,INV-0009371,C00081,2025-08-09,EMAIL,T. Rivas,PROMISE_TO_PAY,2025-09-17
ACT-0004891,INV-0000379,C00004,2025-08-16,STATEMENT,T. Rivas,PROMISE_TO_PAY,2025-09-11
ACT-0004892,INV-0019227,C00175,2026-04-25,EMAIL,B. Quintana,PAYMENT_CONFIRMED,
ACT-0004893,INV-0018459,C00168,2026-01-01,ESCALATION,B. Quintana,NO_ANSWER,
ACT-0004894,INV-0001075,C00010,2025-11-23,EMAIL,F. Zamora,NO_ANSWER,
ACT-0004895,INV-0001075,C00010,2025-11-21,EMAIL,F. Zamora,PROMISE_TO_PAY,2025-11-29
ACT-0004896,INV-0001075,C00010,2025-11-10,CALL,F. Zamora,PROMISE_TO_PAY,2025-11-22
ACT-0004897,INV-0001075,C00010,2025-11-24,CALL,F. Zamora,INFO_REQUESTED,
ACT-0004898,INV-0007974,C00069,2025-08-04,STATEMENT,F. Zamora,DISPUTE_RAISED,
ACT-0004899,INV-0007974,C00069,2025-08-08,EMAIL,F. Zamora,INFO_REQUESTED,
ACT-0004900,INV-0007974,C00069,2025-08-06,STATEMENT,F. Zamora,PAYMENT_CONFIRMED,
ACT-0004901,INV-0007974,C00069,2025-09-11,EMAIL,F. Zamora,NO_ANSWER,
ACT-0004902,INV-0023981,C00222,2025-04-09,EMAIL,F. Zamora,PROMISE_TO_PAY,2025-05-11
ACT-0004903,INV-0024906,C00231,2025-05-11,EMAIL,T. Rivas,INFO_REQUESTED,
ACT-0004904,INV-0024906,C00231,2025-04-01,EMAIL,T. Rivas,NO_ANSWER,
ACT-0004905,INV-0024906,C00231,2025-04-01,STATEMENT,T. Rivas,PROMISE_TO_PAY,2025-04-21
ACT-0004906,INV-0024906,C00231,2025-04-16,CALL,T. Rivas,PROMISE_TO_PAY,2025-05-03
ACT-0004907,INV-0020993,C00193,2025-06-20,CALL,A. Reyes,INFO_REQUESTED,
ACT-0004908,INV-0020993,C00193,2025-07-11,EMAIL,A. Reyes,NO_ANSWER,
ACT-0004909,INV-0020993,C00193,2025-06-06,CALL,A. Reyes,PAYMENT_CONFIRMED,
ACT-0004910,INV-0020993,C00193,2025-08-22,ESCALATION,A. Reyes,DISPUTE_RAISED,
ACT-0004911,INV-0002465,C00022,2025-11-06,STATEMENT,P. Ibarra,INFO_REQUESTED,
ACT-0004912,INV-0002465,C00022,2025-12-29,STATEMENT,P. Ibarra,INFO_REQUESTED,
ACT-0004913,INV-0002465,C00022,2025-11-23,CALL,P. Ibarra,INFO_REQUESTED,
ACT-0004914,INV-0002465,C00022,2025-12-22,CALL,P. Ibarra,NO_ANSWER,
ACT-0004915,INV-0008216,C00071,2025-12-20,EMAIL,T. Rivas,NO_ANSWER,
ACT-0004916,INV-0007947,C00069,2025-02-21,EMAIL,F. Zamora,PAYMENT_CONFIRMED,
ACT-0004917,INV-0015863,C00143,2025-05-28,EMAIL,P. Ibarra,NO_ANSWER,
ACT-0004918,INV-0015863,C00143,2025-06-21,EMAIL,P. Ibarra,PROMISE_TO_PAY,2025-07-26
ACT-0004919,INV-0029626,C00281,2026-06-26,EMAIL,M. Contreras,INFO_REQUESTED,
ACT-0004920,INV-0021056,C00193,2026-04-16,EMAIL,A. Reyes,PAYMENT_CONFIRMED,
ACT-0004921,INV-0021056,C00193,2026-02-24,EMAIL,A. Reyes,PAYMENT_CONFIRMED,
ACT-0004922,INV-0003022,C00027,2025-10-24,STATEMENT,L. Moreno,INFO_REQUESTED,
ACT-0004923,INV-0003022,C00027,2025-09-17,CALL,L. Moreno,NO_ANSWER,
ACT-0004924,INV-0003022,C00027,2025-09-22,STATEMENT,L. Moreno,NO_ANSWER,
ACT-0004925,INV-0000937,C00009,2025-08-22,CALL,A. Reyes,NO_ANSWER,
ACT-0004926,INV-0000937,C00009,2025-07-05,STATEMENT,A. Reyes,PAYMENT_CONFIRMED,
ACT-0004927,INV-0024603,C00228,2025-06-21,EMAIL,F. Zamora,NO_ANSWER,
ACT-0004928,INV-0024603,C00228,2025-04-26,CALL,F. Zamora,NO_ANSWER,
ACT-0004929,INV-0008578,C00074,2026-02-15,EMAIL,L. Moreno,PROMISE_TO_PAY,2026-03-21
ACT-0004930,INV-0008578,C00074,2026-02-02,EMAIL,L. Moreno,PAYMENT_CONFIRMED,
ACT-0004931,INV-0008578,C00074,2026-03-16,EMAIL,L. Moreno,PROMISE_TO_PAY,2026-04-14
ACT-0004932,INV-0021894,C00201,2026-03-28,ESCALATION,L. Moreno,NO_ANSWER,
ACT-0004933,INV-0021894,C00201,2026-03-11,EMAIL,L. Moreno,DISPUTE_RAISED,
ACT-0004934,INV-0021894,C00201,2026-05-30,EMAIL,L. Moreno,INFO_REQUESTED,
ACT-0004935,INV-0021894,C00201,2026-05-12,EMAIL,L. Moreno,PROMISE_TO_PAY,2026-05-17
ACT-0004936,INV-0029040,C00273,2026-03-28,EMAIL,S. Duarte,DISPUTE_RAISED,
ACT-0004937,INV-0029040,C00273,2026-04-26,ESCALATION,S. Duarte,NO_ANSWER,
ACT-0004938,INV-0029040,C00273,2026-03-31,EMAIL,S. Duarte,NO_ANSWER,
ACT-0004939,INV-0010875,C00094,2025-10-17,CALL,B. Quintana,NO_ANSWER,
ACT-0004940,INV-0010875,C00094,2025-12-21,EMAIL,B. Quintana,NO_ANSWER,
ACT-0004941,INV-0010875,C00094,2025-11-28,CALL,B. Quintana,PROMISE_TO_PAY,2025-12-12
ACT-0004942,INV-0013948,C00124,2025-10-14,ESCALATION,A. Reyes,PROMISE_TO_PAY,2025-11-15
ACT-0004943,INV-0013948,C00124,2025-11-26,EMAIL,A. Reyes,NO_ANSWER,
ACT-0004944,INV-0000896,C00008,2026-06-01,EMAIL,V. Cardenas,NO_ANSWER,
ACT-0004945,INV-0011017,C00095,2026-04-21,CALL,A. Reyes,PROMISE_TO_PAY,2026-05-13
ACT-0004946,INV-0010326,C00089,2025-10-30,EMAIL,R. Salazar,PROMISE_TO_PAY,2025-11-07
ACT-0004947,INV-0010326,C00089,2026-01-26,STATEMENT,R. Salazar,PAYMENT_CONFIRMED,
ACT-0004948,INV-0010326,C00089,2025-12-07,EMAIL,R. Salazar,INFO_REQUESTED,
ACT-0004949,INV-0010326,C00089,2026-01-05,EMAIL,R. Salazar,NO_ANSWER,
ACT-0004950,INV-0011503,C00100,2026-02-03,ESCALATION,V. Cardenas,NO_ANSWER,
ACT-0004951,INV-0011503,C00100,2026-02-11,ESCALATION,V. Cardenas,NO_ANSWER,
ACT-0004952,INV-0011503,C00100,2026-03-09,EMAIL,V. Cardenas,NO_ANSWER,
ACT-0004953,INV-0010033,C00086,2026-05-15,EMAIL,J. Villalobos,PAYMENT_CONFIRMED,
ACT-0004954,INV-0021800,C00200,2026-04-29,EMAIL,S. Duarte,PROMISE_TO_PAY,2026-05-18
ACT-0004955,INV-0021800,C00200,2026-05-16,CALL,S. Duarte,PROMISE_TO_PAY,2026-06-03
ACT-0004956,INV-0021800,C00200,2026-04-17,CALL,S. Duarte,INFO_REQUESTED,
ACT-0004957,INV-0011905,C00104,2025-11-30,CALL,V. Cardenas,PROMISE_TO_PAY,2026-01-03
ACT-0004958,INV-0011905,C00104,2025-12-13,EMAIL,V. Cardenas,PROMISE_TO_PAY,2026-01-21
ACT-0004959,INV-0011905,C00104,2026-01-07,EMAIL,V. Cardenas,INFO_REQUESTED,
ACT-0004960,INV-0022166,C00204,2026-02-24,EMAIL,N. Espinoza,PAYMENT_CONFIRMED,
ACT-0004961,INV-0015940,C00143,2026-06-28,CALL,P. Ibarra,DISPUTE_RAISED,
ACT-0004962,INV-0015940,C00143,2026-06-25,EMAIL,P. Ibarra,PAYMENT_CONFIRMED,
ACT-0004963,INV-0020254,C00185,2026-06-26,EMAIL,R. Salazar,PAYMENT_CONFIRMED,
ACT-0004964,INV-0006845,C00059,2026-02-27,CALL,R. Salazar,PAYMENT_CONFIRMED,
ACT-0004965,INV-0006845,C00059,2026-03-22,EMAIL,R. Salazar,PROMISE_TO_PAY,2026-04-17
ACT-0004966,INV-0006845,C00059,2026-03-26,EMAIL,R. Salazar,PROMISE_TO_PAY,2026-04-26
ACT-0004967,INV-0001084,C00010,2026-01-10,STATEMENT,F. Zamora,DISPUTE_RAISED,
ACT-0004968,INV-0001084,C00010,2025-11-11,EMAIL,F. Zamora,PROMISE_TO_PAY,2025-12-15
ACT-0004969,INV-0002842,C00025,2026-06-05,EMAIL,B. Quintana,PAYMENT_CONFIRMED,
ACT-0004970,INV-0002842,C00025,2026-05-08,EMAIL,B. Quintana,NO_ANSWER,
ACT-0004971,INV-0002842,C00025,2026-05-10,EMAIL,B. Quintana,INFO_REQUESTED,
ACT-0004972,INV-0002842,C00025,2026-05-22,CALL,B. Quintana,PAYMENT_CONFIRMED,
ACT-0004973,INV-0000194,C00002,2026-04-03,CALL,G. Montoya,NO_ANSWER,
ACT-0004974,INV-0000194,C00002,2026-04-22,STATEMENT,G. Montoya,DISPUTE_RAISED,
ACT-0004975,INV-0022360,C00206,2025-12-22,STATEMENT,S. Duarte,PAYMENT_CONFIRMED,
ACT-0004976,INV-0022360,C00206,2026-02-03,CALL,S. Duarte,NO_ANSWER,
ACT-0004977,INV-0022360,C00206,2026-03-16,EMAIL,S. Duarte,DISPUTE_RAISED,
ACT-0004978,INV-0022360,C00206,2026-03-08,CALL,S. Duarte,PROMISE_TO_PAY,2026-04-07
ACT-0004979,INV-0000220,C00002,2026-06-15,CALL,G. Montoya,PAYMENT_CONFIRMED,
ACT-0004980,INV-0007563,C00065,2026-04-28,EMAIL,F. Zamora,PAYMENT_CONFIRMED,
ACT-0004981,INV-0009985,C00086,2025-11-03,EMAIL,J. Villalobos,NO_ANSWER,
ACT-0004982,INV-0018379,C00167,2026-04-01,CALL,V. Cardenas,PAYMENT_CONFIRMED,
ACT-0004983,INV-0018379,C00167,2026-05-09,STATEMENT,V. Cardenas,INFO_REQUESTED,
ACT-0004984,INV-0018379,C00167,2026-06-28,EMAIL,V. Cardenas,NO_ANSWER,
ACT-0004985,INV-0018379,C00167,2026-06-15,ESCALATION,V. Cardenas,DISPUTE_RAISED,
ACT-0004986,INV-0004992,C00044,2025-08-25,CALL,B. Quintana,PROMISE_TO_PAY,2025-08-31
ACT-0004987,INV-0004992,C00044,2025-09-11,ESCALATION,B. Quintana,NO_ANSWER,
ACT-0004988,INV-0004992,C00044,2025-09-26,CALL,B. Quintana,DISPUTE_RAISED,
ACT-0004989,INV-0004992,C00044,2025-08-15,STATEMENT,B. Quintana,PROMISE_TO_PAY,2025-08-26
ACT-0004990,INV-0026435,C00245,2026-06-25,EMAIL,S. Duarte,PAYMENT_CONFIRMED,
ACT-0004991,INV-0016477,C00149,2025-09-04,EMAIL,V. Cardenas,NO_ANSWER,
ACT-0004992,INV-0016477,C00149,2025-09-18,STATEMENT,V. Cardenas,PROMISE_TO_PAY,2025-10-08
ACT-0004993,INV-0016477,C00149,2025-08-20,EMAIL,V. Cardenas,PROMISE_TO_PAY,2025-08-31
ACT-0004994,INV-0011824,C00103,2026-03-13,CALL,P. Ibarra,PROMISE_TO_PAY,2026-03-19
ACT-0004995,INV-0011824,C00103,2026-05-11,CALL,P. Ibarra,DISPUTE_RAISED,
ACT-0004996,INV-0019333,C00176,2026-04-17,CALL,A. Reyes,DISPUTE_RAISED,
ACT-0004997,INV-0019333,C00176,2026-05-14,ESCALATION,A. Reyes,INFO_REQUESTED,
ACT-0004998,INV-0017080,C00155,2025-07-09,EMAIL,J. Villalobos,PAYMENT_CONFIRMED,
ACT-0004999,INV-0001572,C00014,2026-01-28,EMAIL,P. Ibarra,PAYMENT_CONFIRMED,
ACT-0005000,INV-0001572,C00014,2026-01-27,ESCALATION,P. Ibarra,NO_ANSWER,
ACT-0005001,INV-0001572,C00014,2026-02-09,EMAIL,P. Ibarra,PROMISE_TO_PAY,2026-02-25
ACT-0005002,INV-0001572,C00014,2026-02-22,EMAIL,P. Ibarra,NO_ANSWER,
ACT-0005003,INV-0012644,C00112,2025-05-10,EMAIL,T. Rivas,NO_ANSWER,
ACT-0005004,INV-0013320,C00118,2025-08-16,CALL,M. Contreras,INFO_REQUESTED,
ACT-0005005,INV-0013320,C00118,2025-10-10,EMAIL,M. Contreras,NO_ANSWER,
ACT-0005006,INV-0021855,C00201,2025-09-23,CALL,L. Moreno,PROMISE_TO_PAY,2025-10-16
ACT-0005007,INV-0021855,C00201,2025-09-22,ESCALATION,L. Moreno,NO_ANSWER,
ACT-0005008,INV-0021855,C00201,2025-09-25,EMAIL,L. Moreno,NO_ANSWER,
ACT-0005009,INV-0005380,C00047,2025-11-27,STATEMENT,V. Cardenas,PROMISE_TO_PAY,2026-01-03
ACT-0005010,INV-0005380,C00047,2025-10-22,CALL,V. Cardenas,DISPUTE_RAISED,
ACT-0005011,INV-0005380,C00047,2026-01-11,STATEMENT,V. Cardenas,NO_ANSWER,
ACT-0005012,INV-0007661,C00066,2026-02-26,CALL,A. Reyes,DISPUTE_RAISED,
ACT-0005013,INV-0007661,C00066,2026-04-09,EMAIL,A. Reyes,PAYMENT_CONFIRMED,
ACT-0005014,INV-0007661,C00066,2026-04-22,ESCALATION,A. Reyes,DISPUTE_RAISED,
ACT-0005015,INV-0007661,C00066,2026-03-12,ESCALATION,A. Reyes,NO_ANSWER,
ACT-0005016,INV-0020883,C00192,2025-04-14,CALL,C. Fuentes,INFO_REQUESTED,
ACT-0005017,INV-0020883,C00192,2025-06-15,CALL,C. Fuentes,DISPUTE_RAISED,
ACT-0005018,INV-0020883,C00192,2025-05-13,ESCALATION,C. Fuentes,PROMISE_TO_PAY,2025-05-20
ACT-0005019,INV-0010383,C00089,2026-06-24,STATEMENT,R. Salazar,NO_ANSWER,
ACT-0005020,INV-0012507,C00110,2026-04-19,EMAIL,M. Contreras,INFO_REQUESTED,
ACT-0005021,INV-0012507,C00110,2026-04-05,CALL,M. Contreras,DISPUTE_RAISED,
ACT-0005022,INV-0012507,C00110,2026-03-10,CALL,M. Contreras,PROMISE_TO_PAY,2026-03-17
ACT-0005023,INV-0012507,C00110,2026-05-06,EMAIL,M. Contreras,PROMISE_TO_PAY,2026-05-19
ACT-0005024,INV-0006691,C00058,2025-09-21,EMAIL,M. Contreras,PROMISE_TO_PAY,2025-10-16
ACT-0005025,INV-0004268,C00038,2025-08-14,CALL,V. Cardenas,PAYMENT_CONFIRMED,
ACT-0005026,INV-0004268,C00038,2025-08-31,EMAIL,V. Cardenas,INFO_REQUESTED,
ACT-0005027,INV-0002564,C00023,2025-10-09,CALL,C. Fuentes,PROMISE_TO_PAY,2025-10-26
ACT-0005028,INV-0002564,C00023,2025-08-21,CALL,C. Fuentes,NO_ANSWER,
ACT-0005029,INV-0019196,C00175,2026-02-20,EMAIL,B. Quintana,NO_ANSWER,
ACT-0005030,INV-0019196,C00175,2026-03-13,EMAIL,B. Quintana,PAYMENT_CONFIRMED,
ACT-0005031,INV-0019196,C00175,2026-03-02,EMAIL,B. Quintana,DISPUTE_RAISED,
ACT-0005032,INV-0019196,C00175,2026-02-17,EMAIL,B. Quintana,NO_ANSWER,
ACT-0005033,INV-0024105,C00223,2025-09-18,EMAIL,P. Ibarra,DISPUTE_RAISED,
ACT-0005034,INV-0024105,C00223,2025-10-03,EMAIL,P. Ibarra,NO_ANSWER,
ACT-0005035,INV-0024105,C00223,2025-08-29,EMAIL,P. Ibarra,NO_ANSWER,
ACT-0005036,INV-0013831,C00123,2025-05-25,EMAIL,V. Cardenas,PROMISE_TO_PAY,2025-06-30
ACT-0005037,INV-0013831,C00123,2025-06-18,CALL,V. Cardenas,PROMISE_TO_PAY,2025-07-08
ACT-0005038,INV-0013831,C00123,2025-06-14,EMAIL,V. Cardenas,DISPUTE_RAISED,
ACT-0005039,INV-0013831,C00123,2025-08-28,CALL,V. Cardenas,PROMISE_TO_PAY,2025-09-09
ACT-0005040,INV-0012168,C00107,2025-08-01,EMAIL,D. Aguilar,DISPUTE_RAISED,
ACT-0005041,INV-0012168,C00107,2025-06-27,EMAIL,D. Aguilar,PAYMENT_CONFIRMED,
ACT-0005042,INV-0004528,C00040,2025-11-11,EMAIL,S. Duarte,NO_ANSWER,
ACT-0005043,INV-0004528,C00040,2025-11-05,CALL,S. Duarte,PAYMENT_CONFIRMED,
ACT-0005044,INV-0002005,C00018,2025-06-15,CALL,B. Quintana,NO_ANSWER,
ACT-0005045,INV-0002005,C00018,2025-05-30,STATEMENT,B. Quintana,PROMISE_TO_PAY,2025-06-14
ACT-0005046,INV-0002005,C00018,2025-06-13,CALL,B. Quintana,NO_ANSWER,
ACT-0005047,INV-0002005,C00018,2025-09-06,EMAIL,B. Quintana,INFO_REQUESTED,
ACT-0005048,INV-0026250,C00244,2025-08-06,STATEMENT,P. Ibarra,PROMISE_TO_PAY,2025-09-07
ACT-0005049,INV-0005872,C00051,2026-01-07,EMAIL,V. Cardenas,PAYMENT_CONFIRMED,
ACT-0005050,INV-0012156,C00107,2025-04-16,STATEMENT,D. Aguilar,PROMISE_TO_PAY,2025-05-15
ACT-0005051,INV-0012156,C00107,2025-05-07,EMAIL,D. Aguilar,PROMISE_TO_PAY,2025-05-20
ACT-0005052,INV-0012156,C00107,2025-06-13,EMAIL,D. Aguilar,NO_ANSWER,
ACT-0005053,INV-0009842,C00085,2025-08-16,STATEMENT,C. Fuentes,NO_ANSWER,
ACT-0005054,INV-0009842,C00085,2025-08-21,EMAIL,C. Fuentes,NO_ANSWER,
ACT-0005055,INV-0009842,C00085,2025-09-10,EMAIL,C. Fuentes,DISPUTE_RAISED,
ACT-0005056,INV-0025503,C00237,2025-05-07,STATEMENT,F. Zamora,DISPUTE_RAISED,
ACT-0005057,INV-0000650,C00006,2026-04-08,EMAIL,P. Ibarra,PROMISE_TO_PAY,2026-04-27
ACT-0005058,INV-0000650,C00006,2026-04-16,EMAIL,P. Ibarra,NO_ANSWER,
ACT-0005059,INV-0000650,C00006,2026-06-07,CALL,P. Ibarra,NO_ANSWER,
ACT-0005060,INV-0000650,C00006,2026-06-04,CALL,P. Ibarra,PAYMENT_CONFIRMED,
ACT-0005061,INV-0005999,C00052,2026-02-02,EMAIL,C. Fuentes,PROMISE_TO_PAY,2026-02-08
ACT-0005062,INV-0005999,C00052,2026-02-04,EMAIL,C. Fuentes,NO_ANSWER,
ACT-0005063,INV-0005999,C00052,2026-01-16,EMAIL,C. Fuentes,PROMISE_TO_PAY,2026-01-21
ACT-0005064,INV-0023619,C00218,2026-01-11,ESCALATION,N. Espinoza,NO_ANSWER,
ACT-0005065,INV-0023619,C00218,2025-11-26,EMAIL,N. Espinoza,PROMISE_TO_PAY,2025-12-24
ACT-0005066,INV-0023619,C00218,2025-12-16,CALL,N. Espinoza,DISPUTE_RAISED,
ACT-0005067,INV-0023619,C00218,2026-02-02,EMAIL,N. Espinoza,DISPUTE_RAISED,
ACT-0005068,INV-0002563,C00023,2025-09-18,EMAIL,C. Fuentes,DISPUTE_RAISED,
ACT-0005069,INV-0024103,C00223,2025-08-13,CALL,P. Ibarra,NO_ANSWER,
ACT-0005070,INV-0024103,C00223,2025-06-08,ESCALATION,P. Ibarra,PROMISE_TO_PAY,2025-07-15
ACT-0005071,INV-0005567,C00048,2026-06-04,EMAIL,T. Rivas,NO_ANSWER,
ACT-0005072,INV-0009057,C00078,2026-05-13,EMAIL,C. Fuentes,NO_ANSWER,
ACT-0005073,INV-0009057,C00078,2026-04-20,CALL,C. Fuentes,PROMISE_TO_PAY,2026-04-26
ACT-0005074,INV-0019251,C00176,2025-02-24,EMAIL,A. Reyes,NO_ANSWER,
ACT-0005075,INV-0019251,C00176,2025-04-12,ESCALATION,A. Reyes,NO_ANSWER,
ACT-0005076,INV-0024394,C00226,2025-04-29,CALL,B. Quintana,PROMISE_TO_PAY,2025-06-05
ACT-0005077,INV-0024394,C00226,2025-07-10,EMAIL,B. Quintana,PAYMENT_CONFIRMED,
ACT-0005078,INV-0002133,C00019,2025-12-11,ESCALATION,C. Fuentes,NO_ANSWER,
ACT-0005079,INV-0002133,C00019,2025-10-24,CALL,C. Fuentes,INFO_REQUESTED,
ACT-0005080,INV-0002133,C00019,2025-12-27,EMAIL,C. Fuentes,NO_ANSWER,
ACT-0005081,INV-0002133,C00019,2025-12-31,EMAIL,C. Fuentes,NO_ANSWER,
ACT-0005082,INV-0024015,C00222,2025-09-10,ESCALATION,F. Zamora,NO_ANSWER,
ACT-0005083,INV-0024015,C00222,2025-09-30,CALL,F. Zamora,INFO_REQUESTED,
ACT-0005084,INV-0024015,C00222,2025-10-05,EMAIL,F. Zamora,PAYMENT_CONFIRMED,
ACT-0005085,INV-0024015,C00222,2025-10-30,ESCALATION,F. Zamora,INFO_REQUESTED,
ACT-0005086,INV-0020851,C00191,2026-03-29,EMAIL,T. Rivas,INFO_REQUESTED,
ACT-0005087,INV-0021371,C00196,2026-01-17,EMAIL,R. Salazar,PAYMENT_CONFIRMED,
ACT-0005088,INV-0021371,C00196,2026-01-19,CALL,R. Salazar,PROMISE_TO_PAY,2026-02-19
ACT-0005089,INV-0021371,C00196,2026-02-06,ESCALATION,R. Salazar,INFO_REQUESTED,
ACT-0005090,INV-0008254,C00071,2026-05-25,CALL,T. Rivas,NO_ANSWER,
ACT-0005091,INV-0025414,C00236,2025-07-28,STATEMENT,F. Zamora,INFO_REQUESTED,
ACT-0005092,INV-0025414,C00236,2025-06-15,EMAIL,F. Zamora,PROMISE_TO_PAY,2025-07-05
ACT-0005093,INV-0025414,C00236,2025-08-05,CALL,F. Zamora,NO_ANSWER,
ACT-0005094,INV-0025414,C00236,2025-07-24,STATEMENT,F. Zamora,PAYMENT_CONFIRMED,
ACT-0005095,INV-0023637,C00218,2026-01-26,EMAIL,N. Espinoza,INFO_REQUESTED,
ACT-0005096,INV-0023637,C00218,2026-03-08,EMAIL,N. Espinoza,PROMISE_TO_PAY,2026-04-14
ACT-0005097,INV-0023637,C00218,2026-03-08,EMAIL,N. Espinoza,INFO_REQUESTED,
ACT-0005098,INV-0023637,C00218,2026-02-19,EMAIL,N. Espinoza,PROMISE_TO_PAY,2026-02-27
ACT-0005099,INV-0025679,C00238,2026-05-29,CALL,A. Reyes,NO_ANSWER,
ACT-0005100,INV-0025679,C00238,2026-06-12,EMAIL,A. Reyes,PROMISE_TO_PAY,2026-06-27
ACT-0005101,INV-0025679,C00238,2026-05-23,CALL,A. Reyes,NO_ANSWER,
ACT-0005102,INV-0018269,C00166,2026-05-05,CALL,T. Rivas,INFO_REQUESTED,
ACT-0005103,INV-0025326,C00235,2025-09-20,EMAIL,S. Duarte,PROMISE_TO_PAY,2025-10-21
ACT-0005104,INV-0004309,C00038,2026-03-08,EMAIL,V. Cardenas,NO_ANSWER,
ACT-0005105,INV-0019734,C00180,2025-12-26,CALL,V. Cardenas,PROMISE_TO_PAY,2026-01-16
ACT-0005106,INV-0014077,C00125,2026-04-07,EMAIL,P. Ibarra,NO_ANSWER,
ACT-0005107,INV-0014077,C00125,2026-05-02,STATEMENT,P. Ibarra,NO_ANSWER,
ACT-0005108,INV-0014077,C00125,2026-06-30,EMAIL,P. Ibarra,DISPUTE_RAISED,
ACT-0005109,INV-0009294,C00080,2026-06-03,CALL,L. Moreno,NO_ANSWER,
ACT-0005110,INV-0010772,C00093,2025-11-03,EMAIL,J. Villalobos,DISPUTE_RAISED,
ACT-0005111,INV-0010772,C00093,2025-11-11,EMAIL,J. Villalobos,NO_ANSWER,
ACT-0005112,INV-0010772,C00093,2025-12-30,EMAIL,J. Villalobos,NO_ANSWER,
ACT-0005113,INV-0010772,C00093,2025-12-11,CALL,J. Villalobos,NO_ANSWER,
ACT-0005114,INV-0009521,C00082,2025-11-09,CALL,R. Salazar,PROMISE_TO_PAY,2025-12-03
ACT-0005115,INV-0027780,C00259,2025-09-07,CALL,A. Reyes,INFO_REQUESTED,
ACT-0005116,INV-0027780,C00259,2025-09-29,ESCALATION,A. Reyes,NO_ANSWER,
ACT-0005117,INV-0027780,C00259,2025-08-04,EMAIL,A. Reyes,INFO_REQUESTED,
ACT-0005118,INV-0009879,C00085,2026-03-18,CALL,C. Fuentes,PROMISE_TO_PAY,2026-03-31
ACT-0005119,INV-0009879,C00085,2026-04-03,EMAIL,C. Fuentes,PROMISE_TO_PAY,2026-04-10
ACT-0005120,INV-0009879,C00085,2026-03-16,EMAIL,C. Fuentes,NO_ANSWER,
ACT-0005121,INV-0009879,C00085,2026-04-09,EMAIL,C. Fuentes,PROMISE_TO_PAY,2026-05-12
ACT-0005122,INV-0003073,C00027,2026-04-16,STATEMENT,L. Moreno,NO_ANSWER,
ACT-0005123,INV-0016946,C00153,2026-06-18,EMAIL,L. Moreno,NO_ANSWER,
ACT-0005124,INV-0015622,C00140,2025-12-18,EMAIL,P. Ibarra,INFO_REQUESTED,
ACT-0005125,INV-0015622,C00140,2026-01-21,STATEMENT,P. Ibarra,PROMISE_TO_PAY,2026-02-02
ACT-0005126,INV-0015622,C00140,2025-12-25,EMAIL,P. Ibarra,DISPUTE_RAISED,
ACT-0005127,INV-0008560,C00074,2025-10-26,CALL,L. Moreno,PAYMENT_CONFIRMED,
ACT-0005128,INV-0008560,C00074,2025-11-11,CALL,L. Moreno,PAYMENT_CONFIRMED,
ACT-0005129,INV-0008560,C00074,2026-01-15,CALL,L. Moreno,PROMISE_TO_PAY,2026-02-21
ACT-0005130,INV-0008560,C00074,2026-02-27,CALL,L. Moreno,NO_ANSWER,
ACT-0005131,INV-0014923,C00133,2026-04-23,CALL,J. Villalobos,PAYMENT_CONFIRMED,
ACT-0005132,INV-0014923,C00133,2026-02-27,CALL,J. Villalobos,PROMISE_TO_PAY,2026-03-05
ACT-0005133,INV-0025522,C00237,2025-07-12,EMAIL,F. Zamora,NO_ANSWER,
ACT-0005134,INV-0023522,C00217,2025-12-31,EMAIL,J. Villalobos,DISPUTE_RAISED,
ACT-0005135,INV-0023522,C00217,2026-02-03,STATEMENT,J. Villalobos,PAYMENT_CONFIRMED,
ACT-0005136,INV-0007376,C00064,2025-07-18,EMAIL,S. Duarte,PROMISE_TO_PAY,2025-07-28
ACT-0005137,INV-0007376,C00064,2025-05-24,ESCALATION,S. Duarte,NO_ANSWER,
ACT-0005138,INV-0007376,C00064,2025-07-14,EMAIL,S. Duarte,DISPUTE_RAISED,
ACT-0005139,INV-0000490,C00005,2025-09-12,STATEMENT,V. Cardenas,PROMISE_TO_PAY,2025-10-10
ACT-0005140,INV-0014297,C00127,2026-04-30,STATEMENT,P. Ibarra,PAYMENT_CONFIRMED,
ACT-0005141,INV-0006964,C00060,2026-05-05,CALL,P. Ibarra,PROMISE_TO_PAY,2026-05-26
ACT-0005142,INV-0006964,C00060,2026-02-21,EMAIL,P. Ibarra,PROMISE_TO_PAY,2026-03-31
ACT-0005143,INV-0013852,C00123,2025-09-26,EMAIL,V. Cardenas,NO_ANSWER,
ACT-0005144,INV-0016936,C00153,2026-05-18,EMAIL,L. Moreno,PROMISE_TO_PAY,2026-06-15
ACT-0005145,INV-0005668,C00049,2026-04-17,EMAIL,T. Rivas,DISPUTE_RAISED,
ACT-0005146,INV-0005668,C00049,2026-05-18,STATEMENT,T. Rivas,DISPUTE_RAISED,
ACT-0005147,INV-0017772,C00161,2026-06-03,STATEMENT,S. Duarte,INFO_REQUESTED,
ACT-0005148,INV-0017772,C00161,2026-06-04,CALL,S. Duarte,NO_ANSWER,
ACT-0005149,INV-0020424,C00187,2025-10-31,EMAIL,B. Quintana,NO_ANSWER,
ACT-0005150,INV-0020424,C00187,2025-12-15,EMAIL,B. Quintana,PAYMENT_CONFIRMED,
ACT-0005151,INV-0020424,C00187,2025-12-26,EMAIL,B. Quintana,PAYMENT_CONFIRMED,
ACT-0005152,INV-0013606,C00121,2025-05-01,CALL,R. Salazar,PAYMENT_CONFIRMED,
ACT-0005153,INV-0013606,C00121,2025-04-18,EMAIL,R. Salazar,PROMISE_TO_PAY,2025-04-23
ACT-0005154,INV-0013606,C00121,2025-05-02,EMAIL,R. Salazar,PAYMENT_CONFIRMED,
ACT-0005155,INV-0005622,C00049,2025-10-24,EMAIL,T. Rivas,PAYMENT_CONFIRMED,
ACT-0005156,INV-0005622,C00049,2025-10-16,CALL,T. Rivas,PROMISE_TO_PAY,2025-11-21
ACT-0005157,INV-0023178,C00214,2025-09-06,CALL,S. Duarte,PROMISE_TO_PAY,2025-09-14
ACT-0005158,INV-0023178,C00214,2025-10-30,EMAIL,S. Duarte,PROMISE_TO_PAY,2025-11-11
ACT-0005159,INV-0023178,C00214,2025-10-31,STATEMENT,S. Duarte,PAYMENT_CONFIRMED,
ACT-0005160,INV-0015681,C00141,2025-08-19,EMAIL,B. Quintana,PAYMENT_CONFIRMED,
ACT-0005161,INV-0015681,C00141,2025-08-10,CALL,B. Quintana,NO_ANSWER,
ACT-0005162,INV-0011353,C00099,2025-06-16,EMAIL,A. Reyes,PAYMENT_CONFIRMED,
ACT-0005163,INV-0011353,C00099,2025-06-27,CALL,A. Reyes,PROMISE_TO_PAY,2025-07-08
ACT-0005164,INV-0011353,C00099,2025-06-24,CALL,A. Reyes,PROMISE_TO_PAY,2025-07-15
ACT-0005165,INV-0011353,C00099,2025-08-30,EMAIL,A. Reyes,PROMISE_TO_PAY,2025-10-05
ACT-0005166,INV-0023586,C00218,2025-06-24,EMAIL,N. Espinoza,PROMISE_TO_PAY,2025-07-28
ACT-0005167,INV-0023586,C00218,2025-05-19,CALL,N. Espinoza,DISPUTE_RAISED,
ACT-0005168,INV-0012443,C00110,2025-05-15,CALL,M. Contreras,PROMISE_TO_PAY,2025-05-30
ACT-0005169,INV-0012443,C00110,2025-06-08,ESCALATION,M. Contreras,INFO_REQUESTED,
ACT-0005170,INV-0009357,C00081,2025-06-22,STATEMENT,T. Rivas,PROMISE_TO_PAY,2025-07-28
ACT-0005171,INV-0009357,C00081,2025-06-20,CALL,T. Rivas,NO_ANSWER,
ACT-0005172,INV-0009357,C00081,2025-07-30,ESCALATION,T. Rivas,NO_ANSWER,
ACT-0005173,INV-0009357,C00081,2025-06-23,CALL,T. Rivas,INFO_REQUESTED,
ACT-0005174,INV-0001289,C00012,2025-07-09,EMAIL,C. Fuentes,INFO_REQUESTED,
ACT-0005175,INV-0009393,C00081,2026-01-16,EMAIL,T. Rivas,PROMISE_TO_PAY,2026-02-18
ACT-0005176,INV-0009393,C00081,2026-02-01,EMAIL,T. Rivas,NO_ANSWER,
ACT-0005177,INV-0022154,C00204,2025-11-23,ESCALATION,N. Espinoza,PAYMENT_CONFIRMED,
ACT-0005178,INV-0027577,C00257,2025-06-30,ESCALATION,G. Montoya,DISPUTE_RAISED,
ACT-0005179,INV-0018981,C00173,2025-12-13,EMAIL,J. Villalobos,DISPUTE_RAISED,
ACT-0005180,INV-0023808,C00220,2025-12-13,CALL,B. Quintana,PAYMENT_CONFIRMED,
ACT-0005181,INV-0023808,C00220,2026-01-07,CALL,B. Quintana,INFO_REQUESTED,
ACT-0005182,INV-0023808,C00220,2025-11-19,ESCALATION,B. Quintana,PAYMENT_CONFIRMED,
ACT-0005183,INV-0023808,C00220,2025-11-27,CALL,B. Quintana,PROMISE_TO_PAY,2025-12-27
ACT-0005184,INV-0027092,C00252,2025-09-27,EMAIL,D. Aguilar,NO_ANSWER,
ACT-0005185,INV-0027092,C00252,2025-10-18,STATEMENT,D. Aguilar,NO_ANSWER,
ACT-0005186,INV-0027092,C00252,2025-11-14,EMAIL,D. Aguilar,NO_ANSWER,
ACT-0005187,INV-0000303,C00003,2026-02-04,EMAIL,V. Cardenas,DISPUTE_RAISED,
ACT-0005188,INV-0000303,C00003,2026-04-26,CALL,V. Cardenas,PROMISE_TO_PAY,2026-05-16
ACT-0005189,INV-0000303,C00003,2026-04-15,STATEMENT,V. Cardenas,PROMISE_TO_PAY,2026-05-08
ACT-0005190,INV-0000303,C00003,2026-03-25,EMAIL,V. Cardenas,NO_ANSWER,
ACT-0005191,INV-0016525,C00149,2026-05-20,CALL,V. Cardenas,DISPUTE_RAISED,
ACT-0005192,INV-0011623,C00101,2026-06-01,EMAIL,G. Montoya,NO_ANSWER,
ACT-0005193,INV-0011623,C00101,2026-06-04,ESCALATION,G. Montoya,PROMISE_TO_PAY,2026-06-28
ACT-0005194,INV-0011623,C00101,2026-06-20,CALL,G. Montoya,PROMISE_TO_PAY,2026-07-26
ACT-0005195,INV-0011623,C00101,2026-06-07,STATEMENT,G. Montoya,NO_ANSWER,
ACT-0005196,INV-0028580,C00267,2025-11-24,CALL,C. Fuentes,NO_ANSWER,
ACT-0005197,INV-0028580,C00267,2025-11-10,EMAIL,C. Fuentes,NO_ANSWER,
ACT-0005198,INV-0028580,C00267,2025-11-24,CALL,C. Fuentes,INFO_REQUESTED,
ACT-0005199,INV-0028580,C00267,2026-01-23,CALL,C. Fuentes,NO_ANSWER,
ACT-0005200,INV-0001081,C00010,2025-11-12,EMAIL,F. Zamora,INFO_REQUESTED,
ACT-0005201,INV-0001081,C00010,2026-02-08,EMAIL,F. Zamora,DISPUTE_RAISED,
ACT-0005202,INV-0000139,C00002,2025-08-27,CALL,G. Montoya,PAYMENT_CONFIRMED,
ACT-0005203,INV-0000139,C00002,2025-10-10,CALL,G. Montoya,PROMISE_TO_PAY,2025-11-13
ACT-0005204,INV-0015674,C00141,2025-05-04,EMAIL,B. Quintana,INFO_REQUESTED,
ACT-0005205,INV-0015674,C00141,2025-05-16,CALL,B. Quintana,PROMISE_TO_PAY,2025-06-18
ACT-0005206,INV-0015674,C00141,2025-05-25,STATEMENT,B. Quintana,PAYMENT_CONFIRMED,
ACT-0005207,INV-0002931,C00026,2026-01-13,STATEMENT,L. Moreno,PROMISE_TO_PAY,2026-01-22
ACT-0005208,INV-0002931,C00026,2026-03-09,CALL,L. Moreno,NO_ANSWER,
ACT-0005209,INV-0002448,C00022,2025-07-01,CALL,P. Ibarra,DISPUTE_RAISED,
ACT-0005210,INV-0005149,C00045,2026-02-03,CALL,S. Duarte,INFO_REQUESTED,
ACT-0005211,INV-0022035,C00203,2025-05-26,STATEMENT,R. Salazar,INFO_REQUESTED,
ACT-0005212,INV-0022035,C00203,2025-07-20,EMAIL,R. Salazar,PAYMENT_CONFIRMED,
ACT-0005213,INV-0015771,C00142,2025-06-08,EMAIL,P. Ibarra,DISPUTE_RAISED,
ACT-0005214,INV-0022548,C00208,2025-11-11,EMAIL,B. Quintana,NO_ANSWER,
ACT-0005215,INV-0022548,C00208,2025-12-07,EMAIL,B. Quintana,NO_ANSWER,
ACT-0005216,INV-0022548,C00208,2025-12-07,ESCALATION,B. Quintana,PROMISE_TO_PAY,2026-01-04
ACT-0005217,INV-0005957,C00052,2025-05-21,EMAIL,C. Fuentes,NO_ANSWER,
ACT-0005218,INV-0005957,C00052,2025-08-01,CALL,C. Fuentes,PROMISE_TO_PAY,2025-08-29
ACT-0005219,INV-0005957,C00052,2025-08-27,CALL,C. Fuentes,PROMISE_TO_PAY,2025-09-29
ACT-0005220,INV-0005957,C00052,2025-07-01,STATEMENT,C. Fuentes,NO_ANSWER,
ACT-0005221,INV-0010254,C00088,2026-05-05,CALL,R. Salazar,NO_ANSWER,
ACT-0005222,INV-0010254,C00088,2026-04-29,CALL,R. Salazar,PAYMENT_CONFIRMED,
ACT-0005223,INV-0002940,C00026,2026-04-27,STATEMENT,L. Moreno,NO_ANSWER,
ACT-0005224,INV-0014710,C00131,2026-06-29,CALL,P. Ibarra,PROMISE_TO_PAY,2026-07-04
ACT-0005225,INV-0014710,C00131,2026-04-28,CALL,P. Ibarra,PROMISE_TO_PAY,2026-05-22
ACT-0005226,INV-0029443,C00279,2025-09-20,CALL,T. Rivas,NO_ANSWER,
ACT-0005227,INV-0029443,C00279,2025-11-07,EMAIL,T. Rivas,INFO_REQUESTED,
ACT-0005228,INV-0029443,C00279,2025-11-11,EMAIL,T. Rivas,PROMISE_TO_PAY,2025-12-10
ACT-0005229,INV-0029443,C00279,2025-11-10,STATEMENT,T. Rivas,PAYMENT_CONFIRMED,
ACT-0005230,INV-0003466,C00031,2025-10-26,EMAIL,N. Espinoza,DISPUTE_RAISED,
ACT-0005231,INV-0003466,C00031,2025-09-13,EMAIL,N. Espinoza,INFO_REQUESTED,
ACT-0005232,INV-0002394,C00021,2026-05-13,STATEMENT,B. Quintana,DISPUTE_RAISED,
ACT-0005233,INV-0002394,C00021,2026-04-03,ESCALATION,B. Quintana,PAYMENT_CONFIRMED,
ACT-0005234,INV-0005087,C00045,2025-06-15,CALL,S. Duarte,PROMISE_TO_PAY,2025-07-03
ACT-0005235,INV-0005087,C00045,2025-05-25,EMAIL,S. Duarte,PROMISE_TO_PAY,2025-06-01
ACT-0005236,INV-0005087,C00045,2025-07-06,CALL,S. Duarte,NO_ANSWER,
ACT-0005237,INV-0005087,C00045,2025-07-17,CALL,S. Duarte,PAYMENT_CONFIRMED,
ACT-0005238,INV-0001890,C00017,2025-06-23,ESCALATION,D. Aguilar,PROMISE_TO_PAY,2025-07-28
ACT-0005239,INV-0001890,C00017,2025-07-22,CALL,D. Aguilar,NO_ANSWER,
ACT-0005240,INV-0001890,C00017,2025-07-13,CALL,D. Aguilar,PROMISE_TO_PAY,2025-07-19
ACT-0005241,INV-0008768,C00076,2025-04-27,EMAIL,R. Salazar,PROMISE_TO_PAY,2025-05-30
ACT-0005242,INV-0008768,C00076,2025-05-09,CALL,R. Salazar,NO_ANSWER,
ACT-0005243,INV-0013672,C00121,2026-04-10,CALL,R. Salazar,NO_ANSWER,
ACT-0005244,INV-0013672,C00121,2026-04-15,CALL,R. Salazar,INFO_REQUESTED,
ACT-0005245,INV-0018746,C00171,2025-11-19,EMAIL,F. Zamora,INFO_REQUESTED,
ACT-0005246,INV-0018746,C00171,2025-12-06,ESCALATION,F. Zamora,PROMISE_TO_PAY,2026-01-11
ACT-0005247,INV-0025437,C00236,2025-11-08,CALL,F. Zamora,PAYMENT_CONFIRMED,
ACT-0005248,INV-0025437,C00236,2025-11-13,EMAIL,F. Zamora,PAYMENT_CONFIRMED,
ACT-0005249,INV-0006118,C00053,2026-05-01,EMAIL,M. Contreras,INFO_REQUESTED,
ACT-0005250,INV-0006118,C00053,2026-04-10,EMAIL,M. Contreras,DISPUTE_RAISED,
ACT-0005251,INV-0006118,C00053,2026-03-23,CALL,M. Contreras,PROMISE_TO_PAY,2026-03-30
ACT-0005252,INV-0006118,C00053,2026-04-26,ESCALATION,M. Contreras,INFO_REQUESTED,
ACT-0005253,INV-0004317,C00038,2026-03-23,ESCALATION,V. Cardenas,PROMISE_TO_PAY,2026-04-16
ACT-0005254,INV-0004317,C00038,2026-04-27,EMAIL,V. Cardenas,NO_ANSWER,
ACT-0005255,INV-0029157,C00275,2025-06-24,EMAIL,A. Reyes,NO_ANSWER,
ACT-0005256,INV-0011889,C00104,2025-10-10,CALL,V. Cardenas,PROMISE_TO_PAY,2025-10-31
ACT-0005257,INV-0011889,C00104,2025-09-14,CALL,V. Cardenas,DISPUTE_RAISED,
ACT-0005258,INV-0011889,C00104,2025-08-20,CALL,V. Cardenas,NO_ANSWER,
ACT-0005259,INV-0008923,C00077,2026-01-31,STATEMENT,P. Ibarra,PAYMENT_CONFIRMED,
ACT-0005260,INV-0008923,C00077,2025-12-09,EMAIL,P. Ibarra,PAYMENT_CONFIRMED,
ACT-0005261,INV-0008923,C00077,2026-01-05,CALL,P. Ibarra,DISPUTE_RAISED,
ACT-0005262,INV-0008923,C00077,2026-03-20,EMAIL,P. Ibarra,PROMISE_TO_PAY,2026-04-05
ACT-0005263,INV-0027714,C00258,2026-01-30,CALL,P. Ibarra,PROMISE_TO_PAY,2026-02-22
ACT-0005264,INV-0027714,C00258,2026-04-03,EMAIL,P. Ibarra,INFO_REQUESTED,
ACT-0005265,INV-0026397,C00245,2026-01-04,CALL,S. Duarte,NO_ANSWER,
ACT-0005266,INV-0026397,C00245,2026-02-13,CALL,S. Duarte,DISPUTE_RAISED,
ACT-0005267,INV-0026397,C00245,2026-03-06,EMAIL,S. Duarte,PAYMENT_CONFIRMED,
ACT-0005268,INV-0026397,C00245,2026-03-20,EMAIL,S. Duarte,INFO_REQUESTED,
ACT-0005269,INV-0008596,C00074,2026-04-17,STATEMENT,L. Moreno,PROMISE_TO_PAY,2026-05-10
ACT-0005270,INV-0008596,C00074,2026-06-01,EMAIL,L. Moreno,NO_ANSWER,
ACT-0005271,INV-0008596,C00074,2026-06-29,CALL,L. Moreno,NO_ANSWER,
ACT-0005272,INV-0011193,C00097,2025-11-20,CALL,P. Ibarra,NO_ANSWER,
ACT-0005273,INV-0011193,C00097,2025-12-11,EMAIL,P. Ibarra,PAYMENT_CONFIRMED,
ACT-0005274,INV-0011193,C00097,2025-10-22,EMAIL,P. Ibarra,PROMISE_TO_PAY,2025-11-25
ACT-0005275,INV-0011193,C00097,2025-11-22,CALL,P. Ibarra,INFO_REQUESTED,
ACT-0005276,INV-0024924,C00231,2025-05-11,CALL,T. Rivas,DISPUTE_RAISED,
ACT-0005277,INV-0024924,C00231,2025-06-21,EMAIL,T. Rivas,PAYMENT_CONFIRMED,
ACT-0005278,INV-0024924,C00231,2025-06-20,EMAIL,T. Rivas,PROMISE_TO_PAY,2025-07-02
ACT-0005279,INV-0024924,C00231,2025-07-04,CALL,T. Rivas,PAYMENT_CONFIRMED,
ACT-0005280,INV-0024600,C00228,2025-05-14,CALL,F. Zamora,INFO_REQUESTED,
ACT-0005281,INV-0018745,C00171,2025-10-24,EMAIL,F. Zamora,INFO_REQUESTED,
ACT-0005282,INV-0018745,C00171,2025-11-20,EMAIL,F. Zamora,DISPUTE_RAISED,
ACT-0005283,INV-0012606,C00111,2026-05-20,CALL,G. Montoya,NO_ANSWER,
ACT-0005284,INV-0021356,C00196,2025-12-25,ESCALATION,R. Salazar,INFO_REQUESTED,
ACT-0005285,INV-0029661,C00282,2025-12-11,EMAIL,P. Ibarra,PROMISE_TO_PAY,2026-01-15
ACT-0005286,INV-0029661,C00282,2025-11-17,CALL,P. Ibarra,PROMISE_TO_PAY,2025-12-19
ACT-0005287,INV-0029661,C00282,2025-10-14,CALL,P. Ibarra,PROMISE_TO_PAY,2025-11-06
ACT-0005288,INV-0029661,C00282,2025-11-21,EMAIL,P. Ibarra,PROMISE_TO_PAY,2025-12-07
ACT-0005289,INV-0026382,C00245,2025-11-12,EMAIL,S. Duarte,PROMISE_TO_PAY,2025-11-22
ACT-0005290,INV-0026382,C00245,2025-12-02,EMAIL,S. Duarte,NO_ANSWER,
ACT-0005291,INV-0022228,C00205,2025-03-10,EMAIL,J. Villalobos,PAYMENT_CONFIRMED,
ACT-0005292,INV-0024875,C00230,2026-04-19,CALL,N. Espinoza,PROMISE_TO_PAY,2026-05-18
ACT-0005293,INV-0024875,C00230,2026-06-17,CALL,N. Espinoza,NO_ANSWER,
ACT-0005294,INV-0026692,C00248,2025-10-30,EMAIL,D. Aguilar,DISPUTE_RAISED,
ACT-0005295,INV-0026692,C00248,2026-01-20,STATEMENT,D. Aguilar,DISPUTE_RAISED,
ACT-0005296,INV-0005036,C00044,2026-03-28,STATEMENT,B. Quintana,NO_ANSWER,
ACT-0005297,INV-0001335,C00012,2026-02-05,EMAIL,C. Fuentes,DISPUTE_RAISED,
ACT-0005298,INV-0001335,C00012,2026-01-22,STATEMENT,C. Fuentes,NO_ANSWER,
ACT-0005299,INV-0001335,C00012,2026-01-22,EMAIL,C. Fuentes,NO_ANSWER,
ACT-0005300,INV-0001335,C00012,2026-03-27,EMAIL,C. Fuentes,INFO_REQUESTED,
ACT-0005301,INV-0021015,C00193,2025-10-29,CALL,A. Reyes,INFO_REQUESTED,
ACT-0005302,INV-0021015,C00193,2025-09-11,ESCALATION,A. Reyes,DISPUTE_RAISED,
ACT-0005303,INV-0021015,C00193,2025-10-29,EMAIL,A. Reyes,DISPUTE_RAISED,
ACT-0005304,INV-0002707,C00024,2026-03-27,EMAIL,C. Fuentes,NO_ANSWER,
ACT-0005305,INV-0005527,C00048,2026-02-03,EMAIL,T. Rivas,NO_ANSWER,
ACT-0005306,INV-0005527,C00048,2026-02-12,EMAIL,T. Rivas,DISPUTE_RAISED,
ACT-0005307,INV-0005527,C00048,2026-01-28,CALL,T. Rivas,PROMISE_TO_PAY,2026-02-26
ACT-0005308,INV-0003400,C00030,2026-03-20,ESCALATION,M. Contreras,PAYMENT_CONFIRMED,
ACT-0005309,INV-0003400,C00030,2026-04-08,EMAIL,M. Contreras,NO_ANSWER,
ACT-0005310,INV-0021040,C00193,2025-11-16,EMAIL,A. Reyes,NO_ANSWER,
ACT-0005311,INV-0021040,C00193,2026-01-01,STATEMENT,A. Reyes,PAYMENT_CONFIRMED,
ACT-0005312,INV-0012686,C00112,2025-12-11,EMAIL,T. Rivas,INFO_REQUESTED,
ACT-0005313,INV-0012686,C00112,2025-10-08,STATEMENT,T. Rivas,NO_ANSWER,
ACT-0005314,INV-0026584,C00247,2025-11-25,CALL,P. Ibarra,PROMISE_TO_PAY,2026-01-03
ACT-0005315,INV-0026584,C00247,2025-09-29,CALL,P. Ibarra,NO_ANSWER,
ACT-0005316,INV-0027321,C00254,2026-04-28,CALL,A. Reyes,PAYMENT_CONFIRMED,
ACT-0005317,INV-0010764,C00093,2025-10-27,ESCALATION,J. Villalobos,PAYMENT_CONFIRMED,
ACT-0005318,INV-0010764,C00093,2025-12-20,STATEMENT,J. Villalobos,PAYMENT_CONFIRMED,
ACT-0005319,INV-0014601,C00130,2026-05-17,CALL,P. Ibarra,PROMISE_TO_PAY,2026-05-29
ACT-0005320,INV-0003260,C00029,2025-11-15,EMAIL,C. Fuentes,PROMISE_TO_PAY,2025-11-20
ACT-0005321,INV-0003260,C00029,2025-09-25,CALL,C. Fuentes,PROMISE_TO_PAY,2025-10-04
ACT-0005322,INV-0003260,C00029,2025-11-25,CALL,C. Fuentes,PROMISE_TO_PAY,2025-12-20
ACT-0005323,INV-0025285,C00234,2026-06-03,CALL,V. Cardenas,NO_ANSWER,
ACT-0005324,INV-0024264,C00224,2026-06-25,STATEMENT,A. Reyes,NO_ANSWER,
ACT-0005325,INV-0003249,C00029,2025-08-15,EMAIL,C. Fuentes,DISPUTE_RAISED,
ACT-0005326,INV-0003249,C00029,2025-07-16,EMAIL,C. Fuentes,DISPUTE_RAISED,
ACT-0005327,INV-0024114,C00223,2025-09-20,EMAIL,P. Ibarra,INFO_REQUESTED,
ACT-0005328,INV-0024114,C00223,2025-09-18,CALL,P. Ibarra,PAYMENT_CONFIRMED,
ACT-0005329,INV-0024114,C00223,2025-10-05,CALL,P. Ibarra,PAYMENT_CONFIRMED,
ACT-0005330,INV-0025319,C00235,2025-06-22,CALL,S. Duarte,PAYMENT_CONFIRMED,
ACT-0005331,INV-0001526,C00014,2025-05-23,EMAIL,P. Ibarra,INFO_REQUESTED,
ACT-0005332,INV-0001526,C00014,2025-07-26,STATEMENT,P. Ibarra,PAYMENT_CONFIRMED,
ACT-0005333,INV-0001526,C00014,2025-07-28,EMAIL,P. Ibarra,NO_ANSWER,
ACT-0005334,INV-0001526,C00014,2025-08-08,STATEMENT,P. Ibarra,NO_ANSWER,
ACT-0005335,INV-0009760,C00084,2025-11-04,EMAIL,C. Fuentes,DISPUTE_RAISED,
ACT-0005336,INV-0009760,C00084,2025-10-30,CALL,C. Fuentes,NO_ANSWER,
ACT-0005337,INV-0001906,C00017,2025-09-24,CALL,D. Aguilar,PROMISE_TO_PAY,2025-10-11
ACT-0005338,INV-0001906,C00017,2025-09-12,EMAIL,D. Aguilar,INFO_REQUESTED,
ACT-0005339,INV-0027285,C00254,2025-10-26,EMAIL,A. Reyes,PROMISE_TO_PAY,2025-11-28
ACT-0005340,INV-0020848,C00191,2026-05-27,CALL,T. Rivas,NO_ANSWER,
ACT-0005341,INV-0020848,C00191,2026-04-16,ESCALATION,T. Rivas,NO_ANSWER,
ACT-0005342,INV-0020848,C00191,2026-06-06,STATEMENT,T. Rivas,PROMISE_TO_PAY,2026-07-11
ACT-0005343,INV-0002805,C00025,2025-12-08,CALL,B. Quintana,PAYMENT_CONFIRMED,
ACT-0005344,INV-0002805,C00025,2026-01-02,CALL,B. Quintana,PAYMENT_CONFIRMED,
ACT-0005345,INV-0002805,C00025,2025-11-04,EMAIL,B. Quintana,PAYMENT_CONFIRMED,
ACT-0005346,INV-0002805,C00025,2025-11-29,EMAIL,B. Quintana,PAYMENT_CONFIRMED,
ACT-0005347,INV-0007088,C00061,2026-06-20,CALL,M. Contreras,INFO_REQUESTED,
ACT-0005348,INV-0007088,C00061,2026-04-27,EMAIL,M. Contreras,INFO_REQUESTED,
ACT-0005349,INV-0007088,C00061,2026-05-22,CALL,M. Contreras,PAYMENT_CONFIRMED,
ACT-0005350,INV-0005633,C00049,2025-12-12,CALL,T. Rivas,NO_ANSWER,
ACT-0005351,INV-0005633,C00049,2025-11-01,EMAIL,T. Rivas,INFO_REQUESTED,
ACT-0005352,INV-0012200,C00107,2026-01-09,EMAIL,D. Aguilar,PROMISE_TO_PAY,2026-01-26
ACT-0005353,INV-0012200,C00107,2026-01-15,ESCALATION,D. Aguilar,PAYMENT_CONFIRMED,
ACT-0005354,INV-0012200,C00107,2026-02-04,EMAIL,D. Aguilar,NO_ANSWER,
ACT-0005355,INV-0012200,C00107,2026-03-11,STATEMENT,D. Aguilar,PROMISE_TO_PAY,2026-03-16
ACT-0005356,INV-0010781,C00093,2026-03-12,EMAIL,J. Villalobos,PROMISE_TO_PAY,2026-04-17
ACT-0005357,INV-0010781,C00093,2026-01-22,EMAIL,J. Villalobos,INFO_REQUESTED,
ACT-0005358,INV-0010781,C00093,2026-02-14,STATEMENT,J. Villalobos,PROMISE_TO_PAY,2026-03-23
ACT-0005359,INV-0010781,C00093,2026-01-29,STATEMENT,J. Villalobos,PAYMENT_CONFIRMED,
ACT-0005360,INV-0015700,C00141,2025-12-25,CALL,B. Quintana,NO_ANSWER,
ACT-0005361,INV-0015700,C00141,2025-10-27,CALL,B. Quintana,INFO_REQUESTED,
ACT-0005362,INV-0015700,C00141,2025-12-18,EMAIL,B. Quintana,DISPUTE_RAISED,
ACT-0005363,INV-0015700,C00141,2026-01-25,CALL,B. Quintana,PAYMENT_CONFIRMED,
ACT-0005364,INV-0022065,C00203,2025-09-29,STATEMENT,R. Salazar,PROMISE_TO_PAY,2025-11-02
ACT-0005365,INV-0022065,C00203,2025-10-19,CALL,R. Salazar,INFO_REQUESTED,
ACT-0005366,INV-0022065,C00203,2025-10-15,EMAIL,R. Salazar,DISPUTE_RAISED,
ACT-0005367,INV-0003489,C00031,2025-12-19,CALL,N. Espinoza,PAYMENT_CONFIRMED,
ACT-0005368,INV-0003489,C00031,2025-11-26,EMAIL,N. Espinoza,NO_ANSWER,
ACT-0005369,INV-0009347,C00081,2025-05-02,EMAIL,T. Rivas,INFO_REQUESTED,
ACT-0005370,INV-0009347,C00081,2025-07-25,CALL,T. Rivas,PROMISE_TO_PAY,2025-08-03
ACT-0005371,INV-0009347,C00081,2025-07-10,ESCALATION,T. Rivas,PROMISE_TO_PAY,2025-07-26
ACT-0005372,INV-0026819,C00249,2026-06-21,STATEMENT,L. Moreno,NO_ANSWER,
ACT-0005373,INV-0026819,C00249,2026-06-24,CALL,L. Moreno,NO_ANSWER,
ACT-0005374,INV-0015104,C00135,2025-10-30,EMAIL,M. Contreras,PROMISE_TO_PAY,2025-11-26
ACT-0005375,INV-0009429,C00081,2026-05-31,CALL,T. Rivas,INFO_REQUESTED,
ACT-0005376,INV-0011695,C00102,2026-02-04,ESCALATION,N. Espinoza,NO_ANSWER,
ACT-0005377,INV-0011695,C00102,2026-02-04,EMAIL,N. Espinoza,NO_ANSWER,
ACT-0005378,INV-0024824,C00230,2025-09-17,EMAIL,N. Espinoza,DISPUTE_RAISED,
ACT-0005379,INV-0007171,C00062,2025-12-06,CALL,P. Ibarra,INFO_REQUESTED,
ACT-0005380,INV-0020652,C00189,2026-05-05,EMAIL,M. Contreras,PAYMENT_CONFIRMED,
ACT-0005381,INV-0009994,C00086,2025-12-08,EMAIL,J. Villalobos,NO_ANSWER,
ACT-0005382,INV-0009994,C00086,2025-12-05,STATEMENT,J. Villalobos,NO_ANSWER,
ACT-0005383,INV-0009994,C00086,2025-12-19,CALL,J. Villalobos,PROMISE_TO_PAY,2026-01-21
ACT-0005384,INV-0009994,C00086,2026-01-12,EMAIL,J. Villalobos,PROMISE_TO_PAY,2026-02-03
ACT-0005385,INV-0024855,C00230,2026-02-25,EMAIL,N. Espinoza,DISPUTE_RAISED,
ACT-0005386,INV-0024855,C00230,2026-04-06,CALL,N. Espinoza,PROMISE_TO_PAY,2026-05-05
ACT-0005387,INV-0007906,C00068,2026-04-22,EMAIL,C. Fuentes,INFO_REQUESTED,
ACT-0005388,INV-0007906,C00068,2026-06-16,ESCALATION,C. Fuentes,DISPUTE_RAISED,
ACT-0005389,INV-0013250,C00117,2026-05-09,CALL,C. Fuentes,PROMISE_TO_PAY,2026-06-07
ACT-0005390,INV-0020263,C00185,2026-05-27,EMAIL,R. Salazar,PROMISE_TO_PAY,2026-06-11
ACT-0005391,INV-0021929,C00202,2025-05-08,EMAIL,C. Fuentes,NO_ANSWER,
ACT-0005392,INV-0021929,C00202,2025-05-09,EMAIL,C. Fuentes,PROMISE_TO_PAY,2025-06-14
ACT-0005393,INV-0021929,C00202,2025-05-18,CALL,C. Fuentes,NO_ANSWER,
ACT-0005394,INV-0018137,C00165,2025-11-11,CALL,L. Moreno,PAYMENT_CONFIRMED,
ACT-0005395,INV-0018137,C00165,2025-12-14,EMAIL,L. Moreno,DISPUTE_RAISED,
ACT-0005396,INV-0022701,C00210,2025-04-27,ESCALATION,F. Zamora,NO_ANSWER,
ACT-0005397,INV-0022701,C00210,2025-04-30,CALL,F. Zamora,PAYMENT_CONFIRMED,
ACT-0005398,INV-0004401,C00039,2025-08-13,EMAIL,T. Rivas,NO_ANSWER,
ACT-0005399,INV-0004401,C00039,2025-10-11,EMAIL,T. Rivas,PROMISE_TO_PAY,2025-11-16
ACT-0005400,INV-0002789,C00025,2025-09-18,EMAIL,B. Quintana,PAYMENT_CONFIRMED,
ACT-0005401,INV-0002789,C00025,2025-08-29,EMAIL,B. Quintana,NO_ANSWER,
ACT-0005402,INV-0021430,C00197,2025-03-16,EMAIL,B. Quintana,DISPUTE_RAISED,
ACT-0005403,INV-0021430,C00197,2025-05-17,CALL,B. Quintana,DISPUTE_RAISED,
ACT-0005404,INV-0026468,C00246,2025-07-30,CALL,V. Cardenas,PROMISE_TO_PAY,2025-08-28
ACT-0005405,INV-0008453,C00073,2025-12-06,EMAIL,D. Aguilar,PAYMENT_CONFIRMED,
ACT-0005406,INV-0008453,C00073,2025-11-12,EMAIL,D. Aguilar,NO_ANSWER,
ACT-0005407,INV-0008453,C00073,2025-12-28,EMAIL,D. Aguilar,PROMISE_TO_PAY,2026-01-15
ACT-0005408,INV-0010560,C00091,2025-12-12,CALL,L. Moreno,INFO_REQUESTED,
ACT-0005409,INV-0010560,C00091,2025-12-15,CALL,L. Moreno,PAYMENT_CONFIRMED,
ACT-0005410,INV-0010560,C00091,2026-02-03,CALL,L. Moreno,NO_ANSWER,
ACT-0005411,INV-0009424,C00081,2026-03-09,CALL,T. Rivas,PROMISE_TO_PAY,2026-03-21
ACT-0005412,INV-0009560,C00082,2026-05-30,STATEMENT,R. Salazar,PROMISE_TO_PAY,2026-06-28
ACT-0005413,INV-0019781,C00181,2025-03-31,EMAIL,A. Reyes,INFO_REQUESTED,
ACT-0005414,INV-0019781,C00181,2025-06-04,CALL,A. Reyes,INFO_REQUESTED,
ACT-0005415,INV-0019781,C00181,2025-05-23,STATEMENT,A. Reyes,PROMISE_TO_PAY,2025-06-06
ACT-0005416,INV-0019781,C00181,2025-05-26,CALL,A. Reyes,PROMISE_TO_PAY,2025-06-28
ACT-0005417,INV-0012801,C00113,2026-01-05,EMAIL,C. Fuentes,INFO_REQUESTED,
ACT-0005418,INV-0026662,C00248,2025-06-07,CALL,D. Aguilar,INFO_REQUESTED,
ACT-0005419,INV-0026662,C00248,2025-08-20,EMAIL,D. Aguilar,PROMISE_TO_PAY,2025-09-15
ACT-0005420,INV-0000418,C00004,2026-02-26,EMAIL,T. Rivas,NO_ANSWER,
ACT-0005421,INV-0005118,C00045,2025-09-30,CALL,S. Duarte,NO_ANSWER,
ACT-0005422,INV-0005118,C00045,2025-10-09,EMAIL,S. Duarte,INFO_REQUESTED,
ACT-0005423,INV-0005118,C00045,2025-12-15,CALL,S. Duarte,PAYMENT_CONFIRMED,
ACT-0005424,INV-0005118,C00045,2025-10-29,EMAIL,S. Duarte,NO_ANSWER,
ACT-0005425,INV-0006622,C00057,2026-06-01,EMAIL,J. Villalobos,INFO_REQUESTED,
ACT-0005426,INV-0006622,C00057,2026-05-13,EMAIL,J. Villalobos,PAYMENT_CONFIRMED,
ACT-0005427,INV-0017863,C00162,2026-06-08,EMAIL,R. Salazar,NO_ANSWER,
ACT-0005428,INV-0014604,C00130,2026-05-31,EMAIL,P. Ibarra,INFO_REQUESTED,
ACT-0005429,INV-0024775,C00229,2026-04-03,EMAIL,B. Quintana,PAYMENT_CONFIRMED,
ACT-0005430,INV-0024775,C00229,2026-05-14,EMAIL,B. Quintana,DISPUTE_RAISED,
ACT-0005431,INV-0024775,C00229,2026-05-28,EMAIL,B. Quintana,PROMISE_TO_PAY,2026-06-07
ACT-0005432,INV-0024775,C00229,2026-06-28,EMAIL,B. Quintana,NO_ANSWER,
ACT-0005433,INV-0025048,C00232,2025-11-05,EMAIL,F. Zamora,NO_ANSWER,
ACT-0005434,INV-0025048,C00232,2025-11-01,EMAIL,F. Zamora,NO_ANSWER,
ACT-0005435,INV-0029613,C00281,2026-02-27,EMAIL,M. Contreras,PROMISE_TO_PAY,2026-04-04
ACT-0005436,INV-0029613,C00281,2026-05-05,EMAIL,M. Contreras,NO_ANSWER,
ACT-0005437,INV-0029613,C00281,2026-04-30,STATEMENT,M. Contreras,NO_ANSWER,
ACT-0005438,INV-0018335,C00167,2025-09-09,CALL,V. Cardenas,PROMISE_TO_PAY,2025-09-27
ACT-0005439,INV-0018335,C00167,2025-09-17,EMAIL,V. Cardenas,INFO_REQUESTED,
ACT-0005440,INV-0018335,C00167,2025-10-19,CALL,V. Cardenas,PROMISE_TO_PAY,2025-11-13
ACT-0005441,INV-0014912,C00133,2026-03-26,CALL,J. Villalobos,PROMISE_TO_PAY,2026-05-01
ACT-0005442,INV-0014912,C00133,2026-03-08,EMAIL,J. Villalobos,PROMISE_TO_PAY,2026-03-20
ACT-0005443,INV-0014912,C00133,2026-03-17,EMAIL,J. Villalobos,PROMISE_TO_PAY,2026-04-01
ACT-0005444,INV-0014912,C00133,2026-03-19,CALL,J. Villalobos,NO_ANSWER,
ACT-0005445,INV-0010802,C00093,2026-06-24,EMAIL,J. Villalobos,DISPUTE_RAISED,
ACT-0005446,INV-0010802,C00093,2026-04-15,EMAIL,J. Villalobos,PROMISE_TO_PAY,2026-04-21
ACT-0005447,INV-0010802,C00093,2026-05-30,ESCALATION,J. Villalobos,PAYMENT_CONFIRMED,
ACT-0005448,INV-0010802,C00093,2026-05-18,EMAIL,J. Villalobos,PROMISE_TO_PAY,2026-06-23
ACT-0005449,INV-0011991,C00105,2025-08-03,CALL,J. Villalobos,PROMISE_TO_PAY,2025-08-26
ACT-0005450,INV-0025088,C00232,2026-06-11,EMAIL,F. Zamora,INFO_REQUESTED,
ACT-0005451,INV-0008881,C00077,2025-05-28,EMAIL,P. Ibarra,PROMISE_TO_PAY,2025-06-22
ACT-0005452,INV-0008881,C00077,2025-05-21,EMAIL,P. Ibarra,PAYMENT_CONFIRMED,
ACT-0005453,INV-0008881,C00077,2025-06-03,EMAIL,P. Ibarra,PAYMENT_CONFIRMED,
ACT-0005454,INV-0020064,C00183,2026-06-10,CALL,F. Zamora,NO_ANSWER,
ACT-0005455,INV-0011222,C00097,2026-04-30,EMAIL,P. Ibarra,DISPUTE_RAISED,
ACT-0005456,INV-0011222,C00097,2026-04-03,EMAIL,P. Ibarra,PAYMENT_CONFIRMED,
ACT-0005457,INV-0021071,C00193,2026-05-16,EMAIL,A. Reyes,INFO_REQUESTED,
ACT-0005458,INV-0021071,C00193,2026-04-18,EMAIL,A. Reyes,INFO_REQUESTED,
ACT-0005459,INV-0021071,C00193,2026-05-05,CALL,A. Reyes,INFO_REQUESTED,
ACT-0005460,INV-0021071,C00193,2026-06-01,STATEMENT,A. Reyes,PROMISE_TO_PAY,2026-07-02
ACT-0005461,INV-0005589,C00049,2025-07-04,EMAIL,T. Rivas,INFO_REQUESTED,
ACT-0005462,INV-0005589,C00049,2025-08-12,CALL,T. Rivas,PROMISE_TO_PAY,2025-09-16
ACT-0005463,INV-0007463,C00064,2026-05-31,EMAIL,S. Duarte,PROMISE_TO_PAY,2026-06-23
ACT-0005464,INV-0010851,C00094,2025-07-26,EMAIL,B. Quintana,DISPUTE_RAISED,
ACT-0005465,INV-0005373,C00047,2025-10-16,EMAIL,V. Cardenas,NO_ANSWER,
ACT-0005466,INV-0005373,C00047,2025-09-23,EMAIL,V. Cardenas,PROMISE_TO_PAY,2025-10-30
ACT-0005467,INV-0007331,C00063,2026-05-18,EMAIL,C. Fuentes,PAYMENT_CONFIRMED,
ACT-0005468,INV-0007331,C00063,2026-05-25,STATEMENT,C. Fuentes,INFO_REQUESTED,
ACT-0005469,INV-0007331,C00063,2026-06-25,STATEMENT,C. Fuentes,INFO_REQUESTED,
ACT-0005470,INV-0000062,C00001,2026-02-11,CALL,B. Quintana,PROMISE_TO_PAY,2026-02-19
ACT-0005471,INV-0000062,C00001,2026-02-16,CALL,B. Quintana,INFO_REQUESTED,
ACT-0005472,INV-0000062,C00001,2026-03-14,ESCALATION,B. Quintana,INFO_REQUESTED,
ACT-0005473,INV-0000062,C00001,2026-03-19,EMAIL,B. Quintana,DISPUTE_RAISED,
ACT-0005474,INV-0012655,C00112,2025-08-04,EMAIL,T. Rivas,INFO_REQUESTED,
ACT-0005475,INV-0012655,C00112,2025-06-23,EMAIL,T. Rivas,INFO_REQUESTED,
ACT-0005476,INV-0016276,C00147,2025-07-01,CALL,M. Contreras,PROMISE_TO_PAY,2025-07-31
ACT-0005477,INV-0016276,C00147,2025-09-18,ESCALATION,M. Contreras,NO_ANSWER,
ACT-0005478,INV-0012093,C00106,2025-10-26,STATEMENT,D. Aguilar,INFO_REQUESTED,
ACT-0005479,INV-0012093,C00106,2025-11-22,CALL,D. Aguilar,DISPUTE_RAISED,
ACT-0005480,INV-0012093,C00106,2026-01-12,EMAIL,D. Aguilar,PROMISE_TO_PAY,2026-02-07
ACT-0005481,INV-0015530,C00139,2026-01-25,CALL,V. Cardenas,NO_ANSWER,
ACT-0005482,INV-0024701,C00229,2025-05-17,CALL,B. Quintana,PROMISE_TO_PAY,2025-05-29
ACT-0005483,INV-0024701,C00229,2025-07-02,ESCALATION,B. Quintana,NO_ANSWER,
ACT-0005484,INV-0021874,C00201,2025-12-06,EMAIL,L. Moreno,NO_ANSWER,
ACT-0005485,INV-0021874,C00201,2025-09-29,CALL,L. Moreno,NO_ANSWER,
ACT-0005486,INV-0021874,C00201,2025-12-27,STATEMENT,L. Moreno,PROMISE_TO_PAY,2026-01-25
ACT-0005487,INV-0014543,C00130,2025-05-22,CALL,P. Ibarra,PAYMENT_CONFIRMED,
ACT-0005488,INV-0014543,C00130,2025-07-30,EMAIL,P. Ibarra,PAYMENT_CONFIRMED,
ACT-0005489,INV-0014543,C00130,2025-07-14,CALL,P. Ibarra,PROMISE_TO_PAY,2025-08-12
ACT-0005490,INV-0022754,C00210,2026-02-14,EMAIL,F. Zamora,NO_ANSWER,
ACT-0005491,INV-0022754,C00210,2026-02-01,EMAIL,F. Zamora,NO_ANSWER,
ACT-0005492,INV-0022754,C00210,2026-02-26,EMAIL,F. Zamora,PROMISE_TO_PAY,2026-03-10
ACT-0005493,INV-0006846,C00059,2026-03-20,EMAIL,R. Salazar,INFO_REQUESTED,
ACT-0005494,INV-0011602,C00101,2026-01-21,CALL,G. Montoya,INFO_REQUESTED,
ACT-0005495,INV-0005899,C00051,2026-05-14,STATEMENT,V. Cardenas,PROMISE_TO_PAY,2026-05-26
ACT-0005496,INV-0005899,C00051,2026-05-02,ESCALATION,V. Cardenas,NO_ANSWER,
ACT-0005497,INV-0005899,C00051,2026-05-12,CALL,V. Cardenas,PROMISE_TO_PAY,2026-05-27
ACT-0005498,INV-0026401,C00245,2026-02-08,EMAIL,S. Duarte,NO_ANSWER,
ACT-0005499,INV-0026401,C00245,2026-03-22,CALL,S. Duarte,INFO_REQUESTED,
ACT-0005500,INV-0010256,C00088,2026-05-03,STATEMENT,R. Salazar,INFO_REQUESTED,
ACT-0005501,INV-0010256,C00088,2026-06-02,EMAIL,R. Salazar,PROMISE_TO_PAY,2026-06-26
ACT-0005502,INV-0010256,C00088,2026-06-02,STATEMENT,R. Salazar,PAYMENT_CONFIRMED,
ACT-0005503,INV-0010256,C00088,2026-05-06,EMAIL,R. Salazar,NO_ANSWER,
ACT-0005504,INV-0019824,C00181,2025-11-08,EMAIL,A. Reyes,PROMISE_TO_PAY,2025-12-10
ACT-0005505,INV-0019824,C00181,2025-12-26,EMAIL,A. Reyes,NO_ANSWER,
ACT-0005506,INV-0009383,C00081,2025-10-11,CALL,T. Rivas,INFO_REQUESTED,
ACT-0005507,INV-0009383,C00081,2025-11-21,EMAIL,T. Rivas,INFO_REQUESTED,
ACT-0005508,INV-0009383,C00081,2025-10-13,EMAIL,T. Rivas,PROMISE_TO_PAY,2025-11-14
ACT-0005509,INV-0009383,C00081,2026-01-10,EMAIL,T. Rivas,INFO_REQUESTED,
ACT-0005510,INV-0025667,C00238,2026-03-04,ESCALATION,A. Reyes,PROMISE_TO_PAY,2026-04-09
ACT-0005511,INV-0025667,C00238,2026-03-06,CALL,A. Reyes,PROMISE_TO_PAY,2026-03-20
ACT-0005512,INV-0025667,C00238,2026-04-06,STATEMENT,A. Reyes,NO_ANSWER,
ACT-0005513,INV-0025667,C00238,2026-03-31,CALL,A. Reyes,DISPUTE_RAISED,
ACT-0005514,INV-0028459,C00265,2026-03-01,STATEMENT,F. Zamora,DISPUTE_RAISED,
ACT-0005515,INV-0028459,C00265,2026-05-20,EMAIL,F. Zamora,INFO_REQUESTED,
ACT-0005516,INV-0028459,C00265,2026-04-10,EMAIL,F. Zamora,PAYMENT_CONFIRMED,
ACT-0005517,INV-0022921,C00212,2025-05-07,STATEMENT,P. Ibarra,PROMISE_TO_PAY,2025-06-04
ACT-0005518,INV-0021764,C00200,2025-10-07,CALL,S. Duarte,NO_ANSWER,
ACT-0005519,INV-0021764,C00200,2025-10-21,ESCALATION,S. Duarte,PROMISE_TO_PAY,2025-11-11
ACT-0005520,INV-0021764,C00200,2026-01-02,CALL,S. Duarte,PROMISE_TO_PAY,2026-01-20
ACT-0005521,INV-0021764,C00200,2025-11-06,EMAIL,S. Duarte,PROMISE_TO_PAY,2025-12-13
ACT-0005522,INV-0008842,C00076,2026-05-05,EMAIL,R. Salazar,NO_ANSWER,
ACT-0005523,INV-0008842,C00076,2026-06-28,EMAIL,R. Salazar,NO_ANSWER,
ACT-0005524,INV-0008842,C00076,2026-06-25,EMAIL,R. Salazar,PROMISE_TO_PAY,2026-07-05
ACT-0005525,INV-0006016,C00052,2026-04-22,EMAIL,C. Fuentes,PROMISE_TO_PAY,2026-05-04
ACT-0005526,INV-0006016,C00052,2026-03-31,ESCALATION,C. Fuentes,NO_ANSWER,
ACT-0005527,INV-0008631,C00075,2025-02-27,STATEMENT,D. Aguilar,DISPUTE_RAISED,
ACT-0005528,INV-0008631,C00075,2025-04-21,EMAIL,D. Aguilar,PROMISE_TO_PAY,2025-05-18
ACT-0005529,INV-0011466,C00100,2025-05-18,EMAIL,V. Cardenas,PROMISE_TO_PAY,2025-06-15
ACT-0005530,INV-0011466,C00100,2025-07-15,ESCALATION,V. Cardenas,INFO_REQUESTED,
ACT-0005531,INV-0011466,C00100,2025-07-20,CALL,V. Cardenas,PROMISE_TO_PAY,2025-08-09
ACT-0005532,INV-0011466,C00100,2025-07-23,EMAIL,V. Cardenas,NO_ANSWER,
ACT-0005533,INV-0005010,C00044,2025-10-04,EMAIL,B. Quintana,PAYMENT_CONFIRMED,
ACT-0005534,INV-0005010,C00044,2025-10-11,CALL,B. Quintana,INFO_REQUESTED,
ACT-0005535,INV-0005010,C00044,2025-11-01,CALL,B. Quintana,DISPUTE_RAISED,
ACT-0005536,INV-0005010,C00044,2025-10-24,EMAIL,B. Quintana,PROMISE_TO_PAY,2025-12-01
ACT-0005537,INV-0007126,C00062,2025-06-03,CALL,P. Ibarra,NO_ANSWER,
ACT-0005538,INV-0007283,C00063,2025-11-29,EMAIL,C. Fuentes,PAYMENT_CONFIRMED,
ACT-0005539,INV-0022794,C00210,2026-06-25,ESCALATION,F. Zamora,NO_ANSWER,
ACT-0005540,INV-0022794,C00210,2026-06-17,STATEMENT,F. Zamora,PROMISE_TO_PAY,2026-06-29
ACT-0005541,INV-0022532,C00208,2025-08-09,CALL,B. Quintana,PROMISE_TO_PAY,2025-09-11
ACT-0005542,INV-0009621,C00083,2025-07-08,CALL,R. Salazar,PROMISE_TO_PAY,2025-08-03
ACT-0005543,INV-0009621,C00083,2025-08-20,ESCALATION,R. Salazar,PROMISE_TO_PAY,2025-09-26
ACT-0005544,INV-0005619,C00049,2025-12-03,CALL,T. Rivas,PROMISE_TO_PAY,2025-12-30
ACT-0005545,INV-0005619,C00049,2025-11-16,EMAIL,T. Rivas,DISPUTE_RAISED,
ACT-0005546,INV-0028269,C00263,2026-06-28,STATEMENT,S. Duarte,INFO_REQUESTED,
ACT-0005547,INV-0028269,C00263,2026-06-07,EMAIL,S. Duarte,NO_ANSWER,
ACT-0005548,INV-0028269,C00263,2026-06-04,CALL,S. Duarte,PROMISE_TO_PAY,2026-06-19
ACT-0005549,INV-0009215,C00080,2025-05-18,EMAIL,L. Moreno,PAYMENT_CONFIRMED,
ACT-0005550,INV-0009215,C00080,2025-06-23,EMAIL,L. Moreno,DISPUTE_RAISED,
ACT-0005551,INV-0009215,C00080,2025-06-08,CALL,L. Moreno,INFO_REQUESTED,
ACT-0005552,INV-0021574,C00198,2025-11-12,EMAIL,J. Villalobos,PROMISE_TO_PAY,2025-12-07
ACT-0005553,INV-0021574,C00198,2026-02-11,CALL,J. Villalobos,PAYMENT_CONFIRMED,
ACT-0005554,INV-0024219,C00224,2025-09-23,EMAIL,A. Reyes,PROMISE_TO_PAY,2025-10-26
ACT-0005555,INV-0005142,C00045,2026-01-26,STATEMENT,S. Duarte,NO_ANSWER,
ACT-0005556,INV-0005142,C00045,2026-03-03,EMAIL,S. Duarte,PROMISE_TO_PAY,2026-03-09
ACT-0005557,INV-0005142,C00045,2026-02-17,STATEMENT,S. Duarte,DISPUTE_RAISED,
ACT-0005558,INV-0024104,C00223,2025-07-17,CALL,P. Ibarra,PAYMENT_CONFIRMED,
ACT-0005559,INV-0002712,C00024,2026-02-13,STATEMENT,C. Fuentes,NO_ANSWER,
ACT-0005560,INV-0002712,C00024,2026-04-03,EMAIL,C. Fuentes,NO_ANSWER,
ACT-0005561,INV-0002712,C00024,2026-04-14,EMAIL,C. Fuentes,NO_ANSWER,
ACT-0005562,INV-0002712,C00024,2026-05-19,EMAIL,C. Fuentes,NO_ANSWER,
ACT-0005563,INV-0000059,C00001,2025-12-20,EMAIL,B. Quintana,INFO_REQUESTED,
ACT-0005564,INV-0000059,C00001,2025-12-15,CALL,B. Quintana,PROMISE_TO_PAY,2026-01-17
ACT-0005565,INV-0000059,C00001,2026-01-02,ESCALATION,B. Quintana,DISPUTE_RAISED,
ACT-0005566,INV-0000059,C00001,2026-01-26,CALL,B. Quintana,NO_ANSWER,
ACT-0005567,INV-0001710,C00015,2026-03-14,CALL,D. Aguilar,PROMISE_TO_PAY,2026-04-12
ACT-0005568,INV-0001710,C00015,2026-04-21,EMAIL,D. Aguilar,PAYMENT_CONFIRMED,
ACT-0005569,INV-0001710,C00015,2026-04-04,EMAIL,D. Aguilar,NO_ANSWER,
ACT-0005570,INV-0001710,C00015,2026-04-05,CALL,D. Aguilar,PROMISE_TO_PAY,2026-04-10
ACT-0005571,INV-0008238,C00071,2026-01-30,ESCALATION,T. Rivas,PROMISE_TO_PAY,2026-02-16
ACT-0005572,INV-0008238,C00071,2026-04-06,EMAIL,T. Rivas,INFO_REQUESTED,
ACT-0005573,INV-0008238,C00071,2026-02-19,EMAIL,T. Rivas,PAYMENT_CONFIRMED,
ACT-0005574,INV-0008238,C00071,2026-03-02,EMAIL,T. Rivas,PAYMENT_CONFIRMED,
ACT-0005575,INV-0012475,C00110,2025-09-20,STATEMENT,M. Contreras,PAYMENT_CONFIRMED,
ACT-0005576,INV-0027641,C00257,2026-06-09,EMAIL,G. Montoya,NO_ANSWER,
ACT-0005577,INV-0007864,C00068,2025-10-03,EMAIL,C. Fuentes,PROMISE_TO_PAY,2025-10-31
ACT-0005578,INV-0007864,C00068,2025-08-26,EMAIL,C. Fuentes,NO_ANSWER,
ACT-0005579,INV-0007864,C00068,2025-12-05,EMAIL,C. Fuentes,PAYMENT_CONFIRMED,
ACT-0005580,INV-0021493,C00197,2026-04-20,EMAIL,B. Quintana,NO_ANSWER,
ACT-0005581,INV-0021493,C00197,2026-04-20,EMAIL,B. Quintana,PROMISE_TO_PAY,2026-05-04
ACT-0005582,INV-0028205,C00263,2025-09-22,EMAIL,S. Duarte,NO_ANSWER,
ACT-0005583,INV-0028205,C00263,2025-09-28,CALL,S. Duarte,PROMISE_TO_PAY,2025-10-29
ACT-0005584,INV-0028205,C00263,2025-08-29,EMAIL,S. Duarte,INFO_REQUESTED,
ACT-0005585,INV-0000360,C00004,2025-07-06,EMAIL,T. Rivas,DISPUTE_RAISED,
ACT-0005586,INV-0000360,C00004,2025-09-10,STATEMENT,T. Rivas,PAYMENT_CONFIRMED,
ACT-0005587,INV-0000360,C00004,2025-08-18,CALL,T. Rivas,INFO_REQUESTED,
ACT-0005588,INV-0000360,C00004,2025-09-30,EMAIL,T. Rivas,PAYMENT_CONFIRMED,
ACT-0005589,INV-0020656,C00189,2026-05-25,CALL,M. Contreras,NO_ANSWER,
ACT-0005590,INV-0020656,C00189,2026-06-01,EMAIL,M. Contreras,INFO_REQUESTED,
ACT-0005591,INV-0006789,C00059,2025-06-10,CALL,R. Salazar,PROMISE_TO_PAY,2025-06-21
ACT-0005592,INV-0006789,C00059,2025-06-27,EMAIL,R. Salazar,NO_ANSWER,
ACT-0005593,INV-0001521,C00014,2025-04-16,EMAIL,P. Ibarra,PROMISE_TO_PAY,2025-05-07
ACT-0005594,INV-0001521,C00014,2025-07-17,EMAIL,P. Ibarra,NO_ANSWER,
ACT-0005595,INV-0001521,C00014,2025-06-10,CALL,P. Ibarra,PROMISE_TO_PAY,2025-07-09
ACT-0005596,INV-0005759,C00050,2025-11-13,STATEMENT,A. Reyes,DISPUTE_RAISED,
ACT-0005597,INV-0005759,C00050,2025-12-16,EMAIL,A. Reyes,NO_ANSWER,
ACT-0005598,INV-0022711,C00210,2025-05-21,CALL,F. Zamora,PROMISE_TO_PAY,2025-06-25
ACT-0005599,INV-0000308,C00003,2026-04-05,EMAIL,V. Cardenas,INFO_REQUESTED,
ACT-0005600,INV-0000308,C00003,2026-03-17,EMAIL,V. Cardenas,NO_ANSWER,
ACT-0005601,INV-0000308,C00003,2026-03-26,CALL,V. Cardenas,PAYMENT_CONFIRMED,
ACT-0005602,INV-0027643,C00257,2026-06-20,CALL,G. Montoya,PROMISE_TO_PAY,2026-07-12
ACT-0005603,INV-0027643,C00257,2026-06-14,EMAIL,G. Montoya,PROMISE_TO_PAY,2026-06-24
ACT-0005604,INV-0007434,C00064,2026-05-04,EMAIL,S. Duarte,NO_ANSWER,
ACT-0005605,INV-0015999,C00144,2025-10-12,CALL,B. Quintana,PAYMENT_CONFIRMED,
ACT-0005606,INV-0008064,C00070,2025-03-27,EMAIL,B. Quintana,NO_ANSWER,
ACT-0005607,INV-0008064,C00070,2025-05-15,EMAIL,B. Quintana,DISPUTE_RAISED,
ACT-0005608,INV-0008064,C00070,2025-06-26,CALL,B. Quintana,NO_ANSWER,
ACT-0005609,INV-0006109,C00053,2026-01-18,EMAIL,M. Contreras,PROMISE_TO_PAY,2026-01-31
ACT-0005610,INV-0006109,C00053,2026-03-29,EMAIL,M. Contreras,DISPUTE_RAISED,
ACT-0005611,INV-0013304,C00118,2025-07-11,EMAIL,M. Contreras,PROMISE_TO_PAY,2025-08-18
ACT-0005612,INV-0013304,C00118,2025-06-26,EMAIL,M. Contreras,PROMISE_TO_PAY,2025-07-08
ACT-0005613,INV-0013304,C00118,2025-06-07,EMAIL,M. Contreras,PROMISE_TO_PAY,2025-07-03
ACT-0005614,INV-0011786,C00103,2025-07-07,CALL,P. Ibarra,PROMISE_TO_PAY,2025-07-15
ACT-0005615,INV-0011786,C00103,2025-09-24,EMAIL,P. Ibarra,PAYMENT_CONFIRMED,
ACT-0005616,INV-0016675,C00151,2025-05-20,CALL,N. Espinoza,PROMISE_TO_PAY,2025-06-22
ACT-0005617,INV-0016675,C00151,2025-05-26,STATEMENT,N. Espinoza,NO_ANSWER,
ACT-0005618,INV-0016675,C00151,2025-07-13,CALL,N. Espinoza,PAYMENT_CONFIRMED,
ACT-0005619,INV-0016675,C00151,2025-07-25,EMAIL,N. Espinoza,PAYMENT_CONFIRMED,
ACT-0005620,INV-0005693,C00049,2026-06-15,STATEMENT,T. Rivas,NO_ANSWER,
ACT-0005621,INV-0013152,C00116,2026-03-24,EMAIL,B. Quintana,NO_ANSWER,
ACT-0005622,INV-0013152,C00116,2026-05-01,STATEMENT,B. Quintana,NO_ANSWER,
ACT-0005623,INV-0013152,C00116,2026-05-16,CALL,B. Quintana,INFO_REQUESTED,
ACT-0005624,INV-0006174,C00054,2025-03-16,CALL,G. Montoya,DISPUTE_RAISED,
ACT-0005625,INV-0006174,C00054,2025-04-25,EMAIL,G. Montoya,INFO_REQUESTED,
ACT-0005626,INV-0027389,C00255,2025-12-08,STATEMENT,J. Villalobos,INFO_REQUESTED,
ACT-0005627,INV-0027389,C00255,2025-11-16,EMAIL,J. Villalobos,INFO_REQUESTED,
ACT-0005628,INV-0027389,C00255,2025-10-28,EMAIL,J. Villalobos,INFO_REQUESTED,
ACT-0005629,INV-0015393,C00138,2025-06-01,CALL,N. Espinoza,PROMISE_TO_PAY,2025-06-21
ACT-0005630,INV-0015393,C00138,2025-07-06,EMAIL,N. Espinoza,PROMISE_TO_PAY,2025-08-06
ACT-0005631,INV-0015393,C00138,2025-08-10,STATEMENT,N. Espinoza,PROMISE_TO_PAY,2025-08-26
ACT-0005632,INV-0015393,C00138,2025-09-11,CALL,N. Espinoza,PROMISE_TO_PAY,2025-09-22
ACT-0005633,INV-0019639,C00179,2026-03-30,CALL,N. Espinoza,PAYMENT_CONFIRMED,
ACT-0005634,INV-0019639,C00179,2026-04-08,EMAIL,N. Espinoza,INFO_REQUESTED,
ACT-0005635,INV-0027571,C00257,2025-07-04,CALL,G. Montoya,PAYMENT_CONFIRMED,
ACT-0005636,INV-0027571,C00257,2025-06-27,CALL,G. Montoya,INFO_REQUESTED,
ACT-0005637,INV-0027571,C00257,2025-08-19,STATEMENT,G. Montoya,NO_ANSWER,
ACT-0005638,INV-0027571,C00257,2025-08-29,EMAIL,G. Montoya,PROMISE_TO_PAY,2025-10-07
ACT-0005639,INV-0006113,C00053,2026-04-10,CALL,M. Contreras,PROMISE_TO_PAY,2026-05-15
ACT-0005640,INV-0006113,C00053,2026-02-15,CALL,M. Contreras,NO_ANSWER,
ACT-0005641,INV-0019823,C00181,2025-12-02,CALL,A. Reyes,NO_ANSWER,
ACT-0005642,INV-0019823,C00181,2025-12-05,STATEMENT,A. Reyes,DISPUTE_RAISED,
ACT-0005643,INV-0019823,C00181,2025-12-22,CALL,A. Reyes,PROMISE_TO_PAY,2026-01-14
ACT-0005644,INV-0019823,C00181,2026-01-09,EMAIL,A. Reyes,PAYMENT_CONFIRMED,
ACT-0005645,INV-0002404,C00021,2026-06-16,EMAIL,B. Quintana,PROMISE_TO_PAY,2026-06-24
ACT-0005646,INV-0002404,C00021,2026-06-05,EMAIL,B. Quintana,PROMISE_TO_PAY,2026-06-23
ACT-0005647,INV-0030692,C00297,2025-06-02,EMAIL,M. Contreras,NO_ANSWER,
ACT-0005648,INV-0030692,C00297,2025-06-19,STATEMENT,M. Contreras,NO_ANSWER,
ACT-0005649,INV-0030692,C00297,2025-08-20,ESCALATION,M. Contreras,PROMISE_TO_PAY,2025-08-29
ACT-0005650,INV-0030692,C00297,2025-09-24,STATEMENT,M. Contreras,NO_ANSWER,
ACT-0005651,INV-0020509,C00188,2025-08-29,EMAIL,D. Aguilar,PAYMENT_CONFIRMED,
ACT-0005652,INV-0020509,C00188,2025-08-18,STATEMENT,D. Aguilar,NO_ANSWER,
ACT-0005653,INV-0020509,C00188,2025-09-29,EMAIL,D. Aguilar,INFO_REQUESTED,
ACT-0005654,INV-0000745,C00007,2026-01-30,ESCALATION,T. Rivas,DISPUTE_RAISED,
ACT-0005655,INV-0028438,C00265,2026-02-04,EMAIL,F. Zamora,INFO_REQUESTED,
ACT-0005656,INV-0030137,C00289,2025-06-02,EMAIL,B. Quintana,NO_ANSWER,
ACT-0005657,INV-0030137,C00289,2025-06-29,EMAIL,B. Quintana,NO_ANSWER,
ACT-0005658,INV-0030137,C00289,2025-07-27,EMAIL,B. Quintana,PROMISE_TO_PAY,2025-08-17
ACT-0005659,INV-0030137,C00289,2025-08-28,EMAIL,B. Quintana,NO_ANSWER,
ACT-0005660,INV-0009112,C00079,2025-06-29,EMAIL,B. Quintana,INFO_REQUESTED,
ACT-0005661,INV-0009112,C00079,2025-07-08,STATEMENT,B. Quintana,NO_ANSWER,
ACT-0005662,INV-0009112,C00079,2025-07-12,STATEMENT,B. Quintana,DISPUTE_RAISED,
ACT-0005663,INV-0009112,C00079,2025-07-28,STATEMENT,B. Quintana,PAYMENT_CONFIRMED,
ACT-0005664,INV-0026965,C00251,2025-04-28,EMAIL,N. Espinoza,PAYMENT_CONFIRMED,
ACT-0005665,INV-0026965,C00251,2025-05-11,ESCALATION,N. Espinoza,PAYMENT_CONFIRMED,
ACT-0005666,INV-0026965,C00251,2025-05-17,EMAIL,N. Espinoza,INFO_REQUESTED,
ACT-0005667,INV-0004555,C00040,2026-01-10,CALL,S. Duarte,NO_ANSWER,
ACT-0005668,INV-0004555,C00040,2026-03-15,EMAIL,S. Duarte,PAYMENT_CONFIRMED,
ACT-0005669,INV-0028771,C00270,2025-05-21,EMAIL,L. Moreno,NO_ANSWER,
ACT-0005670,INV-0028571,C00267,2025-09-30,STATEMENT,C. Fuentes,PROMISE_TO_PAY,2025-10-20
ACT-0005671,INV-0029844,C00285,2025-07-04,EMAIL,C. Fuentes,DISPUTE_RAISED,
ACT-0005672,INV-0029844,C00285,2025-07-12,CALL,C. Fuentes,PROMISE_TO_PAY,2025-08-05
ACT-0005673,INV-0025770,C00239,2026-03-03,EMAIL,B. Quintana,PROMISE_TO_PAY,2026-03-09
ACT-0005674,INV-0025770,C00239,2026-03-08,CALL,B. Quintana,NO_ANSWER,
ACT-0005675,INV-0025770,C00239,2026-04-18,EMAIL,B. Quintana,DISPUTE_RAISED,
ACT-0005676,INV-0025770,C00239,2026-03-12,EMAIL,B. Quintana,NO_ANSWER,
ACT-0005677,INV-0025468,C00236,2026-06-16,CALL,F. Zamora,INFO_REQUESTED,
ACT-0005678,INV-0025468,C00236,2026-05-16,CALL,F. Zamora,PROMISE_TO_PAY,2026-06-14
ACT-0005679,INV-0010195,C00088,2025-07-05,ESCALATION,R. Salazar,PROMISE_TO_PAY,2025-07-21
ACT-0005680,INV-0010195,C00088,2025-08-05,EMAIL,R. Salazar,NO_ANSWER,
ACT-0005681,INV-0010195,C00088,2025-08-20,EMAIL,R. Salazar,PROMISE_TO_PAY,2025-09-27
ACT-0005682,INV-0010195,C00088,2025-08-30,STATEMENT,R. Salazar,PAYMENT_CONFIRMED,
ACT-0005683,INV-0023179,C00214,2025-08-29,STATEMENT,S. Duarte,NO_ANSWER,
ACT-0005684,INV-0023179,C00214,2025-09-14,EMAIL,S. Duarte,NO_ANSWER,
ACT-0005685,INV-0030403,C00293,2025-08-04,STATEMENT,J. Villalobos,INFO_REQUESTED,
ACT-0005686,INV-0030403,C00293,2025-07-02,CALL,J. Villalobos,PROMISE_TO_PAY,2025-07-16
ACT-0005687,INV-0030403,C00293,2025-07-03,CALL,J. Villalobos,PAYMENT_CONFIRMED,
ACT-0005688,INV-0030403,C00293,2025-06-28,EMAIL,J. Villalobos,PROMISE_TO_PAY,2025-07-10
ACT-0005689,INV-0025976,C00241,2026-05-04,EMAIL,S. Duarte,PROMISE_TO_PAY,2026-06-05
ACT-0005690,INV-0025976,C00241,2026-05-17,CALL,S. Duarte,NO_ANSWER,
ACT-0005691,INV-0006198,C00054,2025-09-14,CALL,G. Montoya,NO_ANSWER,
ACT-0005692,INV-0006198,C00054,2025-09-28,STATEMENT,G. Montoya,INFO_REQUESTED,
ACT-0005693,INV-0000680,C00006,2026-06-24,STATEMENT,P. Ibarra,PROMISE_TO_PAY,2026-07-23
ACT-0005694,INV-0001538,C00014,2025-05-27,EMAIL,P. Ibarra,NO_ANSWER,
ACT-0005695,INV-0001538,C00014,2025-09-05,ESCALATION,P. Ibarra,DISPUTE_RAISED,
ACT-0005696,INV-0001538,C00014,2025-07-27,EMAIL,P. Ibarra,NO_ANSWER,
ACT-0005697,INV-0001538,C00014,2025-07-19,CALL,P. Ibarra,DISPUTE_RAISED,
ACT-0005698,INV-0001249,C00011,2026-06-28,EMAIL,R. Salazar,PAYMENT_CONFIRMED,
ACT-0005699,INV-0027219,C00253,2026-05-29,CALL,T. Rivas,PAYMENT_CONFIRMED,
ACT-0005700,INV-0027219,C00253,2026-05-19,EMAIL,T. Rivas,NO_ANSWER,
ACT-0005701,INV-0027219,C00253,2026-06-09,EMAIL,T. Rivas,PAYMENT_CONFIRMED,
ACT-0005702,INV-0013633,C00121,2025-08-27,CALL,R. Salazar,NO_ANSWER,
ACT-0005703,INV-0013633,C00121,2025-09-28,EMAIL,R. Salazar,NO_ANSWER,
ACT-0005704,INV-0013633,C00121,2025-11-04,CALL,R. Salazar,NO_ANSWER,
ACT-0005705,INV-0013633,C00121,2025-09-13,CALL,R. Salazar,PROMISE_TO_PAY,2025-09-26
ACT-0005706,INV-0027375,C00255,2025-08-26,CALL,J. Villalobos,PROMISE_TO_PAY,2025-09-29
ACT-0005707,INV-0027375,C00255,2025-10-05,EMAIL,J. Villalobos,NO_ANSWER,
ACT-0005708,INV-0027375,C00255,2025-11-12,EMAIL,J. Villalobos,PROMISE_TO_PAY,2025-11-27
ACT-0005709,INV-0027375,C00255,2025-10-10,EMAIL,J. Villalobos,PAYMENT_CONFIRMED,
ACT-0005710,INV-0007668,C00066,2026-02-25,EMAIL,A. Reyes,PROMISE_TO_PAY,2026-03-15
ACT-0005711,INV-0007668,C00066,2026-03-11,CALL,A. Reyes,PAYMENT_CONFIRMED,
ACT-0005712,INV-0007668,C00066,2026-03-13,CALL,A. Reyes,PAYMENT_CONFIRMED,
ACT-0005713,INV-0007668,C00066,2026-04-14,CALL,A. Reyes,PAYMENT_CONFIRMED,
ACT-0005714,INV-0017753,C00161,2025-12-29,CALL,S. Duarte,PROMISE_TO_PAY,2026-01-27
ACT-0005715,INV-0017753,C00161,2026-01-07,CALL,S. Duarte,NO_ANSWER,
ACT-0005716,INV-0017753,C00161,2026-02-07,EMAIL,S. Duarte,DISPUTE_RAISED,
ACT-0005717,INV-0010445,C00090,2025-12-31,CALL,L. Moreno,NO_ANSWER,
ACT-0005718,INV-0020310,C00186,2025-09-08,STATEMENT,N. Espinoza,DISPUTE_RAISED,
ACT-0005719,INV-0020310,C00186,2025-08-17,EMAIL,N. Espinoza,PAYMENT_CONFIRMED,
ACT-0005720,INV-0014551,C00130,2025-08-21,CALL,P. Ibarra,INFO_REQUESTED,
ACT-0005721,INV-0020147,C00184,2026-02-26,EMAIL,L. Moreno,PAYMENT_CONFIRMED,
ACT-0005722,INV-0020147,C00184,2026-04-29,EMAIL,L. Moreno,PROMISE_TO_PAY,2026-05-25
ACT-0005723,INV-0020147,C00184,2026-02-09,ESCALATION,L. Moreno,PAYMENT_CONFIRMED,
ACT-0005724,INV-0006567,C00057,2025-10-16,STATEMENT,J. Villalobos,PAYMENT_CONFIRMED,
ACT-0005725,INV-0006567,C00057,2025-10-20,ESCALATION,J. Villalobos,NO_ANSWER,
ACT-0005726,INV-0006567,C00057,2025-09-13,EMAIL,J. Villalobos,PROMISE_TO_PAY,2025-10-06
ACT-0005727,INV-0006567,C00057,2025-09-15,CALL,J. Villalobos,INFO_REQUESTED,
ACT-0005728,INV-0022064,C00203,2025-10-17,EMAIL,R. Salazar,PROMISE_TO_PAY,2025-11-14
ACT-0005729,INV-0012472,C00110,2025-11-07,EMAIL,M. Contreras,PROMISE_TO_PAY,2025-11-17
ACT-0005730,INV-0012472,C00110,2025-11-29,EMAIL,M. Contreras,PAYMENT_CONFIRMED,
ACT-0005731,INV-0004366,C00039,2025-06-22,EMAIL,T. Rivas,PROMISE_TO_PAY,2025-07-19
ACT-0005732,INV-0005351,C00047,2025-05-05,ESCALATION,V. Cardenas,PAYMENT_CONFIRMED,
ACT-0005733,INV-0005351,C00047,2025-07-09,CALL,V. Cardenas,PROMISE_TO_PAY,2025-08-10
ACT-0005734,INV-0025847,C00240,2025-10-15,CALL,B. Quintana,PAYMENT_CONFIRMED,
ACT-0005735,INV-0025958,C00241,2026-02-04,STATEMENT,S. Duarte,NO_ANSWER,
ACT-0005736,INV-0025958,C00241,2026-02-04,EMAIL,S. Duarte,PROMISE_TO_PAY,2026-02-22
ACT-0005737,INV-0025958,C00241,2026-01-12,EMAIL,S. Duarte,INFO_REQUESTED,
ACT-0005738,INV-0001905,C00017,2025-09-10,CALL,D. Aguilar,DISPUTE_RAISED,
ACT-0005739,INV-0001905,C00017,2025-11-09,EMAIL,D. Aguilar,PAYMENT_CONFIRMED,
ACT-0005740,INV-0011626,C00101,2026-06-13,CALL,G. Montoya,NO_ANSWER,
ACT-0005741,INV-0011626,C00101,2026-06-23,CALL,G. Montoya,PROMISE_TO_PAY,2026-07-10
ACT-0005742,INV-0011626,C00101,2026-06-10,ESCALATION,G. Montoya,NO_ANSWER,
ACT-0005743,INV-0011626,C00101,2026-06-01,CALL,G. Montoya,NO_ANSWER,
ACT-0005744,INV-0028392,C00265,2025-05-05,CALL,F. Zamora,DISPUTE_RAISED,
ACT-0005745,INV-0028392,C00265,2025-07-03,STATEMENT,F. Zamora,PAYMENT_CONFIRMED,
ACT-0005746,INV-0028392,C00265,2025-08-01,STATEMENT,F. Zamora,PAYMENT_CONFIRMED,
ACT-0005747,INV-0028392,C00265,2025-07-06,CALL,F. Zamora,PROMISE_TO_PAY,2025-08-08
ACT-0005748,INV-0027625,C00257,2026-05-13,EMAIL,G. Montoya,DISPUTE_RAISED,
ACT-0005749,INV-0027625,C00257,2026-03-10,EMAIL,G. Montoya,PROMISE_TO_PAY,2026-04-02
ACT-0005750,INV-0008080,C00070,2025-06-17,EMAIL,B. Quintana,NO_ANSWER,
ACT-0005751,INV-0008080,C00070,2025-07-23,STATEMENT,B. Quintana,DISPUTE_RAISED,
ACT-0005752,INV-0008080,C00070,2025-08-17,STATEMENT,B. Quintana,PROMISE_TO_PAY,2025-09-10
ACT-0005753,INV-0028512,C00266,2025-09-24,CALL,B. Quintana,PROMISE_TO_PAY,2025-10-23
ACT-0005754,INV-0016244,C00146,2026-06-06,STATEMENT,P. Ibarra,INFO_REQUESTED,
ACT-0005755,INV-0005034,C00044,2025-12-22,EMAIL,B. Quintana,PAYMENT_CONFIRMED,
ACT-0005756,INV-0002432,C00022,2025-04-23,CALL,P. Ibarra,DISPUTE_RAISED,
ACT-0005757,INV-0010685,C00092,2026-03-31,EMAIL,P. Ibarra,PAYMENT_CONFIRMED,
ACT-0005758,INV-0010685,C00092,2026-04-22,ESCALATION,P. Ibarra,DISPUTE_RAISED,
ACT-0005759,INV-0010685,C00092,2026-06-24,CALL,P. Ibarra,PAYMENT_CONFIRMED,
ACT-0005760,INV-0010685,C00092,2026-05-01,ESCALATION,P. Ibarra,INFO_REQUESTED,
ACT-0005761,INV-0015391,C00138,2025-05-09,ESCALATION,N. Espinoza,NO_ANSWER,
ACT-0005762,INV-0015391,C00138,2025-04-22,CALL,N. Espinoza,PROMISE_TO_PAY,2025-05-04
ACT-0005763,INV-0023328,C00215,2026-06-01,EMAIL,M. Contreras,INFO_REQUESTED,
ACT-0005764,INV-0023328,C00215,2026-05-17,EMAIL,M. Contreras,NO_ANSWER,
ACT-0005765,INV-0012893,C00114,2026-01-04,EMAIL,F. Zamora,PAYMENT_CONFIRMED,
ACT-0005766,INV-0012893,C00114,2026-01-05,CALL,F. Zamora,NO_ANSWER,
ACT-0005767,INV-0012893,C00114,2025-11-20,STATEMENT,F. Zamora,PROMISE_TO_PAY,2025-11-29
ACT-0005768,INV-0012893,C00114,2026-02-12,CALL,F. Zamora,INFO_REQUESTED,
ACT-0005769,INV-0027806,C00259,2025-11-23,STATEMENT,A. Reyes,DISPUTE_RAISED,
ACT-0005770,INV-0027806,C00259,2026-01-01,EMAIL,A. Reyes,NO_ANSWER,
ACT-0005771,INV-0027806,C00259,2025-12-18,STATEMENT,A. Reyes,DISPUTE_RAISED,
ACT-0005772,INV-0027806,C00259,2025-12-28,EMAIL,A. Reyes,PAYMENT_CONFIRMED,
ACT-0005773,INV-0024019,C00222,2025-10-22,EMAIL,F. Zamora,PAYMENT_CONFIRMED,
ACT-0005774,INV-0024019,C00222,2025-11-12,EMAIL,F. Zamora,PROMISE_TO_PAY,2025-11-26
ACT-0005775,INV-0024019,C00222,2025-12-25,CALL,F. Zamora,NO_ANSWER,
ACT-0005776,INV-0020906,C00192,2025-08-20,CALL,C. Fuentes,PROMISE_TO_PAY,2025-09-05
ACT-0005777,INV-0020906,C00192,2025-10-01,EMAIL,C. Fuentes,INFO_REQUESTED,
ACT-0005778,INV-0020906,C00192,2025-11-06,STATEMENT,C. Fuentes,NO_ANSWER,
ACT-0005779,INV-0020906,C00192,2025-11-17,STATEMENT,C. Fuentes,INFO_REQUESTED,
ACT-0005780,INV-0012831,C00113,2026-06-24,EMAIL,C. Fuentes,PROMISE_TO_PAY,2026-07-26
ACT-0005781,INV-0007026,C00061,2025-08-31,ESCALATION,M. Contreras,NO_ANSWER,
ACT-0005782,INV-0007026,C00061,2025-09-02,CALL,M. Contreras,INFO_REQUESTED,
ACT-0005783,INV-0007026,C00061,2025-08-06,STATEMENT,M. Contreras,PROMISE_TO_PAY,2025-08-29
ACT-0005784,INV-0003169,C00028,2026-02-19,CALL,G. Montoya,PROMISE_TO_PAY,2026-02-25
ACT-0005785,INV-0001191,C00011,2025-10-04,STATEMENT,R. Salazar,INFO_REQUESTED,
ACT-0005786,INV-0001191,C00011,2025-11-06,CALL,R. Salazar,PROMISE_TO_PAY,2025-11-30
ACT-0005787,INV-0006461,C00056,2025-10-02,ESCALATION,G. Montoya,PAYMENT_CONFIRMED,
ACT-0005788,INV-0006461,C00056,2025-10-27,EMAIL,G. Montoya,PAYMENT_CONFIRMED,
ACT-0005789,INV-0021914,C00201,2026-06-08,CALL,L. Moreno,PAYMENT_CONFIRMED,
ACT-0005790,INV-0003452,C00031,2025-06-06,EMAIL,N. Espinoza,NO_ANSWER,
ACT-0005791,INV-0003452,C00031,2025-07-29,CALL,N. Espinoza,INFO_REQUESTED,
ACT-0005792,INV-0003452,C00031,2025-08-16,EMAIL,N. Espinoza,PROMISE_TO_PAY,2025-09-16
ACT-0005793,INV-0003452,C00031,2025-09-01,CALL,N. Espinoza,DISPUTE_RAISED,
ACT-0005794,INV-0019507,C00178,2025-12-02,CALL,M. Contreras,NO_ANSWER,
ACT-0005795,INV-0019507,C00178,2025-11-14,CALL,M. Contreras,PAYMENT_CONFIRMED,
ACT-0005796,INV-0019507,C00178,2025-12-29,EMAIL,M. Contreras,INFO_REQUESTED,
ACT-0005797,INV-0011794,C00103,2025-10-05,EMAIL,P. Ibarra,PROMISE_TO_PAY,2025-11-03
ACT-0005798,INV-0011794,C00103,2025-10-24,EMAIL,P. Ibarra,DISPUTE_RAISED,
ACT-0005799,INV-0011794,C00103,2025-12-03,EMAIL,P. Ibarra,NO_ANSWER,
ACT-0005800,INV-0028994,C00273,2025-05-14,EMAIL,S. Duarte,DISPUTE_RAISED,
ACT-0005801,INV-0028994,C00273,2025-04-28,ESCALATION,S. Duarte,NO_ANSWER,
ACT-0005802,INV-0028994,C00273,2025-05-17,EMAIL,S. Duarte,PROMISE_TO_PAY,2025-06-07
ACT-0005803,INV-0028994,C00273,2025-07-22,EMAIL,S. Duarte,PROMISE_TO_PAY,2025-08-16
ACT-0005804,INV-0008035,C00069,2026-05-29,EMAIL,F. Zamora,PROMISE_TO_PAY,2026-06-18
ACT-0005805,INV-0007255,C00063,2025-08-26,ESCALATION,C. Fuentes,INFO_REQUESTED,
ACT-0005806,INV-0020962,C00192,2026-06-24,EMAIL,C. Fuentes,PROMISE_TO_PAY,2026-07-13
ACT-0005807,INV-0017734,C00161,2025-10-01,ESCALATION,S. Duarte,DISPUTE_RAISED,
ACT-0005808,INV-0000671,C00006,2026-06-17,EMAIL,P. Ibarra,PROMISE_TO_PAY,2026-07-10
ACT-0005809,INV-0004044,C00036,2025-10-20,EMAIL,C. Fuentes,PROMISE_TO_PAY,2025-10-30
ACT-0005810,INV-0004044,C00036,2025-11-06,CALL,C. Fuentes,PAYMENT_CONFIRMED,
ACT-0005811,INV-0004044,C00036,2025-10-17,EMAIL,C. Fuentes,INFO_REQUESTED,
ACT-0005812,INV-0003190,C00028,2026-06-01,CALL,G. Montoya,PAYMENT_CONFIRMED,
ACT-0005813,INV-0003190,C00028,2026-06-23,STATEMENT,G. Montoya,INFO_REQUESTED,
ACT-0005814,INV-0003190,C00028,2026-06-06,STATEMENT,G. Montoya,NO_ANSWER,
ACT-0005815,INV-0003190,C00028,2026-06-22,CALL,G. Montoya,PROMISE_TO_PAY,2026-07-25
ACT-0005816,INV-0019003,C00173,2026-05-27,EMAIL,J. Villalobos,PROMISE_TO_PAY,2026-06-17
ACT-0005817,INV-0019003,C00173,2026-06-06,EMAIL,J. Villalobos,DISPUTE_RAISED,
ACT-0005818,INV-0019003,C00173,2026-05-25,CALL,J. Villalobos,NO_ANSWER,
ACT-0005819,INV-0029302,C00277,2025-09-11,EMAIL,M. Contreras,NO_ANSWER,
ACT-0005820,INV-0029302,C00277,2025-10-24,CALL,M. Contreras,INFO_REQUESTED,
ACT-0005821,INV-0029302,C00277,2025-09-01,EMAIL,M. Contreras,PAYMENT_CONFIRMED,
ACT-0005822,INV-0029302,C00277,2025-10-22,CALL,M. Contreras,PROMISE_TO_PAY,2025-11-22
ACT-0005823,INV-0003802,C00034,2025-07-29,STATEMENT,L. Moreno,PROMISE_TO_PAY,2025-08-23
ACT-0005824,INV-0003802,C00034,2025-06-26,CALL,L. Moreno,PROMISE_TO_PAY,2025-08-02
ACT-0005825,INV-0003802,C00034,2025-07-30,EMAIL,L. Moreno,DISPUTE_RAISED,
ACT-0005826,INV-0030906,C00300,2025-07-01,STATEMENT,V. Cardenas,PAYMENT_CONFIRMED,
ACT-0005827,INV-0030906,C00300,2025-09-18,EMAIL,V. Cardenas,PAYMENT_CONFIRMED,
ACT-0005828,INV-0003798,C00034,2025-06-07,STATEMENT,L. Moreno,INFO_REQUESTED,
ACT-0005829,INV-0003798,C00034,2025-07-26,CALL,L. Moreno,DISPUTE_RAISED,
ACT-0005830,INV-0003798,C00034,2025-06-24,STATEMENT,L. Moreno,PAYMENT_CONFIRMED,
ACT-0005831,INV-0006979,C00060,2026-04-04,EMAIL,P. Ibarra,PAYMENT_CONFIRMED,
ACT-0005832,INV-0006979,C00060,2026-05-22,EMAIL,P. Ibarra,NO_ANSWER,
ACT-0005833,INV-0006979,C00060,2026-04-26,EMAIL,P. Ibarra,INFO_REQUESTED,
ACT-0005834,INV-0006979,C00060,2026-06-26,STATEMENT,P. Ibarra,PAYMENT_CONFIRMED,
ACT-0005835,INV-0003977,C00035,2026-05-30,CALL,V. Cardenas,NO_ANSWER,
ACT-0005836,INV-0003977,C00035,2026-05-26,CALL,V. Cardenas,INFO_REQUESTED,
ACT-0005837,INV-0003977,C00035,2026-04-30,EMAIL,V. Cardenas,NO_ANSWER,
ACT-0005838,INV-0006543,C00057,2025-05-17,EMAIL,J. Villalobos,PAYMENT_CONFIRMED,
ACT-0005839,INV-0006543,C00057,2025-06-09,EMAIL,J. Villalobos,PROMISE_TO_PAY,2025-06-16
ACT-0005840,INV-0006543,C00057,2025-09-08,EMAIL,J. Villalobos,NO_ANSWER,
ACT-0005841,INV-0014346,C00128,2025-08-16,EMAIL,F. Zamora,PROMISE_TO_PAY,2025-09-15
ACT-0005842,INV-0014346,C00128,2025-10-26,EMAIL,F. Zamora,DISPUTE_RAISED,
ACT-0005843,INV-0014346,C00128,2025-11-01,CALL,F. Zamora,PROMISE_TO_PAY,2025-12-10
ACT-0005844,INV-0008464,C00073,2025-12-22,EMAIL,D. Aguilar,INFO_REQUESTED,
ACT-0005845,INV-0008464,C00073,2026-01-23,STATEMENT,D. Aguilar,PROMISE_TO_PAY,2026-02-11
ACT-0005846,INV-0008464,C00073,2026-01-25,EMAIL,D. Aguilar,PROMISE_TO_PAY,2026-02-12
ACT-0005847,INV-0008464,C00073,2026-01-28,EMAIL,D. Aguilar,PAYMENT_CONFIRMED,
ACT-0005848,INV-0015630,C00140,2026-03-12,STATEMENT,P. Ibarra,PROMISE_TO_PAY,2026-04-11
ACT-0005849,INV-0014582,C00130,2026-03-09,ESCALATION,P. Ibarra,NO_ANSWER,
ACT-0005850,INV-0014582,C00130,2026-03-14,STATEMENT,P. Ibarra,PAYMENT_CONFIRMED,
ACT-0005851,INV-0014582,C00130,2026-04-12,CALL,P. Ibarra,NO_ANSWER,
ACT-0005852,INV-0014582,C00130,2026-02-27,CALL,P. Ibarra,NO_ANSWER,
ACT-0005853,INV-0023880,C00221,2025-04-15,EMAIL,S. Duarte,NO_ANSWER,
ACT-0005854,INV-0023880,C00221,2025-03-31,ESCALATION,S. Duarte,PAYMENT_CONFIRMED,
ACT-0005855,INV-0023880,C00221,2025-06-28,STATEMENT,S. Duarte,PAYMENT_CONFIRMED,
ACT-0005856,INV-0027536,C00256,2026-06-27,STATEMENT,J. Villalobos,NO_ANSWER,
ACT-0005857,INV-0011382,C00099,2025-11-17,EMAIL,A. Reyes,PROMISE_TO_PAY,2025-12-16
ACT-0005858,INV-0011382,C00099,2025-11-16,CALL,A. Reyes,PROMISE_TO_PAY,2025-12-05
ACT-0005859,INV-0011382,C00099,2025-11-08,STATEMENT,A. Reyes,PROMISE_TO_PAY,2025-12-08
ACT-0005860,INV-0011382,C00099,2025-11-25,CALL,A. Reyes,NO_ANSWER,
ACT-0005861,INV-0007653,C00066,2026-02-05,STATEMENT,A. Reyes,NO_ANSWER,
ACT-0005862,INV-0007653,C00066,2026-01-19,EMAIL,A. Reyes,NO_ANSWER,
ACT-0005863,INV-0007653,C00066,2026-02-13,ESCALATION,A. Reyes,PROMISE_TO_PAY,2026-02-19
ACT-0005864,INV-0025604,C00238,2025-05-11,CALL,A. Reyes,INFO_REQUESTED,
ACT-0005865,INV-0025604,C00238,2025-05-19,ESCALATION,A. Reyes,DISPUTE_RAISED,
ACT-0005866,INV-0025604,C00238,2025-06-25,EMAIL,A. Reyes,PROMISE_TO_PAY,2025-07-28
ACT-0005867,INV-0025604,C00238,2025-08-17,EMAIL,A. Reyes,PROMISE_TO_PAY,2025-09-11
ACT-0005868,INV-0021124,C00194,2025-08-11,CALL,P. Ibarra,PAYMENT_CONFIRMED,
ACT-0005869,INV-0021124,C00194,2025-09-13,EMAIL,P. Ibarra,PROMISE_TO_PAY,2025-10-07
ACT-0005870,INV-0021124,C00194,2025-09-05,EMAIL,P. Ibarra,INFO_REQUESTED,
ACT-0005871,INV-0021124,C00194,2025-09-10,EMAIL,P. Ibarra,PROMISE_TO_PAY,2025-10-14
ACT-0005872,INV-0009462,C00082,2025-03-22,EMAIL,R. Salazar,INFO_REQUESTED,
ACT-0005873,INV-0009462,C00082,2025-04-11,EMAIL,R. Salazar,PAYMENT_CONFIRMED,
ACT-0005874,INV-0009462,C00082,2025-06-10,EMAIL,R. Salazar,PROMISE_TO_PAY,2025-06-27
ACT-0005875,INV-0026511,C00246,2026-04-14,CALL,V. Cardenas,NO_ANSWER,
ACT-0005876,INV-0026511,C00246,2026-02-16,CALL,V. Cardenas,INFO_REQUESTED,
ACT-0005877,INV-0026511,C00246,2026-03-13,EMAIL,V. Cardenas,NO_ANSWER,
ACT-0005878,INV-0019651,C00179,2026-04-24,EMAIL,N. Espinoza,PROMISE_TO_PAY,2026-05-05
ACT-0005879,INV-0009534,C00082,2026-01-04,EMAIL,R. Salazar,DISPUTE_RAISED,
ACT-0005880,INV-0009534,C00082,2026-02-03,STATEMENT,R. Salazar,PAYMENT_CONFIRMED,
ACT-0005881,INV-0009534,C00082,2026-02-02,EMAIL,R. Salazar,NO_ANSWER,
ACT-0005882,INV-0009534,C00082,2026-04-28,EMAIL,R. Salazar,INFO_REQUESTED,
ACT-0005883,INV-0002815,C00025,2025-11-25,EMAIL,B. Quintana,PROMISE_TO_PAY,2025-12-13
ACT-0005884,INV-0002815,C00025,2026-02-07,CALL,B. Quintana,INFO_REQUESTED,
ACT-0005885,INV-0002815,C00025,2025-12-25,EMAIL,B. Quintana,PAYMENT_CONFIRMED,
ACT-0005886,INV-0024453,C00226,2026-04-16,STATEMENT,B. Quintana,PROMISE_TO_PAY,2026-05-20
ACT-0005887,INV-0002688,C00024,2025-10-29,EMAIL,C. Fuentes,NO_ANSWER,
ACT-0005888,INV-0002688,C00024,2026-01-05,CALL,C. Fuentes,DISPUTE_RAISED,
ACT-0005889,INV-0002688,C00024,2025-12-25,CALL,C. Fuentes,PROMISE_TO_PAY,2026-01-17
ACT-0005890,INV-0002823,C00025,2026-01-11,CALL,B. Quintana,NO_ANSWER,
ACT-0005891,INV-0017232,C00156,2025-10-24,EMAIL,T. Rivas,PROMISE_TO_PAY,2025-10-29
ACT-0005892,INV-0006895,C00060,2025-06-16,CALL,P. Ibarra,PROMISE_TO_PAY,2025-06-22
ACT-0005893,INV-0016588,C00150,2025-11-26,EMAIL,J. Villalobos,PROMISE_TO_PAY,2025-12-31
ACT-0005894,INV-0016588,C00150,2025-10-31,CALL,J. Villalobos,INFO_REQUESTED,
ACT-0005895,INV-0016588,C00150,2025-12-05,STATEMENT,J. Villalobos,INFO_REQUESTED,
ACT-0005896,INV-0016588,C00150,2025-10-10,EMAIL,J. Villalobos,INFO_REQUESTED,
ACT-0005897,INV-0018759,C00171,2025-12-24,STATEMENT,F. Zamora,INFO_REQUESTED,
ACT-0005898,INV-0018759,C00171,2026-01-25,ESCALATION,F. Zamora,PAYMENT_CONFIRMED,
ACT-0005899,INV-0018759,C00171,2026-01-10,CALL,F. Zamora,PROMISE_TO_PAY,2026-02-15
ACT-0005900,INV-0025069,C00232,2026-03-04,ESCALATION,F. Zamora,PROMISE_TO_PAY,2026-03-19
ACT-0005901,INV-0025069,C00232,2026-01-16,STATEMENT,F. Zamora,DISPUTE_RAISED,
ACT-0005902,INV-0025069,C00232,2026-02-14,EMAIL,F. Zamora,DISPUTE_RAISED,
ACT-0005903,INV-0017421,C00158,2025-08-25,EMAIL,T. Rivas,NO_ANSWER,
ACT-0005904,INV-0017421,C00158,2025-08-31,ESCALATION,T. Rivas,PAYMENT_CONFIRMED,
ACT-0005905,INV-0009857,C00085,2025-10-24,CALL,C. Fuentes,NO_ANSWER,
ACT-0005906,INV-0009857,C00085,2025-11-10,CALL,C. Fuentes,DISPUTE_RAISED,
ACT-0005907,INV-0020803,C00191,2025-10-09,CALL,T. Rivas,NO_ANSWER,
ACT-0005908,INV-0020803,C00191,2025-10-06,EMAIL,T. Rivas,PAYMENT_CONFIRMED,
ACT-0005909,INV-0020803,C00191,2025-11-15,STATEMENT,T. Rivas,DISPUTE_RAISED,
ACT-0005910,INV-0020803,C00191,2025-09-19,EMAIL,T. Rivas,PAYMENT_CONFIRMED,
ACT-0005911,INV-0025833,C00240,2025-07-08,EMAIL,B. Quintana,PROMISE_TO_PAY,2025-08-08
ACT-0005912,INV-0010242,C00088,2026-01-29,EMAIL,R. Salazar,NO_ANSWER,
ACT-0005913,INV-0010242,C00088,2026-03-30,CALL,R. Salazar,NO_ANSWER,
ACT-0005914,INV-0010242,C00088,2026-03-08,EMAIL,R. Salazar,INFO_REQUESTED,
ACT-0005915,INV-0010242,C00088,2026-02-15,EMAIL,R. Salazar,NO_ANSWER,
ACT-0005916,INV-0025336,C00235,2025-08-23,EMAIL,S. Duarte,PROMISE_TO_PAY,2025-08-29
ACT-0005917,INV-0015508,C00139,2025-10-19,CALL,V. Cardenas,DISPUTE_RAISED,
ACT-0005918,INV-0015508,C00139,2025-09-27,CALL,V. Cardenas,PROMISE_TO_PAY,2025-10-18
ACT-0005919,INV-0016156,C00146,2025-04-25,EMAIL,P. Ibarra,PROMISE_TO_PAY,2025-05-15
ACT-0005920,INV-0018047,C00164,2026-02-09,EMAIL,P. Ibarra,PROMISE_TO_PAY,2026-03-13
ACT-0005921,INV-0005180,C00045,2026-06-23,EMAIL,S. Duarte,DISPUTE_RAISED,
ACT-0005922,INV-0023678,C00219,2025-05-11,STATEMENT,B. Quintana,PAYMENT_CONFIRMED,
ACT-0005923,INV-0023678,C00219,2025-03-03,CALL,B. Quintana,PAYMENT_CONFIRMED,
ACT-0005924,INV-0023678,C00219,2025-06-02,CALL,B. Quintana,PROMISE_TO_PAY,2025-07-04
ACT-0005925,INV-0009339,C00081,2025-03-24,CALL,T. Rivas,PROMISE_TO_PAY,2025-04-24
ACT-0005926,INV-0009339,C00081,2025-05-11,EMAIL,T. Rivas,PAYMENT_CONFIRMED,
ACT-0005927,INV-0009339,C00081,2025-06-22,STATEMENT,T. Rivas,NO_ANSWER,
ACT-0005928,INV-0004572,C00040,2026-05-21,EMAIL,S. Duarte,PROMISE_TO_PAY,2026-06-25
ACT-0005929,INV-0004572,C00040,2026-04-28,EMAIL,S. Duarte,PROMISE_TO_PAY,2026-05-06
ACT-0005930,INV-0004572,C00040,2026-06-21,EMAIL,S. Duarte,PAYMENT_CONFIRMED,
ACT-0005931,INV-0019905,C00182,2025-09-01,CALL,A. Reyes,PAYMENT_CONFIRMED,
ACT-0005932,INV-0019905,C00182,2025-10-08,CALL,A. Reyes,PAYMENT_CONFIRMED,
ACT-0005933,INV-0019905,C00182,2025-11-07,CALL,A. Reyes,PROMISE_TO_PAY,2025-12-06
ACT-0005934,INV-0008490,C00073,2026-05-24,EMAIL,D. Aguilar,DISPUTE_RAISED,
ACT-0005935,INV-0008490,C00073,2026-06-09,STATEMENT,D. Aguilar,INFO_REQUESTED,
ACT-0005936,INV-0008490,C00073,2026-05-26,EMAIL,D. Aguilar,PROMISE_TO_PAY,2026-06-26
ACT-0005937,INV-0008490,C00073,2026-06-03,EMAIL,D. Aguilar,PROMISE_TO_PAY,2026-06-15
ACT-0005938,INV-0025676,C00238,2026-04-15,EMAIL,A. Reyes,INFO_REQUESTED,
ACT-0005939,INV-0025676,C00238,2026-05-09,EMAIL,A. Reyes,PROMISE_TO_PAY,2026-05-15
ACT-0005940,INV-0025676,C00238,2026-04-24,STATEMENT,A. Reyes,NO_ANSWER,
ACT-0005941,INV-0023021,C00212,2026-06-23,EMAIL,P. Ibarra,PROMISE_TO_PAY,2026-07-13
ACT-0005942,INV-0007139,C00062,2025-06-21,ESCALATION,P. Ibarra,PAYMENT_CONFIRMED,
ACT-0005943,INV-0007139,C00062,2025-08-05,EMAIL,P. Ibarra,NO_ANSWER,
ACT-0005944,INV-0025965,C00241,2026-03-29,CALL,S. Duarte,PROMISE_TO_PAY,2026-04-20
ACT-0005945,INV-0025965,C00241,2026-03-04,EMAIL,S. Duarte,INFO_REQUESTED,
ACT-0005946,INV-0025965,C00241,2026-02-11,CALL,S. Duarte,INFO_REQUESTED,
ACT-0005947,INV-0025965,C00241,2026-03-07,CALL,S. Duarte,PAYMENT_CONFIRMED,
ACT-0005948,INV-0004021,C00036,2025-07-05,EMAIL,C. Fuentes,INFO_REQUESTED,
ACT-0005949,INV-0004021,C00036,2025-06-25,EMAIL,C. Fuentes,PROMISE_TO_PAY,2025-07-18
ACT-0005950,INV-0004021,C00036,2025-07-28,STATEMENT,C. Fuentes,INFO_REQUESTED,
ACT-0005951,INV-0018449,C00168,2025-11-03,CALL,B. Quintana,PAYMENT_CONFIRMED,
ACT-0005952,INV-0002891,C00026,2025-06-07,EMAIL,L. Moreno,PAYMENT_CONFIRMED,
ACT-0005953,INV-0002891,C00026,2025-08-09,EMAIL,L. Moreno,NO_ANSWER,
ACT-0005954,INV-0002891,C00026,2025-07-01,CALL,L. Moreno,INFO_REQUESTED,
ACT-0005955,INV-0002891,C00026,2025-07-16,EMAIL,L. Moreno,PAYMENT_CONFIRMED,
ACT-0005956,INV-0010912,C00094,2026-06-11,CALL,B. Quintana,PAYMENT_CONFIRMED,
ACT-0005957,INV-0003727,C00033,2025-12-13,EMAIL,L. Moreno,PAYMENT_CONFIRMED,
ACT-0005958,INV-0003727,C00033,2025-11-20,CALL,L. Moreno,NO_ANSWER,
ACT-0005959,INV-0003727,C00033,2025-12-15,CALL,L. Moreno,DISPUTE_RAISED,
ACT-0005960,INV-0003727,C00033,2026-02-25,CALL,L. Moreno,PROMISE_TO_PAY,2026-03-09
ACT-0005961,INV-0010299,C00089,2025-08-16,EMAIL,R. Salazar,PAYMENT_CONFIRMED,
ACT-0005962,INV-0010299,C00089,2025-07-06,EMAIL,R. Salazar,NO_ANSWER,
ACT-0005963,INV-0009487,C00082,2025-08-26,CALL,R. Salazar,PAYMENT_CONFIRMED,
ACT-0005964,INV-0009487,C00082,2025-09-12,CALL,R. Salazar,PROMISE_TO_PAY,2025-09-19
ACT-0005965,INV-0009487,C00082,2025-08-06,CALL,R. Salazar,PAYMENT_CONFIRMED,
ACT-0005966,INV-0026631,C00247,2026-06-19,CALL,P. Ibarra,PROMISE_TO_PAY,2026-07-17
ACT-0005967,INV-0021236,C00195,2025-11-09,EMAIL,R. Salazar,NO_ANSWER,
ACT-0005968,INV-0021236,C00195,2025-09-26,EMAIL,R. Salazar,NO_ANSWER,
ACT-0005969,INV-0018407,C00168,2025-03-08,EMAIL,B. Quintana,NO_ANSWER,
ACT-0005970,INV-0018407,C00168,2025-04-04,CALL,B. Quintana,INFO_REQUESTED,
ACT-0005971,INV-0018407,C00168,2025-03-25,ESCALATION,B. Quintana,PROMISE_TO_PAY,2025-04-11
ACT-0005972,INV-0006471,C00056,2026-02-15,EMAIL,G. Montoya,PROMISE_TO_PAY,2026-02-25
ACT-0005973,INV-0006471,C00056,2026-02-25,CALL,G. Montoya,INFO_REQUESTED,
ACT-0005974,INV-0006471,C00056,2026-03-05,CALL,G. Montoya,DISPUTE_RAISED,
ACT-0005975,INV-0006471,C00056,2026-03-17,CALL,G. Montoya,INFO_REQUESTED,
ACT-0005976,INV-0008537,C00074,2025-08-23,EMAIL,L. Moreno,INFO_REQUESTED,
ACT-0005977,INV-0008537,C00074,2025-09-19,EMAIL,L. Moreno,DISPUTE_RAISED,
ACT-0005978,INV-0008537,C00074,2025-09-11,EMAIL,L. Moreno,NO_ANSWER,
ACT-0005979,INV-0006227,C00054,2026-01-24,CALL,G. Montoya,PROMISE_TO_PAY,2026-02-24
ACT-0005980,INV-0006227,C00054,2026-02-15,EMAIL,G. Montoya,NO_ANSWER,
ACT-0005981,INV-0025565,C00237,2026-04-17,CALL,F. Zamora,DISPUTE_RAISED,
ACT-0005982,INV-0025565,C00237,2026-05-13,EMAIL,F. Zamora,PROMISE_TO_PAY,2026-05-22
ACT-0005983,INV-0025565,C00237,2026-04-23,CALL,F. Zamora,NO_ANSWER,
ACT-0005984,INV-0019512,C00178,2026-01-31,EMAIL,M. Contreras,PROMISE_TO_PAY,2026-02-28
ACT-0005985,INV-0019512,C00178,2026-02-17,ESCALATION,M. Contreras,NO_ANSWER,
ACT-0005986,INV-0019512,C00178,2026-02-24,STATEMENT,M. Contreras,PROMISE_TO_PAY,2026-03-10
ACT-0005987,INV-0019512,C00178,2026-01-02,EMAIL,M. Contreras,INFO_REQUESTED,
ACT-0005988,INV-0003162,C00028,2025-12-01,EMAIL,G. Montoya,PAYMENT_CONFIRMED,
ACT-0005989,INV-0003162,C00028,2026-01-02,CALL,G. Montoya,NO_ANSWER,
ACT-0005990,INV-0003162,C00028,2026-01-06,CALL,G. Montoya,NO_ANSWER,
ACT-0005991,INV-0003162,C00028,2026-02-25,CALL,G. Montoya,NO_ANSWER,
ACT-0005992,INV-0023069,C00213,2025-11-24,EMAIL,J. Villalobos,PAYMENT_CONFIRMED,
ACT-0005993,INV-0027979,C00261,2025-06-23,CALL,P. Ibarra,PROMISE_TO_PAY,2025-07-24
ACT-0005994,INV-0027979,C00261,2025-05-18,EMAIL,P. Ibarra,PAYMENT_CONFIRMED,
ACT-0005995,INV-0027979,C00261,2025-06-03,EMAIL,P. Ibarra,PAYMENT_CONFIRMED,
ACT-0005996,INV-0027979,C00261,2025-07-17,CALL,P. Ibarra,INFO_REQUESTED,
ACT-0005997,INV-0003019,C00027,2025-09-23,EMAIL,L. Moreno,PAYMENT_CONFIRMED,
ACT-0005998,INV-0003019,C00027,2025-10-13,CALL,L. Moreno,NO_ANSWER,
ACT-0005999,INV-0003019,C00027,2025-09-12,STATEMENT,L. Moreno,PAYMENT_CONFIRMED,
ACT-0006000,INV-0027217,C00253,2026-04-21,EMAIL,T. Rivas,PROMISE_TO_PAY,2026-05-01
ACT-0006001,INV-0027217,C00253,2026-05-08,EMAIL,T. Rivas,PAYMENT_CONFIRMED,
ACT-0006002,INV-0001565,C00014,2025-12-02,EMAIL,P. Ibarra,DISPUTE_RAISED,
ACT-0006003,INV-0001565,C00014,2026-01-17,CALL,P. Ibarra,PAYMENT_CONFIRMED,
ACT-0006004,INV-0016870,C00153,2025-06-16,EMAIL,L. Moreno,NO_ANSWER,
ACT-0006005,INV-0008391,C00072,2026-06-18,CALL,J. Villalobos,PROMISE_TO_PAY,2026-07-20
ACT-0006006,INV-0025830,C00240,2025-06-13,ESCALATION,B. Quintana,PAYMENT_CONFIRMED,
ACT-0006007,INV-0028307,C00264,2025-09-06,EMAIL,T. Rivas,PROMISE_TO_PAY,2025-10-01
ACT-0006008,INV-0028307,C00264,2025-09-20,CALL,T. Rivas,INFO_REQUESTED,
ACT-0006009,INV-0014542,C00130,2025-08-01,CALL,P. Ibarra,PAYMENT_CONFIRMED,
ACT-0006010,INV-0017528,C00159,2025-10-10,STATEMENT,A. Reyes,PROMISE_TO_PAY,2025-11-06
ACT-0006011,INV-0017528,C00159,2025-08-27,EMAIL,A. Reyes,PAYMENT_CONFIRMED,
ACT-0006012,INV-0006239,C00054,2026-01-13,EMAIL,G. Montoya,NO_ANSWER,
ACT-0006013,INV-0006239,C00054,2026-02-15,CALL,G. Montoya,PROMISE_TO_PAY,2026-03-15
ACT-0006014,INV-0008818,C00076,2025-12-23,EMAIL,R. Salazar,PROMISE_TO_PAY,2026-01-12
ACT-0006015,INV-0008818,C00076,2026-03-03,CALL,R. Salazar,PAYMENT_CONFIRMED,
ACT-0006016,INV-0008818,C00076,2026-02-02,EMAIL,R. Salazar,PROMISE_TO_PAY,2026-02-26
ACT-0006017,INV-0008818,C00076,2026-02-05,EMAIL,R. Salazar,PROMISE_TO_PAY,2026-02-23
ACT-0006018,INV-0010983,C00095,2026-01-01,STATEMENT,A. Reyes,PROMISE_TO_PAY,2026-01-12
ACT-0006019,INV-0011314,C00098,2026-06-03,STATEMENT,R. Salazar,PROMISE_TO_PAY,2026-06-08
ACT-0006020,INV-0011314,C00098,2026-05-10,CALL,R. Salazar,PROMISE_TO_PAY,2026-05-26
ACT-0006021,INV-0006301,C00055,2025-05-23,CALL,B. Quintana,PROMISE_TO_PAY,2025-06-04
ACT-0006022,INV-0006301,C00055,2025-04-08,CALL,B. Quintana,PROMISE_TO_PAY,2025-05-11
ACT-0006023,INV-0006301,C00055,2025-05-02,EMAIL,B. Quintana,INFO_REQUESTED,
ACT-0006024,INV-0006301,C00055,2025-07-26,CALL,B. Quintana,PAYMENT_CONFIRMED,
ACT-0006025,INV-0003097,C00027,2026-06-27,CALL,L. Moreno,DISPUTE_RAISED,
ACT-0006026,INV-0026119,C00243,2025-05-14,EMAIL,F. Zamora,PROMISE_TO_PAY,2025-06-16
ACT-0006027,INV-0026119,C00243,2025-03-14,EMAIL,F. Zamora,NO_ANSWER,
ACT-0006028,INV-0007096,C00061,2026-05-21,EMAIL,M. Contreras,PAYMENT_CONFIRMED,
ACT-0006029,INV-0007096,C00061,2026-06-21,ESCALATION,M. Contreras,PROMISE_TO_PAY,2026-07-23
ACT-0006030,INV-0007096,C00061,2026-06-23,EMAIL,M. Contreras,DISPUTE_RAISED,
ACT-0006031,INV-0007096,C00061,2026-06-30,ESCALATION,M. Contreras,NO_ANSWER,
ACT-0006032,INV-0004786,C00042,2025-09-30,EMAIL,D. Aguilar,PROMISE_TO_PAY,2025-10-29
ACT-0006033,INV-0004786,C00042,2025-10-17,EMAIL,D. Aguilar,PAYMENT_CONFIRMED,
ACT-0006034,INV-0004786,C00042,2025-11-13,STATEMENT,D. Aguilar,INFO_REQUESTED,
ACT-0006035,INV-0004786,C00042,2025-12-29,EMAIL,D. Aguilar,PAYMENT_CONFIRMED,
ACT-0006036,INV-0006110,C00053,2026-02-16,ESCALATION,M. Contreras,DISPUTE_RAISED,
ACT-0006037,INV-0018860,C00172,2025-12-20,STATEMENT,T. Rivas,NO_ANSWER,
ACT-0006038,INV-0018860,C00172,2026-02-07,EMAIL,T. Rivas,PAYMENT_CONFIRMED,
ACT-0006039,INV-0018860,C00172,2026-02-18,EMAIL,T. Rivas,PROMISE_TO_PAY,2026-03-25
ACT-0006040,INV-0018860,C00172,2026-01-13,STATEMENT,T. Rivas,PROMISE_TO_PAY,2026-02-03
ACT-0006041,INV-0011463,C00100,2025-05-30,EMAIL,V. Cardenas,PROMISE_TO_PAY,2025-06-14
ACT-0006042,INV-0013341,C00118,2025-12-10,EMAIL,M. Contreras,NO_ANSWER,
ACT-0006043,INV-0013341,C00118,2026-01-12,EMAIL,M. Contreras,PAYMENT_CONFIRMED,
ACT-0006044,INV-0009608,C00083,2025-06-18,EMAIL,R. Salazar,NO_ANSWER,
ACT-0006045,INV-0009608,C00083,2025-05-18,EMAIL,R. Salazar,NO_ANSWER,
ACT-0006046,INV-0011280,C00098,2025-08-29,EMAIL,R. Salazar,PAYMENT_CONFIRMED,
ACT-0006047,INV-0011280,C00098,2025-09-30,STATEMENT,R. Salazar,INFO_REQUESTED,
ACT-0006048,INV-0011280,C00098,2025-10-12,CALL,R. Salazar,NO_ANSWER,
ACT-0006049,INV-0011280,C00098,2025-12-03,CALL,R. Salazar,PROMISE_TO_PAY,2026-01-10
ACT-0006050,INV-0015990,C00144,2025-11-07,EMAIL,B. Quintana,PAYMENT_CONFIRMED,
ACT-0006051,INV-0022989,C00212,2026-01-25,STATEMENT,P. Ibarra,PROMISE_TO_PAY,2026-02-01
ACT-0006052,INV-0022989,C00212,2026-02-07,STATEMENT,P. Ibarra,NO_ANSWER,
ACT-0006053,INV-0022989,C00212,2026-02-25,STATEMENT,P. Ibarra,PAYMENT_CONFIRMED,
ACT-0006054,INV-0026465,C00246,2025-06-04,STATEMENT,V. Cardenas,PROMISE_TO_PAY,2025-06-19
ACT-0006055,INV-0026465,C00246,2025-08-16,EMAIL,V. Cardenas,PROMISE_TO_PAY,2025-09-02
ACT-0006056,INV-0026465,C00246,2025-08-07,EMAIL,V. Cardenas,PAYMENT_CONFIRMED,
ACT-0006057,INV-0026465,C00246,2025-06-26,EMAIL,V. Cardenas,INFO_REQUESTED,
ACT-0006058,INV-0029903,C00285,2026-06-27,EMAIL,C. Fuentes,NO_ANSWER,
ACT-0006059,INV-0027682,C00258,2025-07-30,ESCALATION,P. Ibarra,PAYMENT_CONFIRMED,
ACT-0006060,INV-0027682,C00258,2025-10-06,EMAIL,P. Ibarra,NO_ANSWER,
ACT-0006061,INV-0027682,C00258,2025-07-31,EMAIL,P. Ibarra,NO_ANSWER,
ACT-0006062,INV-0027682,C00258,2025-10-16,ESCALATION,P. Ibarra,INFO_REQUESTED,
ACT-0006063,INV-0023319,C00215,2026-04-13,EMAIL,M. Contreras,NO_ANSWER,
ACT-0006064,INV-0023319,C00215,2026-05-10,EMAIL,M. Contreras,PROMISE_TO_PAY,2026-06-03
ACT-0006065,INV-0023319,C00215,2026-04-08,EMAIL,M. Contreras,DISPUTE_RAISED,
ACT-0006066,INV-0023319,C00215,2026-04-28,EMAIL,M. Contreras,NO_ANSWER,
ACT-0006067,INV-0022843,C00211,2025-08-27,ESCALATION,D. Aguilar,DISPUTE_RAISED,
ACT-0006068,INV-0022843,C00211,2025-10-27,CALL,D. Aguilar,INFO_REQUESTED,
ACT-0006069,INV-0022843,C00211,2025-12-03,EMAIL,D. Aguilar,PROMISE_TO_PAY,2025-12-20
ACT-0006070,INV-0020965,C00192,2026-06-23,EMAIL,C. Fuentes,PAYMENT_CONFIRMED,
ACT-0006071,INV-0024802,C00230,2025-05-14,EMAIL,N. Espinoza,PAYMENT_CONFIRMED,
ACT-0006072,INV-0028448,C00265,2026-01-23,CALL,F. Zamora,PAYMENT_CONFIRMED,
ACT-0006073,INV-0008371,C00072,2026-05-29,CALL,J. Villalobos,PROMISE_TO_PAY,2026-06-08
ACT-0006074,INV-0013050,C00115,2026-06-21,CALL,C. Fuentes,NO_ANSWER,
ACT-0006075,INV-0013050,C00115,2026-04-27,EMAIL,C. Fuentes,NO_ANSWER,
ACT-0006076,INV-0013050,C00115,2026-06-20,EMAIL,C. Fuentes,DISPUTE_RAISED,
ACT-0006077,INV-0013050,C00115,2026-06-30,CALL,C. Fuentes,PAYMENT_CONFIRMED,
ACT-0006078,INV-0009655,C00083,2025-12-27,EMAIL,R. Salazar,NO_ANSWER,
ACT-0006079,INV-0009655,C00083,2025-12-24,ESCALATION,R. Salazar,NO_ANSWER,
ACT-0006080,INV-0016469,C00149,2025-06-23,CALL,V. Cardenas,PROMISE_TO_PAY,2025-07-05
ACT-0006081,INV-0016469,C00149,2025-07-09,EMAIL,V. Cardenas,PAYMENT_CONFIRMED,
ACT-0006082,INV-0016469,C00149,2025-06-01,CALL,V. Cardenas,NO_ANSWER,
ACT-0006083,INV-0022990,C00212,2026-03-30,EMAIL,P. Ibarra,PROMISE_TO_PAY,2026-05-04
ACT-0006084,INV-0022990,C00212,2026-01-29,EMAIL,P. Ibarra,NO_ANSWER,
ACT-0006085,INV-0022990,C00212,2026-05-01,STATEMENT,P. Ibarra,DISPUTE_RAISED,
ACT-0006086,INV-0022990,C00212,2026-03-11,CALL,P. Ibarra,NO_ANSWER,
ACT-0006087,INV-0012798,C00113,2025-12-26,ESCALATION,C. Fuentes,NO_ANSWER,
ACT-0006088,INV-0012798,C00113,2025-12-18,STATEMENT,C. Fuentes,PAYMENT_CONFIRMED,
ACT-0006089,INV-0015635,C00140,2026-02-15,EMAIL,P. Ibarra,NO_ANSWER,
ACT-0006090,INV-0009303,C00080,2026-05-31,EMAIL,L. Moreno,INFO_REQUESTED,
ACT-0006091,INV-0009303,C00080,2026-06-25,EMAIL,L. Moreno,PROMISE_TO_PAY,2026-07-21
ACT-0006092,INV-0009303,C00080,2026-06-30,ESCALATION,L. Moreno,INFO_REQUESTED,
ACT-0006093,INV-0009303,C00080,2026-05-28,STATEMENT,L. Moreno,INFO_REQUESTED,
ACT-0006094,INV-0006927,C00060,2025-11-25,EMAIL,P. Ibarra,NO_ANSWER,
ACT-0006095,INV-0006927,C00060,2025-11-11,ESCALATION,P. Ibarra,PROMISE_TO_PAY,2025-12-07
ACT-0006096,INV-0006927,C00060,2025-12-06,CALL,P. Ibarra,PROMISE_TO_PAY,2025-12-27
ACT-0006097,INV-0007140,C00062,2025-07-03,EMAIL,P. Ibarra,DISPUTE_RAISED,
ACT-0006098,INV-0007140,C00062,2025-07-14,STATEMENT,P. Ibarra,PROMISE_TO_PAY,2025-08-02
ACT-0006099,INV-0024090,C00223,2025-04-18,CALL,P. Ibarra,NO_ANSWER,
ACT-0006100,INV-0024090,C00223,2025-04-03,CALL,P. Ibarra,NO_ANSWER,
ACT-0006101,INV-0024090,C00223,2025-06-04,CALL,P. Ibarra,INFO_REQUESTED,
ACT-0006102,INV-0024090,C00223,2025-05-11,ESCALATION,P. Ibarra,INFO_REQUESTED,
ACT-0006103,INV-0000844,C00008,2025-08-21,EMAIL,V. Cardenas,NO_ANSWER,
ACT-0006104,INV-0000844,C00008,2025-09-27,EMAIL,V. Cardenas,PROMISE_TO_PAY,2025-10-04
ACT-0006105,INV-0000844,C00008,2025-09-13,CALL,V. Cardenas,PROMISE_TO_PAY,2025-10-06
ACT-0006106,INV-0000844,C00008,2025-12-24,EMAIL,V. Cardenas,PROMISE_TO_PAY,2026-02-01
ACT-0006107,INV-0022440,C00207,2025-10-18,EMAIL,T. Rivas,DISPUTE_RAISED,
ACT-0006108,INV-0022440,C00207,2025-11-07,CALL,T. Rivas,PROMISE_TO_PAY,2025-12-11
ACT-0006109,INV-0011239,C00097,2026-06-25,EMAIL,P. Ibarra,PAYMENT_CONFIRMED,
ACT-0006110,INV-0008736,C00075,2026-05-29,EMAIL,D. Aguilar,PAYMENT_CONFIRMED,
ACT-0006111,INV-0005998,C00052,2026-01-01,EMAIL,C. Fuentes,INFO_REQUESTED,
ACT-0006112,INV-0005998,C00052,2026-03-05,EMAIL,C. Fuentes,DISPUTE_RAISED,
ACT-0006113,INV-0005998,C00052,2026-01-25,CALL,C. Fuentes,NO_ANSWER,
ACT-0006114,INV-0004292,C00038,2025-10-02,EMAIL,V. Cardenas,PROMISE_TO_PAY,2025-10-08
ACT-0006115,INV-0004292,C00038,2025-10-24,CALL,V. Cardenas,NO_ANSWER,
ACT-0006116,INV-0004292,C00038,2025-11-24,CALL,V. Cardenas,INFO_REQUESTED,
ACT-0006117,INV-0004292,C00038,2025-12-04,STATEMENT,V. Cardenas,DISPUTE_RAISED,
ACT-0006118,INV-0024009,C00222,2025-07-28,CALL,F. Zamora,PROMISE_TO_PAY,2025-08-16
ACT-0006119,INV-0024009,C00222,2025-09-27,STATEMENT,F. Zamora,PROMISE_TO_PAY,2025-10-05
ACT-0006120,INV-0024009,C00222,2025-10-06,EMAIL,F. Zamora,NO_ANSWER,
ACT-0006121,INV-0008815,C00076,2025-12-03,CALL,R. Salazar,PROMISE_TO_PAY,2025-12-13
ACT-0006122,INV-0007242,C00063,2025-05-19,STATEMENT,C. Fuentes,NO_ANSWER,
ACT-0006123,INV-0002822,C00025,2025-11-29,EMAIL,B. Quintana,PAYMENT_CONFIRMED,
ACT-0006124,INV-0002822,C00025,2026-03-03,CALL,B. Quintana,PROMISE_TO_PAY,2026-03-30
ACT-0006125,INV-0002822,C00025,2026-01-14,CALL,B. Quintana,DISPUTE_RAISED,
ACT-0006126,INV-0021174,C00194,2026-03-16,EMAIL,P. Ibarra,PAYMENT_CONFIRMED,
ACT-0006127,INV-0012295,C00108,2026-01-15,EMAIL,G. Montoya,NO_ANSWER,
ACT-0006128,INV-0012295,C00108,2025-12-05,EMAIL,G. Montoya,NO_ANSWER,
ACT-0006129,INV-0012295,C00108,2025-12-05,CALL,G. Montoya,NO_ANSWER,
ACT-0006130,INV-0026971,C00251,2025-08-08,ESCALATION,N. Espinoza,INFO_REQUESTED,
ACT-0006131,INV-0026971,C00251,2025-08-17,STATEMENT,N. Espinoza,PROMISE_TO_PAY,2025-09-06
ACT-0006132,INV-0015948,C00143,2026-06-26,EMAIL,P. Ibarra,PAYMENT_CONFIRMED,
ACT-0006133,INV-0011308,C00098,2026-03-08,CALL,R. Salazar,NO_ANSWER,
ACT-0006134,INV-0011308,C00098,2026-04-21,ESCALATION,R. Salazar,PROMISE_TO_PAY,2026-05-08
ACT-0006135,INV-0011308,C00098,2026-04-13,ESCALATION,R. Salazar,PROMISE_TO_PAY,2026-04-26
ACT-0006136,INV-0012942,C00114,2026-05-14,EMAIL,F. Zamora,DISPUTE_RAISED,
ACT-0006137,INV-0012942,C00114,2026-06-18,CALL,F. Zamora,NO_ANSWER,
ACT-0006138,INV-0012942,C00114,2026-05-17,EMAIL,F. Zamora,NO_ANSWER,
ACT-0006139,INV-0024964,C00231,2025-11-19,EMAIL,T. Rivas,PROMISE_TO_PAY,2025-12-05
ACT-0006140,INV-0024964,C00231,2025-12-13,EMAIL,T. Rivas,INFO_REQUESTED,
ACT-0006141,INV-0022677,C00209,2026-06-17,EMAIL,D. Aguilar,PAYMENT_CONFIRMED,
ACT-0006142,INV-0003112,C00028,2025-05-08,CALL,G. Montoya,INFO_REQUESTED,
ACT-0006143,INV-0003112,C00028,2025-06-06,CALL,G. Montoya,PAYMENT_CONFIRMED,
ACT-0006144,INV-0015496,C00139,2025-09-10,CALL,V. Cardenas,NO_ANSWER,
ACT-0006145,INV-0015496,C00139,2025-09-21,STATEMENT,V. Cardenas,PROMISE_TO_PAY,2025-10-20
ACT-0006146,INV-0015496,C00139,2025-08-19,EMAIL,V. Cardenas,NO_ANSWER,
ACT-0006147,INV-0000017,C00001,2025-05-30,ESCALATION,B. Quintana,PAYMENT_CONFIRMED,
ACT-0006148,INV-0000017,C00001,2025-07-18,CALL,B. Quintana,PAYMENT_CONFIRMED,
ACT-0006149,INV-0000017,C00001,2025-07-17,CALL,B. Quintana,INFO_REQUESTED,
ACT-0006150,INV-0026482,C00246,2025-10-14,EMAIL,V. Cardenas,NO_ANSWER,
ACT-0006151,INV-0008877,C00077,2025-04-14,EMAIL,P. Ibarra,PAYMENT_CONFIRMED,
ACT-0006152,INV-0008877,C00077,2025-06-26,CALL,P. Ibarra,INFO_REQUESTED,
ACT-0006153,INV-0008877,C00077,2025-07-20,CALL,P. Ibarra,INFO_REQUESTED,
ACT-0006154,INV-0008877,C00077,2025-08-05,EMAIL,P. Ibarra,PAYMENT_CONFIRMED,
ACT-0006155,INV-0030741,C00297,2026-05-15,EMAIL,M. Contreras,PROMISE_TO_PAY,2026-06-19
ACT-0006156,INV-0010579,C00091,2026-04-10,CALL,L. Moreno,INFO_REQUESTED,
ACT-0006157,INV-0010579,C00091,2026-03-22,EMAIL,L. Moreno,PAYMENT_CONFIRMED,
ACT-0006158,INV-0010579,C00091,2026-03-09,ESCALATION,L. Moreno,INFO_REQUESTED,
ACT-0006159,INV-0010579,C00091,2026-03-21,EMAIL,L. Moreno,PAYMENT_CONFIRMED,
ACT-0006160,INV-0019328,C00176,2026-03-19,ESCALATION,A. Reyes,NO_ANSWER,
ACT-0006161,INV-0019328,C00176,2026-03-26,ESCALATION,A. Reyes,DISPUTE_RAISED,
ACT-0006162,INV-0019328,C00176,2026-04-23,EMAIL,A. Reyes,NO_ANSWER,
ACT-0006163,INV-0019328,C00176,2026-06-08,EMAIL,A. Reyes,NO_ANSWER,
ACT-0006164,INV-0012433,C00110,2025-05-03,CALL,M. Contreras,PROMISE_TO_PAY,2025-05-17
ACT-0006165,INV-0012433,C00110,2025-04-30,EMAIL,M. Contreras,DISPUTE_RAISED,
ACT-0006166,INV-0012433,C00110,2025-06-05,CALL,M. Contreras,PROMISE_TO_PAY,2025-07-08
ACT-0006167,INV-0020824,C00191,2026-02-02,EMAIL,T. Rivas,PAYMENT_CONFIRMED,
ACT-0006168,INV-0020824,C00191,2025-11-29,STATEMENT,T. Rivas,PROMISE_TO_PAY,2025-12-09
ACT-0006169,INV-0020824,C00191,2026-03-11,CALL,T. Rivas,DISPUTE_RAISED,
ACT-0006170,INV-0005038,C00044,2026-03-24,CALL,B. Quintana,DISPUTE_RAISED,
ACT-0006171,INV-0005038,C00044,2026-03-16,CALL,B. Quintana,PAYMENT_CONFIRMED,
ACT-0006172,INV-0005038,C00044,2026-04-16,EMAIL,B. Quintana,NO_ANSWER,
ACT-0006173,INV-0005038,C00044,2026-03-05,EMAIL,B. Quintana,PROMISE_TO_PAY,2026-04-11
ACT-0006174,INV-0002732,C00024,2026-06-05,EMAIL,C. Fuentes,PROMISE_TO_PAY,2026-06-18
ACT-0006175,INV-0001683,C00015,2026-01-30,STATEMENT,D. Aguilar,PROMISE_TO_PAY,2026-02-08
ACT-0006176,INV-0001683,C00015,2026-01-27,EMAIL,D. Aguilar,NO_ANSWER,
ACT-0006177,INV-0017837,C00162,2025-10-29,ESCALATION,R. Salazar,INFO_REQUESTED,
ACT-0006178,INV-0011732,C00102,2026-06-29,CALL,N. Espinoza,PAYMENT_CONFIRMED,
ACT-0006179,INV-0005404,C00047,2026-03-26,EMAIL,V. Cardenas,NO_ANSWER,
ACT-0006180,INV-0005404,C00047,2026-03-10,CALL,V. Cardenas,NO_ANSWER,
ACT-0006181,INV-0005404,C00047,2026-04-06,CALL,V. Cardenas,PROMISE_TO_PAY,2026-05-12
ACT-0006182,INV-0005404,C00047,2026-03-21,STATEMENT,V. Cardenas,NO_ANSWER,
ACT-0006183,INV-0022362,C00206,2026-01-25,ESCALATION,S. Duarte,INFO_REQUESTED,
ACT-0006184,INV-0022362,C00206,2025-12-20,EMAIL,S. Duarte,PAYMENT_CONFIRMED,
ACT-0006185,INV-0024431,C00226,2025-11-20,EMAIL,B. Quintana,DISPUTE_RAISED,
ACT-0006186,INV-0014129,C00126,2025-06-02,EMAIL,S. Duarte,PROMISE_TO_PAY,2025-06-08
ACT-0006187,INV-0025655,C00238,2026-03-02,EMAIL,A. Reyes,DISPUTE_RAISED,
ACT-0006188,INV-0025655,C00238,2026-02-22,EMAIL,A. Reyes,PROMISE_TO_PAY,2026-03-15
ACT-0006189,INV-0026153,C00243,2025-09-02,CALL,F. Zamora,NO_ANSWER,
ACT-0006190,INV-0026153,C00243,2025-08-02,CALL,F. Zamora,PAYMENT_CONFIRMED,
ACT-0006191,INV-0026153,C00243,2025-08-22,EMAIL,F. Zamora,INFO_REQUESTED,
ACT-0006192,INV-0026153,C00243,2025-08-13,CALL,F. Zamora,INFO_REQUESTED,
ACT-0006193,INV-0012864,C00114,2025-05-09,CALL,F. Zamora,INFO_REQUESTED,
ACT-0006194,INV-0012864,C00114,2025-06-20,EMAIL,F. Zamora,DISPUTE_RAISED,
ACT-0006195,INV-0012864,C00114,2025-07-23,CALL,F. Zamora,INFO_REQUESTED,
ACT-0006196,INV-0012864,C00114,2025-08-14,EMAIL,F. Zamora,DISPUTE_RAISED,
ACT-0006197,INV-0025828,C00240,2025-08-03,EMAIL,B. Quintana,PROMISE_TO_PAY,2025-08-22
ACT-0006198,INV-0025828,C00240,2025-07-30,EMAIL,B. Quintana,PAYMENT_CONFIRMED,
ACT-0006199,INV-0025828,C00240,2025-09-07,CALL,B. Quintana,NO_ANSWER,
ACT-0006200,INV-0010650,C00092,2025-09-09,STATEMENT,P. Ibarra,PAYMENT_CONFIRMED,
ACT-0006201,INV-0010650,C00092,2025-09-20,EMAIL,P. Ibarra,NO_ANSWER,
ACT-0006202,INV-0010650,C00092,2025-11-24,CALL,P. Ibarra,DISPUTE_RAISED,
ACT-0006203,INV-0009410,C00081,2026-01-26,STATEMENT,T. Rivas,INFO_REQUESTED,
ACT-0006204,INV-0009410,C00081,2026-01-27,EMAIL,T. Rivas,INFO_REQUESTED,
ACT-0006205,INV-0009410,C00081,2026-05-05,EMAIL,T. Rivas,NO_ANSWER,
ACT-0006206,INV-0005378,C00047,2025-09-09,EMAIL,V. Cardenas,PROMISE_TO_PAY,2025-10-02
ACT-0006207,INV-0003567,C00032,2025-05-07,EMAIL,N. Espinoza,DISPUTE_RAISED,
ACT-0006208,INV-0003567,C00032,2025-05-10,STATEMENT,N. Espinoza,NO_ANSWER,
ACT-0006209,INV-0003567,C00032,2025-05-18,EMAIL,N. Espinoza,NO_ANSWER,
ACT-0006210,INV-0007650,C00066,2025-12-18,CALL,A. Reyes,NO_ANSWER,
ACT-0006211,INV-0003605,C00032,2025-11-19,EMAIL,N. Espinoza,PAYMENT_CONFIRMED,
ACT-0006212,INV-0012896,C00114,2025-12-29,EMAIL,F. Zamora,PROMISE_TO_PAY,2026-01-29
ACT-0006213,INV-0012896,C00114,2025-11-10,EMAIL,F. Zamora,NO_ANSWER,
ACT-0006214,INV-0023889,C00221,2025-07-03,EMAIL,S. Duarte,PROMISE_TO_PAY,2025-07-23
ACT-0006215,INV-0023889,C00221,2025-05-26,EMAIL,S. Duarte,INFO_REQUESTED,
ACT-0006216,INV-0023889,C00221,2025-07-28,STATEMENT,S. Duarte,NO_ANSWER,
ACT-0006217,INV-0008585,C00074,2026-04-07,EMAIL,L. Moreno,PAYMENT_CONFIRMED,
ACT-0006218,INV-0010294,C00089,2025-06-20,EMAIL,R. Salazar,INFO_REQUESTED,
ACT-0006219,INV-0010294,C00089,2025-07-20,ESCALATION,R. Salazar,DISPUTE_RAISED,
ACT-0006220,INV-0010294,C00089,2025-06-05,STATEMENT,R. Salazar,NO_ANSWER,
ACT-0006221,INV-0023305,C00215,2026-01-31,CALL,M. Contreras,NO_ANSWER,
ACT-0006222,INV-0023305,C00215,2026-01-08,CALL,M. Contreras,INFO_REQUESTED,
ACT-0006223,INV-0003845,C00034,2025-12-19,STATEMENT,L. Moreno,PROMISE_TO_PAY,2026-01-21
ACT-0006224,INV-0003845,C00034,2026-02-22,EMAIL,L. Moreno,DISPUTE_RAISED,
ACT-0006225,INV-0003845,C00034,2026-01-04,EMAIL,L. Moreno,PROMISE_TO_PAY,2026-01-16
ACT-0006226,INV-0007308,C00063,2026-03-03,EMAIL,C. Fuentes,NO_ANSWER,
ACT-0006227,INV-0007308,C00063,2026-03-23,EMAIL,C. Fuentes,DISPUTE_RAISED,
ACT-0006228,INV-0007810,C00067,2026-05-26,STATEMENT,A. Reyes,PAYMENT_CONFIRMED,
ACT-0006229,INV-0029825,C00284,2026-05-28,EMAIL,G. Montoya,NO_ANSWER,
ACT-0006230,INV-0029825,C00284,2026-06-21,CALL,G. Montoya,PROMISE_TO_PAY,2026-07-04
ACT-0006231,INV-0009854,C00085,2025-08-06,EMAIL,C. Fuentes,PAYMENT_CONFIRMED,
ACT-0006232,INV-0026926,C00250,2026-04-02,CALL,P. Ibarra,INFO_REQUESTED,
ACT-0006233,INV-0027797,C00259,2025-09-08,ESCALATION,A. Reyes,PROMISE_TO_PAY,2025-09-30
ACT-0006234,INV-0027797,C00259,2025-11-18,EMAIL,A. Reyes,DISPUTE_RAISED,
ACT-0006235,INV-0027797,C00259,2025-12-02,CALL,A. Reyes,PROMISE_TO_PAY,2025-12-16
ACT-0006236,INV-0027797,C00259,2025-12-22,STATEMENT,A. Reyes,DISPUTE_RAISED,
ACT-0006237,INV-0018639,C00170,2025-10-26,ESCALATION,B. Quintana,PROMISE_TO_PAY,2025-11-28
ACT-0006238,INV-0018639,C00170,2025-11-01,CALL,B. Quintana,DISPUTE_RAISED,
ACT-0006239,INV-0018639,C00170,2025-11-06,EMAIL,B. Quintana,DISPUTE_RAISED,
ACT-0006240,INV-0003524,C00031,2026-06-07,ESCALATION,N. Espinoza,PAYMENT_CONFIRMED,
ACT-0006241,INV-0003524,C00031,2026-05-16,ESCALATION,N. Espinoza,PROMISE_TO_PAY,2026-06-05
ACT-0006242,INV-0026313,C00244,2026-05-31,EMAIL,P. Ibarra,PROMISE_TO_PAY,2026-06-27
ACT-0006243,INV-0026313,C00244,2026-04-23,STATEMENT,P. Ibarra,PROMISE_TO_PAY,2026-05-03
ACT-0006244,INV-0026313,C00244,2026-05-18,EMAIL,P. Ibarra,PROMISE_TO_PAY,2026-06-20
ACT-0006245,INV-0018965,C00173,2026-01-06,EMAIL,J. Villalobos,PAYMENT_CONFIRMED,
ACT-0006246,INV-0018965,C00173,2025-12-03,STATEMENT,J. Villalobos,INFO_REQUESTED,
ACT-0006247,INV-0028333,C00264,2026-01-11,EMAIL,T. Rivas,NO_ANSWER,
ACT-0006248,INV-0028333,C00264,2025-11-30,EMAIL,T. Rivas,NO_ANSWER,
ACT-0006249,INV-0028333,C00264,2026-02-08,EMAIL,T. Rivas,PAYMENT_CONFIRMED,
ACT-0006250,INV-0028333,C00264,2025-12-30,ESCALATION,T. Rivas,NO_ANSWER,
ACT-0006251,INV-0027993,C00261,2025-08-19,EMAIL,P. Ibarra,PROMISE_TO_PAY,2025-09-19
ACT-0006252,INV-0014870,C00133,2025-07-02,EMAIL,J. Villalobos,PROMISE_TO_PAY,2025-07-31
ACT-0006253,INV-0014870,C00133,2025-06-24,EMAIL,J. Villalobos,PROMISE_TO_PAY,2025-07-26
ACT-0006254,INV-0014870,C00133,2025-07-03,STATEMENT,J. Villalobos,PAYMENT_CONFIRMED,
ACT-0006255,INV-0014870,C00133,2025-09-06,CALL,J. Villalobos,INFO_REQUESTED,
ACT-0006256,INV-0004200,C00037,2026-05-09,STATEMENT,P. Ibarra,PROMISE_TO_PAY,2026-05-25
ACT-0006257,INV-0004200,C00037,2026-03-31,EMAIL,P. Ibarra,NO_ANSWER,
ACT-0006258,INV-0020830,C00191,2026-02-19,EMAIL,T. Rivas,PAYMENT_CONFIRMED,
ACT-0006259,INV-0020830,C00191,2026-03-30,EMAIL,T. Rivas,INFO_REQUESTED,
ACT-0006260,INV-0020830,C00191,2026-03-22,CALL,T. Rivas,PAYMENT_CONFIRMED,
ACT-0006261,INV-0018500,C00168,2026-06-10,ESCALATION,B. Quintana,NO_ANSWER,
ACT-0006262,INV-0023430,C00216,2026-04-12,EMAIL,S. Duarte,NO_ANSWER,
ACT-0006263,INV-0023430,C00216,2026-04-26,STATEMENT,S. Duarte,INFO_REQUESTED,
ACT-0006264,INV-0007671,C00066,2026-02-21,CALL,A. Reyes,PROMISE_TO_PAY,2026-02-27
ACT-0006265,INV-0007671,C00066,2026-05-12,STATEMENT,A. Reyes,PAYMENT_CONFIRMED,
ACT-0006266,INV-0000960,C00009,2025-12-03,EMAIL,A. Reyes,INFO_REQUESTED,
ACT-0006267,INV-0000960,C00009,2025-10-08,EMAIL,A. Reyes,PROMISE_TO_PAY,2025-11-15
ACT-0006268,INV-0010936,C00095,2025-04-24,CALL,A. Reyes,PAYMENT_CONFIRMED,
ACT-0006269,INV-0005254,C00046,2025-11-22,EMAIL,V. Cardenas,PROMISE_TO_PAY,2025-12-17
ACT-0006270,INV-0005254,C00046,2026-01-24,CALL,V. Cardenas,INFO_REQUESTED,
ACT-0006271,INV-0005254,C00046,2026-01-03,EMAIL,V. Cardenas,NO_ANSWER,
ACT-0006272,INV-0005254,C00046,2025-12-11,EMAIL,V. Cardenas,PROMISE_TO_PAY,2025-12-29
ACT-0006273,INV-0020396,C00187,2025-04-19,EMAIL,B. Quintana,PAYMENT_CONFIRMED,
ACT-0006274,INV-0020396,C00187,2025-05-14,EMAIL,B. Quintana,NO_ANSWER,
ACT-0006275,INV-0020396,C00187,2025-05-09,CALL,B. Quintana,INFO_REQUESTED,
ACT-0006276,INV-0020396,C00187,2025-08-08,EMAIL,B. Quintana,PAYMENT_CONFIRMED,
ACT-0006277,INV-0016173,C00146,2025-07-04,EMAIL,P. Ibarra,PAYMENT_CONFIRMED,
ACT-0006278,INV-0016173,C00146,2025-06-27,CALL,P. Ibarra,NO_ANSWER,
ACT-0006279,INV-0016173,C00146,2025-06-12,STATEMENT,P. Ibarra,PAYMENT_CONFIRMED,
ACT-0006280,INV-0016173,C00146,2025-06-18,EMAIL,P. Ibarra,NO_ANSWER,
ACT-0006281,INV-0016201,C00146,2026-01-12,STATEMENT,P. Ibarra,NO_ANSWER,
ACT-0006282,INV-0016201,C00146,2025-12-12,EMAIL,P. Ibarra,PROMISE_TO_PAY,2025-12-25
ACT-0006283,INV-0016201,C00146,2026-01-02,CALL,P. Ibarra,NO_ANSWER,
ACT-0006284,INV-0016201,C00146,2025-12-24,CALL,P. Ibarra,INFO_REQUESTED,
ACT-0006285,INV-0005878,C00051,2026-02-14,EMAIL,V. Cardenas,PROMISE_TO_PAY,2026-02-23
ACT-0006286,INV-0005878,C00051,2026-02-16,EMAIL,V. Cardenas,PROMISE_TO_PAY,2026-03-08
ACT-0006287,INV-0005878,C00051,2026-01-07,EMAIL,V. Cardenas,NO_ANSWER,
ACT-0006288,INV-0005878,C00051,2026-03-21,EMAIL,V. Cardenas,DISPUTE_RAISED,
ACT-0006289,INV-0017116,C00155,2026-02-21,CALL,J. Villalobos,PAYMENT_CONFIRMED,
ACT-0006290,INV-0001113,C00010,2026-06-19,ESCALATION,F. Zamora,INFO_REQUESTED,
ACT-0006291,INV-0021989,C00202,2026-03-19,EMAIL,C. Fuentes,INFO_REQUESTED,
ACT-0006292,INV-0021989,C00202,2026-04-28,CALL,C. Fuentes,PROMISE_TO_PAY,2026-05-07
ACT-0006293,INV-0020989,C00193,2025-04-02,CALL,A. Reyes,DISPUTE_RAISED,
ACT-0006294,INV-0020989,C00193,2025-05-28,CALL,A. Reyes,PAYMENT_CONFIRMED,
ACT-0006295,INV-0026073,C00242,2026-01-22,CALL,L. Moreno,PROMISE_TO_PAY,2026-01-27
ACT-0006296,INV-0026073,C00242,2026-02-11,CALL,L. Moreno,PAYMENT_CONFIRMED,
ACT-0006297,INV-0026073,C00242,2026-03-24,STATEMENT,L. Moreno,PROMISE_TO_PAY,2026-04-09
ACT-0006298,INV-0026073,C00242,2026-03-27,EMAIL,L. Moreno,DISPUTE_RAISED,
ACT-0006299,INV-0002656,C00024,2025-07-13,CALL,C. Fuentes,DISPUTE_RAISED,
ACT-0006300,INV-0002656,C00024,2025-07-12,CALL,C. Fuentes,PROMISE_TO_PAY,2025-08-04
ACT-0006301,INV-0002119,C00019,2025-07-15,ESCALATION,C. Fuentes,NO_ANSWER,
ACT-0006302,INV-0002119,C00019,2025-08-07,CALL,C. Fuentes,INFO_REQUESTED,
ACT-0006303,INV-0002119,C00019,2025-08-08,STATEMENT,C. Fuentes,DISPUTE_RAISED,
ACT-0006304,INV-0005249,C00046,2026-01-16,STATEMENT,V. Cardenas,INFO_REQUESTED,
ACT-0006305,INV-0005249,C00046,2025-12-02,EMAIL,V. Cardenas,DISPUTE_RAISED,
ACT-0006306,INV-0005249,C00046,2026-01-05,EMAIL,V. Cardenas,PROMISE_TO_PAY,2026-01-22
ACT-0006307,INV-0000979,C00009,2026-04-02,EMAIL,A. Reyes,INFO_REQUESTED,
ACT-0006308,INV-0014691,C00131,2026-04-08,CALL,P. Ibarra,DISPUTE_RAISED,
ACT-0006309,INV-0014691,C00131,2026-02-26,CALL,P. Ibarra,NO_ANSWER,
ACT-0006310,INV-0027871,C00260,2025-05-01,CALL,F. Zamora,INFO_REQUESTED,
ACT-0006311,INV-0027871,C00260,2025-04-11,EMAIL,F. Zamora,PAYMENT_CONFIRMED,
ACT-0006312,INV-0027871,C00260,2025-04-18,EMAIL,F. Zamora,PROMISE_TO_PAY,2025-05-18
ACT-0006313,INV-0003184,C00028,2026-05-16,CALL,G. Montoya,PROMISE_TO_PAY,2026-06-11
ACT-0006314,INV-0003184,C00028,2026-05-19,EMAIL,G. Montoya,INFO_REQUESTED,
ACT-0006315,INV-0009146,C00079,2026-01-25,EMAIL,B. Quintana,PAYMENT_CONFIRMED,
ACT-0006316,INV-0009146,C00079,2026-02-21,EMAIL,B. Quintana,PAYMENT_CONFIRMED,
ACT-0006317,INV-0013780,C00122,2026-04-13,CALL,V. Cardenas,NO_ANSWER,
ACT-0006318,INV-0013780,C00122,2026-04-16,EMAIL,V. Cardenas,NO_ANSWER,
ACT-0006319,INV-0013780,C00122,2026-06-10,ESCALATION,V. Cardenas,NO_ANSWER,
ACT-0006320,INV-0013780,C00122,2026-04-28,ESCALATION,V. Cardenas,DISPUTE_RAISED,
ACT-0006321,INV-0016025,C00144,2026-05-10,EMAIL,B. Quintana,INFO_REQUESTED,
ACT-0006322,INV-0016025,C00144,2026-06-06,CALL,B. Quintana,INFO_REQUESTED,
ACT-0006323,INV-0005834,C00051,2025-06-17,EMAIL,V. Cardenas,PROMISE_TO_PAY,2025-07-14
ACT-0006324,INV-0020740,C00190,2026-05-09,CALL,L. Moreno,PROMISE_TO_PAY,2026-06-15
ACT-0006325,INV-0020740,C00190,2026-03-14,EMAIL,L. Moreno,INFO_REQUESTED,
ACT-0006326,INV-0020740,C00190,2026-03-20,EMAIL,L. Moreno,PAYMENT_CONFIRMED,
ACT-0006327,INV-0015318,C00137,2025-12-15,EMAIL,V. Cardenas,INFO_REQUESTED,
ACT-0006328,INV-0015318,C00137,2025-12-31,EMAIL,V. Cardenas,NO_ANSWER,
ACT-0006329,INV-0013669,C00121,2026-05-02,CALL,R. Salazar,INFO_REQUESTED,
ACT-0006330,INV-0002920,C00026,2026-01-31,CALL,L. Moreno,PAYMENT_CONFIRMED,
ACT-0006331,INV-0002920,C00026,2026-01-08,CALL,L. Moreno,PROMISE_TO_PAY,2026-01-15
ACT-0006332,INV-0002920,C00026,2026-02-15,EMAIL,L. Moreno,PAYMENT_CONFIRMED,
ACT-0006333,INV-0002920,C00026,2025-12-15,STATEMENT,L. Moreno,NO_ANSWER,
ACT-0006334,INV-0004143,C00037,2025-06-21,ESCALATION,P. Ibarra,PROMISE_TO_PAY,2025-07-03
ACT-0006335,INV-0004143,C00037,2025-08-31,CALL,P. Ibarra,PROMISE_TO_PAY,2025-09-14
ACT-0006336,INV-0004143,C00037,2025-09-22,CALL,P. Ibarra,DISPUTE_RAISED,
ACT-0006337,INV-0010187,C00088,2025-06-01,ESCALATION,R. Salazar,PAYMENT_CONFIRMED,
ACT-0006338,INV-0010187,C00088,2025-06-04,CALL,R. Salazar,INFO_REQUESTED,
ACT-0006339,INV-0010187,C00088,2025-06-17,STATEMENT,R. Salazar,NO_ANSWER,
ACT-0006340,INV-0010187,C00088,2025-06-25,CALL,R. Salazar,DISPUTE_RAISED,
ACT-0006341,INV-0026318,C00244,2026-06-20,EMAIL,P. Ibarra,PROMISE_TO_PAY,2026-07-25
ACT-0006342,INV-0007840,C00068,2025-04-24,EMAIL,C. Fuentes,PROMISE_TO_PAY,2025-05-03
ACT-0006343,INV-0007840,C00068,2025-05-13,EMAIL,C. Fuentes,PAYMENT_CONFIRMED,
ACT-0006344,INV-0007840,C00068,2025-06-29,STATEMENT,C. Fuentes,DISPUTE_RAISED,
ACT-0006345,INV-0022471,C00207,2026-05-12,CALL,T. Rivas,NO_ANSWER,
ACT-0006346,INV-0019544,C00178,2026-05-13,CALL,M. Contreras,PROMISE_TO_PAY,2026-05-21
ACT-0006347,INV-0019544,C00178,2026-05-05,STATEMENT,M. Contreras,NO_ANSWER,
ACT-0006348,INV-0019544,C00178,2026-05-28,EMAIL,M. Contreras,DISPUTE_RAISED,
ACT-0006349,INV-0019544,C00178,2026-06-11,EMAIL,M. Contreras,INFO_REQUESTED,
ACT-0006350,INV-0001311,C00012,2025-10-31,CALL,C. Fuentes,PROMISE_TO_PAY,2025-11-28
ACT-0006351,INV-0001311,C00012,2025-12-15,EMAIL,C. Fuentes,INFO_REQUESTED,
ACT-0006352,INV-0002046,C00018,2026-01-02,STATEMENT,B. Quintana,PROMISE_TO_PAY,2026-01-18
ACT-0006353,INV-0002046,C00018,2026-01-17,EMAIL,B. Quintana,DISPUTE_RAISED,
ACT-0006354,INV-0021368,C00196,2026-02-19,EMAIL,R. Salazar,PAYMENT_CONFIRMED,
ACT-0006355,INV-0021368,C00196,2026-01-15,STATEMENT,R. Salazar,PROMISE_TO_PAY,2026-02-08
ACT-0006356,INV-0021368,C00196,2025-12-21,CALL,R. Salazar,PAYMENT_CONFIRMED,
ACT-0006357,INV-0021368,C00196,2026-03-23,EMAIL,R. Salazar,DISPUTE_RAISED,
ACT-0006358,INV-0016804,C00152,2026-01-12,CALL,M. Contreras,INFO_REQUESTED,
ACT-0006359,INV-0016804,C00152,2025-12-25,ESCALATION,M. Contreras,NO_ANSWER,
ACT-0006360,INV-0020911,C00192,2025-10-20,CALL,C. Fuentes,NO_ANSWER,
ACT-0006361,INV-0007744,C00067,2025-09-23,EMAIL,A. Reyes,DISPUTE_RAISED,
ACT-0006362,INV-0005977,C00052,2025-08-24,EMAIL,C. Fuentes,NO_ANSWER,
ACT-0006363,INV-0005977,C00052,2025-10-17,CALL,C. Fuentes,DISPUTE_RAISED,
ACT-0006364,INV-0005977,C00052,2025-08-24,EMAIL,C. Fuentes,PROMISE_TO_PAY,2025-09-05
ACT-0006365,INV-0005977,C00052,2025-09-03,CALL,C. Fuentes,PAYMENT_CONFIRMED,
ACT-0006366,INV-0001408,C00013,2025-03-10,STATEMENT,M. Contreras,NO_ANSWER,
ACT-0006367,INV-0001408,C00013,2025-05-02,EMAIL,M. Contreras,PROMISE_TO_PAY,2025-05-26
ACT-0006368,INV-0001408,C00013,2025-05-05,STATEMENT,M. Contreras,NO_ANSWER,
ACT-0006369,INV-0001408,C00013,2025-04-11,CALL,M. Contreras,PROMISE_TO_PAY,2025-05-13
ACT-0006370,INV-0005606,C00049,2025-10-14,ESCALATION,T. Rivas,NO_ANSWER,
ACT-0006371,INV-0005606,C00049,2025-08-09,EMAIL,T. Rivas,NO_ANSWER,
ACT-0006372,INV-0017109,C00155,2025-12-12,EMAIL,J. Villalobos,PROMISE_TO_PAY,2026-01-13
ACT-0006373,INV-0010367,C00089,2026-04-11,EMAIL,R. Salazar,NO_ANSWER,
ACT-0006374,INV-0010367,C00089,2026-05-24,EMAIL,R. Salazar,PAYMENT_CONFIRMED,
ACT-0006375,INV-0010367,C00089,2026-06-04,EMAIL,R. Salazar,NO_ANSWER,
ACT-0006376,INV-0010367,C00089,2026-05-07,STATEMENT,R. Salazar,PROMISE_TO_PAY,2026-06-08
ACT-0006377,INV-0001332,C00012,2025-12-27,EMAIL,C. Fuentes,NO_ANSWER,
ACT-0006378,INV-0001332,C00012,2026-02-08,EMAIL,C. Fuentes,PAYMENT_CONFIRMED,
ACT-0006379,INV-0028862,C00271,2025-10-14,EMAIL,S. Duarte,INFO_REQUESTED,
ACT-0006380,INV-0024604,C00228,2025-06-03,STATEMENT,F. Zamora,DISPUTE_RAISED,
ACT-0006381,INV-0028053,C00261,2026-05-15,EMAIL,P. Ibarra,PROMISE_TO_PAY,2026-06-16
ACT-0006382,INV-0002890,C00026,2025-05-17,STATEMENT,L. Moreno,PROMISE_TO_PAY,2025-05-24
ACT-0006383,INV-0008518,C00074,2025-04-01,CALL,L. Moreno,NO_ANSWER,
ACT-0006384,INV-0008518,C00074,2025-03-22,CALL,L. Moreno,NO_ANSWER,
ACT-0006385,INV-0008518,C00074,2025-05-05,CALL,L. Moreno,DISPUTE_RAISED,
ACT-0006386,INV-0008518,C00074,2025-06-01,EMAIL,L. Moreno,NO_ANSWER,
ACT-0006387,INV-0002603,C00023,2026-06-01,EMAIL,C. Fuentes,PROMISE_TO_PAY,2026-07-02
ACT-0006388,INV-0002603,C00023,2026-05-31,STATEMENT,C. Fuentes,NO_ANSWER,
ACT-0006389,INV-0002603,C00023,2026-06-12,EMAIL,C. Fuentes,PROMISE_TO_PAY,2026-07-21
ACT-0006390,INV-0002603,C00023,2026-06-20,STATEMENT,C. Fuentes,DISPUTE_RAISED,
ACT-0006391,INV-0016537,C00149,2026-06-05,CALL,V. Cardenas,DISPUTE_RAISED,
ACT-0006392,INV-0016537,C00149,2026-05-28,STATEMENT,V. Cardenas,PAYMENT_CONFIRMED,
ACT-0006393,INV-0016537,C00149,2026-06-03,CALL,V. Cardenas,NO_ANSWER,
ACT-0006394,INV-0013305,C00118,2025-07-02,CALL,M. Contreras,PROMISE_TO_PAY,2025-07-12
ACT-0006395,INV-0013305,C00118,2025-05-31,EMAIL,M. Contreras,PROMISE_TO_PAY,2025-06-07
ACT-0006396,INV-0013305,C00118,2025-06-26,EMAIL,M. Contreras,NO_ANSWER,
ACT-0006397,INV-0013305,C00118,2025-07-08,ESCALATION,M. Contreras,NO_ANSWER,
ACT-0006398,INV-0001670,C00015,2025-09-26,CALL,D. Aguilar,DISPUTE_RAISED,
ACT-0006399,INV-0020493,C00188,2025-05-31,EMAIL,D. Aguilar,PAYMENT_CONFIRMED,
ACT-0006400,INV-0020493,C00188,2025-07-12,EMAIL,D. Aguilar,NO_ANSWER,
ACT-0006401,INV-0020493,C00188,2025-05-28,EMAIL,D. Aguilar,NO_ANSWER,
ACT-0006402,INV-0020493,C00188,2025-07-24,STATEMENT,D. Aguilar,PAYMENT_CONFIRMED,
ACT-0006403,INV-0020176,C00184,2026-06-10,ESCALATION,L. Moreno,PROMISE_TO_PAY,2026-06-18
ACT-0006404,INV-0011618,C00101,2026-04-24,EMAIL,G. Montoya,INFO_REQUESTED,
ACT-0006405,INV-0011618,C00101,2026-03-07,STATEMENT,G. Montoya,INFO_REQUESTED,
ACT-0006406,INV-0011618,C00101,2026-04-13,STATEMENT,G. Montoya,PAYMENT_CONFIRMED,
ACT-0006407,INV-0011229,C00097,2026-03-28,EMAIL,P. Ibarra,DISPUTE_RAISED,
ACT-0006408,INV-0011229,C00097,2026-05-20,STATEMENT,P. Ibarra,PROMISE_TO_PAY,2026-06-26
ACT-0006409,INV-0011229,C00097,2026-04-20,EMAIL,P. Ibarra,PAYMENT_CONFIRMED,
ACT-0006410,INV-0011229,C00097,2026-05-09,EMAIL,P. Ibarra,PROMISE_TO_PAY,2026-06-05
ACT-0006411,INV-0004166,C00037,2025-11-14,STATEMENT,P. Ibarra,PROMISE_TO_PAY,2025-12-09
ACT-0006412,INV-0004166,C00037,2025-11-27,EMAIL,P. Ibarra,NO_ANSWER,
ACT-0006413,INV-0026056,C00242,2025-12-02,STATEMENT,L. Moreno,PAYMENT_CONFIRMED,
ACT-0006414,INV-0026056,C00242,2025-12-08,STATEMENT,L. Moreno,PROMISE_TO_PAY,2025-12-26
ACT-0006415,INV-0026056,C00242,2025-12-29,EMAIL,L. Moreno,PROMISE_TO_PAY,2026-01-24
ACT-0006416,INV-0026056,C00242,2026-01-19,STATEMENT,L. Moreno,INFO_REQUESTED,
ACT-0006417,INV-0026572,C00247,2025-09-10,CALL,P. Ibarra,NO_ANSWER,
ACT-0006418,INV-0026572,C00247,2025-07-20,EMAIL,P. Ibarra,DISPUTE_RAISED,
ACT-0006419,INV-0026572,C00247,2025-07-30,CALL,P. Ibarra,PAYMENT_CONFIRMED,
ACT-0006420,INV-0003038,C00027,2025-12-02,EMAIL,L. Moreno,PROMISE_TO_PAY,2025-12-27
ACT-0006421,INV-0003038,C00027,2025-12-21,CALL,L. Moreno,PROMISE_TO_PAY,2026-01-14
ACT-0006422,INV-0003038,C00027,2025-12-20,CALL,L. Moreno,INFO_REQUESTED,
ACT-0006423,INV-0003038,C00027,2026-02-06,EMAIL,L. Moreno,PROMISE_TO_PAY,2026-02-13
ACT-0006424,INV-0001665,C00015,2025-11-02,EMAIL,D. Aguilar,PAYMENT_CONFIRMED,
ACT-0006425,INV-0001665,C00015,2025-09-12,STATEMENT,D. Aguilar,NO_ANSWER,
ACT-0006426,INV-0001665,C00015,2025-09-03,EMAIL,D. Aguilar,INFO_REQUESTED,
ACT-0006427,INV-0017861,C00162,2026-06-22,EMAIL,R. Salazar,PROMISE_TO_PAY,2026-07-24
ACT-0006428,INV-0017861,C00162,2026-04-09,EMAIL,R. Salazar,PROMISE_TO_PAY,2026-05-11
ACT-0006429,INV-0017861,C00162,2026-04-23,CALL,R. Salazar,PAYMENT_CONFIRMED,
ACT-0006430,INV-0009342,C00081,2025-03-20,STATEMENT,T. Rivas,NO_ANSWER,
ACT-0006431,INV-0009342,C00081,2025-04-19,STATEMENT,T. Rivas,INFO_REQUESTED,
ACT-0006432,INV-0016667,C00151,2025-07-27,CALL,N. Espinoza,PROMISE_TO_PAY,2025-08-23
ACT-0006433,INV-0026578,C00247,2025-10-02,EMAIL,P. Ibarra,DISPUTE_RAISED,
ACT-0006434,INV-0026578,C00247,2025-09-25,CALL,P. Ibarra,PROMISE_TO_PAY,2025-10-23
ACT-0006435,INV-0026578,C00247,2025-08-30,EMAIL,P. Ibarra,DISPUTE_RAISED,
ACT-0006436,INV-0001931,C00017,2026-01-17,EMAIL,D. Aguilar,DISPUTE_RAISED,
ACT-0006437,INV-0001931,C00017,2025-12-28,CALL,D. Aguilar,PROMISE_TO_PAY,2026-01-13
ACT-0006438,INV-0001931,C00017,2026-02-11,EMAIL,D. Aguilar,NO_ANSWER,
ACT-0006439,INV-0008094,C00070,2025-08-23,ESCALATION,B. Quintana,DISPUTE_RAISED,
ACT-0006440,INV-0008094,C00070,2025-08-27,CALL,B. Quintana,INFO_REQUESTED,
ACT-0006441,INV-0000882,C00008,2026-06-19,EMAIL,V. Cardenas,PAYMENT_CONFIRMED,
ACT-0006442,INV-0007383,C00064,2025-08-01,CALL,S. Duarte,PROMISE_TO_PAY,2025-08-23
ACT-0006443,INV-0007383,C00064,2025-06-22,CALL,S. Duarte,PROMISE_TO_PAY,2025-07-02
ACT-0006444,INV-0007383,C00064,2025-08-30,EMAIL,S. Duarte,PAYMENT_CONFIRMED,
ACT-0006445,INV-0007383,C00064,2025-09-17,EMAIL,S. Duarte,PAYMENT_CONFIRMED,
ACT-0006446,INV-0030924,C00300,2026-01-07,EMAIL,V. Cardenas,PAYMENT_CONFIRMED,
ACT-0006447,INV-0030924,C00300,2025-12-15,EMAIL,V. Cardenas,PAYMENT_CONFIRMED,
ACT-0006448,INV-0030924,C00300,2026-02-12,STATEMENT,V. Cardenas,DISPUTE_RAISED,
ACT-0006449,INV-0030924,C00300,2025-12-29,EMAIL,V. Cardenas,NO_ANSWER,
ACT-0006450,INV-0022161,C00204,2025-11-16,CALL,N. Espinoza,PROMISE_TO_PAY,2025-12-09
ACT-0006451,INV-0022161,C00204,2025-11-21,EMAIL,N. Espinoza,NO_ANSWER,
ACT-0006452,INV-0022161,C00204,2026-01-21,STATEMENT,N. Espinoza,PAYMENT_CONFIRMED,
ACT-0006453,INV-0022161,C00204,2026-02-06,STATEMENT,N. Espinoza,PROMISE_TO_PAY,2026-02-11
ACT-0006454,INV-0021060,C00193,2026-04-07,STATEMENT,A. Reyes,PAYMENT_CONFIRMED,
ACT-0006455,INV-0021060,C00193,2026-04-16,STATEMENT,A. Reyes,NO_ANSWER,
ACT-0006456,INV-0021060,C00193,2026-05-21,EMAIL,A. Reyes,PROMISE_TO_PAY,2026-06-16
ACT-0006457,INV-0012553,C00111,2025-06-07,CALL,G. Montoya,PAYMENT_CONFIRMED,
ACT-0006458,INV-0012553,C00111,2025-06-07,STATEMENT,G. Montoya,NO_ANSWER,
ACT-0006459,INV-0012553,C00111,2025-06-15,EMAIL,G. Montoya,PROMISE_TO_PAY,2025-06-21
ACT-0006460,INV-0012553,C00111,2025-07-21,STATEMENT,G. Montoya,INFO_REQUESTED,
ACT-0006461,INV-0007457,C00064,2026-05-19,CALL,S. Duarte,NO_ANSWER,
ACT-0006462,INV-0023411,C00216,2025-12-22,CALL,S. Duarte,PROMISE_TO_PAY,2026-01-14
ACT-0006463,INV-0009644,C00083,2025-11-26,EMAIL,R. Salazar,INFO_REQUESTED,
ACT-0006464,INV-0009644,C00083,2026-01-17,CALL,R. Salazar,PROMISE_TO_PAY,2026-02-21
ACT-0006465,INV-0009644,C00083,2025-11-16,STATEMENT,R. Salazar,DISPUTE_RAISED,
ACT-0006466,INV-0007273,C00063,2025-08-11,CALL,C. Fuentes,PROMISE_TO_PAY,2025-08-16
ACT-0006467,INV-0007273,C00063,2025-10-16,EMAIL,C. Fuentes,DISPUTE_RAISED,
ACT-0006468,INV-0007273,C00063,2025-10-30,STATEMENT,C. Fuentes,NO_ANSWER,
ACT-0006469,INV-0000434,C00004,2026-05-21,EMAIL,T. Rivas,PAYMENT_CONFIRMED,
ACT-0006470,INV-0002335,C00021,2025-07-26,EMAIL,B. Quintana,INFO_REQUESTED,
ACT-0006471,INV-0002335,C00021,2025-06-10,CALL,B. Quintana,PROMISE_TO_PAY,2025-06-29
ACT-0006472,INV-0020223,C00185,2025-09-27,EMAIL,R. Salazar,PAYMENT_CONFIRMED,
ACT-0006473,INV-0020223,C00185,2025-10-10,CALL,R. Salazar,INFO_REQUESTED,
ACT-0006474,INV-0020223,C00185,2025-12-12,CALL,R. Salazar,INFO_REQUESTED,
ACT-0006475,INV-0020223,C00185,2025-12-17,CALL,R. Salazar,NO_ANSWER,
ACT-0006476,INV-0011677,C00102,2025-09-23,STATEMENT,N. Espinoza,PROMISE_TO_PAY,2025-10-04
ACT-0006477,INV-0011677,C00102,2025-09-14,EMAIL,N. Espinoza,PROMISE_TO_PAY,2025-09-23
ACT-0006478,INV-0011677,C00102,2025-09-10,CALL,N. Espinoza,PROMISE_TO_PAY,2025-10-16
ACT-0006479,INV-0028601,C00267,2026-05-20,EMAIL,C. Fuentes,PAYMENT_CONFIRMED,
ACT-0006480,INV-0026239,C00244,2025-06-29,CALL,P. Ibarra,INFO_REQUESTED,
ACT-0006481,INV-0026239,C00244,2025-07-05,EMAIL,P. Ibarra,NO_ANSWER,
ACT-0006482,INV-0026239,C00244,2025-06-21,EMAIL,P. Ibarra,NO_ANSWER,
ACT-0006483,INV-0006854,C00059,2026-03-17,CALL,R. Salazar,PROMISE_TO_PAY,2026-03-24
ACT-0006484,INV-0006854,C00059,2026-05-25,CALL,R. Salazar,PROMISE_TO_PAY,2026-06-15
ACT-0006485,INV-0014262,C00127,2025-12-22,ESCALATION,P. Ibarra,PROMISE_TO_PAY,2025-12-29
ACT-0006486,INV-0014262,C00127,2026-03-03,EMAIL,P. Ibarra,PROMISE_TO_PAY,2026-04-09
ACT-0006487,INV-0014262,C00127,2026-01-24,CALL,P. Ibarra,INFO_REQUESTED,
ACT-0006488,INV-0014262,C00127,2026-01-09,EMAIL,P. Ibarra,NO_ANSWER,
ACT-0006489,INV-0004677,C00041,2026-03-07,CALL,P. Ibarra,PROMISE_TO_PAY,2026-04-04
ACT-0006490,INV-0004126,C00037,2025-05-25,EMAIL,P. Ibarra,PAYMENT_CONFIRMED,
ACT-0006491,INV-0004126,C00037,2025-06-01,ESCALATION,P. Ibarra,PAYMENT_CONFIRMED,
ACT-0006492,INV-0003262,C00029,2025-11-18,EMAIL,C. Fuentes,PROMISE_TO_PAY,2025-12-27
ACT-0006493,INV-0003262,C00029,2025-10-25,EMAIL,C. Fuentes,INFO_REQUESTED,
ACT-0006494,INV-0009681,C00083,2026-06-23,STATEMENT,R. Salazar,PAYMENT_CONFIRMED,
ACT-0006495,INV-0009681,C00083,2026-04-29,CALL,R. Salazar,NO_ANSWER,
ACT-0006496,INV-0026967,C00251,2025-06-29,EMAIL,N. Espinoza,PROMISE_TO_PAY,2025-08-07
ACT-0006497,INV-0026967,C00251,2025-05-27,CALL,N. Espinoza,NO_ANSWER,
ACT-0006498,INV-0016628,C00150,2026-04-15,EMAIL,J. Villalobos,NO_ANSWER,
ACT-0006499,INV-0016628,C00150,2026-05-22,STATEMENT,J. Villalobos,PAYMENT_CONFIRMED,
ACT-0006500,INV-0028683,C00268,2026-06-08,CALL,P. Ibarra,INFO_REQUESTED,
ACT-0006501,INV-0025974,C00241,2026-03-27,ESCALATION,S. Duarte,NO_ANSWER,
ACT-0006502,INV-0008021,C00069,2026-03-10,EMAIL,F. Zamora,NO_ANSWER,
ACT-0006503,INV-0027068,C00252,2025-05-23,STATEMENT,D. Aguilar,DISPUTE_RAISED,
ACT-0006504,INV-0027068,C00252,2025-05-03,EMAIL,D. Aguilar,PROMISE_TO_PAY,2025-06-10
ACT-0006505,INV-0027068,C00252,2025-07-12,STATEMENT,D. Aguilar,INFO_REQUESTED,
ACT-0006506,INV-0027068,C00252,2025-06-10,EMAIL,D. Aguilar,NO_ANSWER,
ACT-0006507,INV-0021537,C00198,2025-08-23,CALL,J. Villalobos,PROMISE_TO_PAY,2025-09-29
ACT-0006508,INV-0021537,C00198,2025-08-26,EMAIL,J. Villalobos,NO_ANSWER,
ACT-0006509,INV-0021537,C00198,2025-09-15,CALL,J. Villalobos,NO_ANSWER,
ACT-0006510,INV-0014881,C00133,2025-09-05,EMAIL,J. Villalobos,PROMISE_TO_PAY,2025-09-28
ACT-0006511,INV-0014881,C00133,2025-09-07,CALL,J. Villalobos,PROMISE_TO_PAY,2025-09-13
ACT-0006512,INV-0014881,C00133,2025-09-30,EMAIL,J. Villalobos,PAYMENT_CONFIRMED,
ACT-0006513,INV-0017308,C00157,2025-08-19,STATEMENT,F. Zamora,PAYMENT_CONFIRMED,
ACT-0006514,INV-0017308,C00157,2025-07-29,EMAIL,F. Zamora,DISPUTE_RAISED,
ACT-0006515,INV-0017308,C00157,2025-09-14,EMAIL,F. Zamora,PROMISE_TO_PAY,2025-10-11
ACT-0006516,INV-0017308,C00157,2025-10-14,STATEMENT,F. Zamora,DISPUTE_RAISED,
ACT-0006517,INV-0000468,C00005,2025-05-19,STATEMENT,V. Cardenas,NO_ANSWER,
ACT-0006518,INV-0000468,C00005,2025-04-23,ESCALATION,V. Cardenas,INFO_REQUESTED,
ACT-0006519,INV-0015348,C00137,2026-04-29,CALL,V. Cardenas,INFO_REQUESTED,
ACT-0006520,INV-0015348,C00137,2026-04-28,CALL,V. Cardenas,INFO_REQUESTED,
ACT-0006521,INV-0010942,C00095,2025-05-13,EMAIL,A. Reyes,INFO_REQUESTED,
ACT-0006522,INV-0010942,C00095,2025-05-23,EMAIL,A. Reyes,DISPUTE_RAISED,
ACT-0006523,INV-0010942,C00095,2025-06-30,EMAIL,A. Reyes,INFO_REQUESTED,
ACT-0006524,INV-0001161,C00011,2025-06-03,CALL,R. Salazar,INFO_REQUESTED,
ACT-0006525,INV-0001161,C00011,2025-05-15,STATEMENT,R. Salazar,INFO_REQUESTED,
ACT-0006526,INV-0014036,C00125,2025-09-04,CALL,P. Ibarra,PROMISE_TO_PAY,2025-10-07
ACT-0006527,INV-0014036,C00125,2025-10-19,CALL,P. Ibarra,PAYMENT_CONFIRMED,
ACT-0006528,INV-0008712,C00075,2026-05-17,EMAIL,D. Aguilar,PROMISE_TO_PAY,2026-05-28
ACT-0006529,INV-0008712,C00075,2026-03-16,STATEMENT,D. Aguilar,PAYMENT_CONFIRMED,
ACT-0006530,INV-0001775,C00016,2025-07-04,CALL,N. Espinoza,INFO_REQUESTED,
ACT-0006531,INV-0001775,C00016,2025-08-01,EMAIL,N. Espinoza,PROMISE_TO_PAY,2025-08-16
ACT-0006532,INV-0001775,C00016,2025-06-21,EMAIL,N. Espinoza,INFO_REQUESTED,
ACT-0006533,INV-0001775,C00016,2025-08-07,ESCALATION,N. Espinoza,INFO_REQUESTED,
ACT-0006534,INV-0003788,C00034,2025-05-21,STATEMENT,L. Moreno,PROMISE_TO_PAY,2025-06-02
ACT-0006535,INV-0003788,C00034,2025-03-30,CALL,L. Moreno,DISPUTE_RAISED,
ACT-0006536,INV-0008363,C00072,2026-06-30,CALL,J. Villalobos,INFO_REQUESTED,
ACT-0006537,INV-0008363,C00072,2026-06-25,CALL,J. Villalobos,INFO_REQUESTED,
ACT-0006538,INV-0008363,C00072,2026-06-20,EMAIL,J. Villalobos,PROMISE_TO_PAY,2026-07-18
ACT-0006539,INV-0026817,C00249,2026-05-22,CALL,L. Moreno,INFO_REQUESTED,
ACT-0006540,INV-0028733,C00269,2026-01-12,CALL,P. Ibarra,PROMISE_TO_PAY,2026-01-18
ACT-0006541,INV-0028733,C00269,2026-01-30,CALL,P. Ibarra,INFO_REQUESTED,
ACT-0006542,INV-0028733,C00269,2026-03-07,EMAIL,P. Ibarra,DISPUTE_RAISED,
ACT-0006543,INV-0024642,C00228,2025-12-22,STATEMENT,F. Zamora,NO_ANSWER,
ACT-0006544,INV-0024642,C00228,2026-01-23,EMAIL,F. Zamora,PAYMENT_CONFIRMED,
ACT-0006545,INV-0024642,C00228,2026-01-22,CALL,F. Zamora,INFO_REQUESTED,
ACT-0006546,INV-0003037,C00027,2025-12-22,EMAIL,L. Moreno,PAYMENT_CONFIRMED,
ACT-0006547,INV-0003037,C00027,2026-01-16,CALL,L. Moreno,PROMISE_TO_PAY,2026-02-23
ACT-0006548,INV-0003037,C00027,2026-01-04,CALL,L. Moreno,NO_ANSWER,
ACT-0006549,INV-0003037,C00027,2026-03-04,CALL,L. Moreno,DISPUTE_RAISED,
ACT-0006550,INV-0006193,C00054,2025-08-05,CALL,G. Montoya,DISPUTE_RAISED,
ACT-0006551,INV-0024043,C00222,2026-04-01,CALL,F. Zamora,PROMISE_TO_PAY,2026-04-28
ACT-0006552,INV-0024043,C00222,2026-02-25,CALL,F. Zamora,PAYMENT_CONFIRMED,
ACT-0006553,INV-0001291,C00012,2025-08-04,CALL,C. Fuentes,NO_ANSWER,
ACT-0006554,INV-0001291,C00012,2025-07-25,EMAIL,C. Fuentes,NO_ANSWER,
ACT-0006555,INV-0001291,C00012,2025-10-01,CALL,C. Fuentes,NO_ANSWER,
ACT-0006556,INV-0001291,C00012,2025-08-25,CALL,C. Fuentes,INFO_REQUESTED,
ACT-0006557,INV-0005705,C00050,2025-05-01,EMAIL,A. Reyes,INFO_REQUESTED,
ACT-0006558,INV-0005705,C00050,2025-03-31,CALL,A. Reyes,NO_ANSWER,
ACT-0006559,INV-0001909,C00017,2025-09-10,STATEMENT,D. Aguilar,PROMISE_TO_PAY,2025-10-07
ACT-0006560,INV-0001909,C00017,2025-09-18,EMAIL,D. Aguilar,DISPUTE_RAISED,
ACT-0006561,INV-0018521,C00169,2025-05-02,STATEMENT,T. Rivas,PROMISE_TO_PAY,2025-05-13
ACT-0006562,INV-0018521,C00169,2025-08-04,CALL,T. Rivas,NO_ANSWER,
ACT-0006563,INV-0018521,C00169,2025-06-15,STATEMENT,T. Rivas,PAYMENT_CONFIRMED,
ACT-0006564,INV-0018521,C00169,2025-08-16,CALL,T. Rivas,NO_ANSWER,
ACT-0006565,INV-0011427,C00099,2026-05-21,STATEMENT,A. Reyes,NO_ANSWER,
ACT-0006566,INV-0011427,C00099,2026-06-26,EMAIL,A. Reyes,PROMISE_TO_PAY,2026-07-03
ACT-0006567,INV-0024187,C00224,2025-05-10,EMAIL,A. Reyes,PROMISE_TO_PAY,2025-06-11
ACT-0006568,INV-0024187,C00224,2025-03-21,EMAIL,A. Reyes,PAYMENT_CONFIRMED,
ACT-0006569,INV-0024187,C00224,2025-05-28,STATEMENT,A. Reyes,NO_ANSWER,
ACT-0006570,INV-0024187,C00224,2025-06-12,STATEMENT,A. Reyes,PAYMENT_CONFIRMED,
ACT-0006571,INV-0021586,C00198,2026-01-28,EMAIL,J. Villalobos,PROMISE_TO_PAY,2026-02-13
ACT-0006572,INV-0021586,C00198,2026-03-20,CALL,J. Villalobos,PROMISE_TO_PAY,2026-04-10
ACT-0006573,INV-0020700,C00190,2025-09-01,ESCALATION,L. Moreno,NO_ANSWER,
ACT-0006574,INV-0020700,C00190,2025-09-16,CALL,L. Moreno,NO_ANSWER,
ACT-0006575,INV-0020700,C00190,2025-07-15,CALL,L. Moreno,PROMISE_TO_PAY,2025-08-12
ACT-0006576,INV-0020700,C00190,2025-10-20,STATEMENT,L. Moreno,PROMISE_TO_PAY,2025-11-21
ACT-0006577,INV-0029227,C00276,2025-06-29,STATEMENT,A. Reyes,NO_ANSWER,
ACT-0006578,INV-0011797,C00103,2025-11-09,EMAIL,P. Ibarra,INFO_REQUESTED,
ACT-0006579,INV-0011797,C00103,2025-10-19,CALL,P. Ibarra,PROMISE_TO_PAY,2025-11-14
ACT-0006580,INV-0003195,C00028,2026-05-21,ESCALATION,G. Montoya,NO_ANSWER,
ACT-0006581,INV-0025474,C00236,2026-05-11,EMAIL,F. Zamora,DISPUTE_RAISED,
ACT-0006582,INV-0025848,C00240,2025-11-15,EMAIL,B. Quintana,PAYMENT_CONFIRMED,
ACT-0006583,INV-0025848,C00240,2025-11-30,CALL,B. Quintana,PROMISE_TO_PAY,2025-12-21
ACT-0006584,INV-0023102,C00213,2026-04-27,STATEMENT,J. Villalobos,PROMISE_TO_PAY,2026-05-19
ACT-0006585,INV-0015792,C00142,2025-12-25,EMAIL,P. Ibarra,NO_ANSWER,
ACT-0006586,INV-0015792,C00142,2025-11-16,EMAIL,P. Ibarra,INFO_REQUESTED,
ACT-0006587,INV-0015792,C00142,2025-11-09,EMAIL,P. Ibarra,PROMISE_TO_PAY,2025-11-25
ACT-0006588,INV-0003920,C00035,2025-07-27,EMAIL,V. Cardenas,PAYMENT_CONFIRMED,
ACT-0006589,INV-0015360,C00137,2026-06-24,EMAIL,V. Cardenas,NO_ANSWER,
ACT-0006590,INV-0003869,C00034,2026-06-13,CALL,L. Moreno,NO_ANSWER,
ACT-0006591,INV-0017822,C00162,2025-10-20,CALL,R. Salazar,PROMISE_TO_PAY,2025-10-26
ACT-0006592,INV-0017822,C00162,2025-09-14,ESCALATION,R. Salazar,DISPUTE_RAISED,
ACT-0006593,INV-0017822,C00162,2025-09-07,STATEMENT,R. Salazar,PAYMENT_CONFIRMED,
ACT-0006594,INV-0017822,C00162,2025-11-17,CALL,R. Salazar,PROMISE_TO_PAY,2025-11-28
ACT-0006595,INV-0008256,C00071,2026-05-27,EMAIL,T. Rivas,INFO_REQUESTED,
ACT-0006596,INV-0003834,C00034,2025-12-03,EMAIL,L. Moreno,PROMISE_TO_PAY,2026-01-08
ACT-0006597,INV-0023820,C00220,2026-03-14,CALL,B. Quintana,NO_ANSWER,
ACT-0006598,INV-0023820,C00220,2026-01-30,EMAIL,B. Quintana,NO_ANSWER,
ACT-0006599,INV-0025457,C00236,2026-03-05,EMAIL,F. Zamora,PAYMENT_CONFIRMED,
ACT-0006600,INV-0025457,C00236,2026-02-12,STATEMENT,F. Zamora,NO_ANSWER,
ACT-0006601,INV-0025457,C00236,2026-03-08,CALL,F. Zamora,PROMISE_TO_PAY,2026-04-14
ACT-0006602,INV-0017782,C00161,2026-06-12,CALL,S. Duarte,PAYMENT_CONFIRMED,
ACT-0006603,INV-0004626,C00041,2025-04-10,CALL,P. Ibarra,PROMISE_TO_PAY,2025-05-07
ACT-0006604,INV-0000137,C00002,2025-07-28,STATEMENT,G. Montoya,PROMISE_TO_PAY,2025-08-24
ACT-0006605,INV-0012560,C00111,2025-10-10,EMAIL,G. Montoya,PROMISE_TO_PAY,2025-10-19
ACT-0006606,INV-0012560,C00111,2025-08-18,EMAIL,G. Montoya,DISPUTE_RAISED,
ACT-0006607,INV-0012560,C00111,2025-08-21,EMAIL,G. Montoya,NO_ANSWER,
ACT-0006608,INV-0012560,C00111,2025-10-28,ESCALATION,G. Montoya,NO_ANSWER,
ACT-0006609,INV-0019440,C00177,2026-06-16,EMAIL,J. Villalobos,DISPUTE_RAISED,
ACT-0006610,INV-0019440,C00177,2026-06-20,EMAIL,J. Villalobos,PROMISE_TO_PAY,2026-06-28
ACT-0006611,INV-0026502,C00246,2026-02-09,CALL,V. Cardenas,DISPUTE_RAISED,
ACT-0006612,INV-0004382,C00039,2025-07-21,EMAIL,T. Rivas,PROMISE_TO_PAY,2025-08-02
ACT-0006613,INV-0010937,C00095,2025-04-15,EMAIL,A. Reyes,NO_ANSWER,
ACT-0006614,INV-0013345,C00118,2025-12-27,EMAIL,M. Contreras,NO_ANSWER,
ACT-0006615,INV-0013345,C00118,2026-01-29,STATEMENT,M. Contreras,NO_ANSWER,
ACT-0006616,INV-0013345,C00118,2026-03-29,EMAIL,M. Contreras,DISPUTE_RAISED,
ACT-0006617,INV-0013345,C00118,2026-03-01,EMAIL,M. Contreras,PAYMENT_CONFIRMED,
ACT-0006618,INV-0007180,C00062,2026-02-15,EMAIL,P. Ibarra,PAYMENT_CONFIRMED,
ACT-0006619,INV-0007180,C00062,2026-01-23,EMAIL,P. Ibarra,PROMISE_TO_PAY,2026-02-09
ACT-0006620,INV-0008767,C00076,2025-05-02,STATEMENT,R. Salazar,PROMISE_TO_PAY,2025-05-08
ACT-0006621,INV-0008767,C00076,2025-04-22,EMAIL,R. Salazar,NO_ANSWER,
ACT-0006622,INV-0005857,C00051,2025-09-09,EMAIL,V. Cardenas,INFO_REQUESTED,
ACT-0006623,INV-0005857,C00051,2025-09-08,CALL,V. Cardenas,PROMISE_TO_PAY,2025-09-18
ACT-0006624,INV-0007127,C00062,2025-05-05,CALL,P. Ibarra,NO_ANSWER,
ACT-0006625,INV-0007127,C00062,2025-05-27,EMAIL,P. Ibarra,PROMISE_TO_PAY,2025-06-20
ACT-0006626,INV-0026149,C00243,2025-09-10,CALL,F. Zamora,PROMISE_TO_PAY,2025-09-24
ACT-0006627,INV-0026149,C00243,2025-10-10,EMAIL,F. Zamora,INFO_REQUESTED,
ACT-0006628,INV-0026149,C00243,2025-10-03,EMAIL,F. Zamora,NO_ANSWER,
ACT-0006629,INV-0010576,C00091,2026-02-16,ESCALATION,L. Moreno,DISPUTE_RAISED,
ACT-0006630,INV-0007194,C00062,2026-06-08,EMAIL,P. Ibarra,DISPUTE_RAISED,
ACT-0006631,INV-0007194,C00062,2026-04-26,CALL,P. Ibarra,DISPUTE_RAISED,
ACT-0006632,INV-0024420,C00226,2025-09-26,STATEMENT,B. Quintana,PROMISE_TO_PAY,2025-10-19
ACT-0006633,INV-0025040,C00232,2025-07-16,EMAIL,F. Zamora,NO_ANSWER,
ACT-0006634,INV-0025040,C00232,2025-10-15,ESCALATION,F. Zamora,INFO_REQUESTED,
ACT-0006635,INV-0022068,C00203,2025-11-17,EMAIL,R. Salazar,PAYMENT_CONFIRMED,
ACT-0006636,INV-0022068,C00203,2025-10-24,STATEMENT,R. Salazar,PROMISE_TO_PAY,2025-11-23
ACT-0006637,INV-0022068,C00203,2025-11-26,EMAIL,R. Salazar,PROMISE_TO_PAY,2025-12-15
ACT-0006638,INV-0015377,C00138,2025-04-19,CALL,N. Espinoza,NO_ANSWER,
ACT-0006639,INV-0015377,C00138,2025-03-31,CALL,N. Espinoza,PROMISE_TO_PAY,2025-04-24
ACT-0006640,INV-0009822,C00085,2025-04-19,EMAIL,C. Fuentes,INFO_REQUESTED,
ACT-0006641,INV-0009822,C00085,2025-05-08,CALL,C. Fuentes,PAYMENT_CONFIRMED,
ACT-0006642,INV-0009822,C00085,2025-06-21,EMAIL,C. Fuentes,NO_ANSWER,
ACT-0006643,INV-0009822,C00085,2025-07-03,EMAIL,C. Fuentes,INFO_REQUESTED,
ACT-0006644,INV-0022964,C00212,2025-09-15,CALL,P. Ibarra,NO_ANSWER,
ACT-0006645,INV-0022964,C00212,2025-11-02,EMAIL,P. Ibarra,PROMISE_TO_PAY,2025-11-19
ACT-0006646,INV-0022964,C00212,2025-11-20,CALL,P. Ibarra,INFO_REQUESTED,
ACT-0006647,INV-0025549,C00237,2025-12-07,EMAIL,F. Zamora,PAYMENT_CONFIRMED,
ACT-0006648,INV-0025549,C00237,2025-12-12,EMAIL,F. Zamora,NO_ANSWER,
ACT-0006649,INV-0025549,C00237,2025-12-23,STATEMENT,F. Zamora,PROMISE_TO_PAY,2026-01-09
ACT-0006650,INV-0006182,C00054,2025-06-10,EMAIL,G. Montoya,PROMISE_TO_PAY,2025-06-26
ACT-0006651,INV-0006182,C00054,2025-07-02,CALL,G. Montoya,NO_ANSWER,
ACT-0006652,INV-0011174,C00097,2025-07-22,CALL,P. Ibarra,NO_ANSWER,
ACT-0006653,INV-0011174,C00097,2025-07-16,CALL,P. Ibarra,PROMISE_TO_PAY,2025-08-16
ACT-0006654,INV-0011174,C00097,2025-08-01,CALL,P. Ibarra,PROMISE_TO_PAY,2025-09-06
ACT-0006655,INV-0004700,C00041,2026-05-21,EMAIL,P. Ibarra,NO_ANSWER,
ACT-0006656,INV-0004700,C00041,2026-05-28,EMAIL,P. Ibarra,DISPUTE_RAISED,
ACT-0006657,INV-0000936,C00009,2025-09-01,CALL,A. Reyes,PROMISE_TO_PAY,2025-09-19
ACT-0006658,INV-0000936,C00009,2025-09-09,CALL,A. Reyes,PAYMENT_CONFIRMED,
ACT-0006659,INV-0000936,C00009,2025-07-28,STATEMENT,A. Reyes,PAYMENT_CONFIRMED,
ACT-0006660,INV-0026838,C00249,2026-06-12,ESCALATION,L. Moreno,PAYMENT_CONFIRMED,
ACT-0006661,INV-0011513,C00100,2026-03-20,EMAIL,V. Cardenas,PROMISE_TO_PAY,2026-04-07
ACT-0006662,INV-0011513,C00100,2026-02-10,EMAIL,V. Cardenas,PROMISE_TO_PAY,2026-02-24
ACT-0006663,INV-0023691,C00219,2025-07-02,EMAIL,B. Quintana,INFO_REQUESTED,
ACT-0006664,INV-0023691,C00219,2025-05-28,EMAIL,B. Quintana,PROMISE_TO_PAY,2025-07-02
ACT-0006665,INV-0013960,C00124,2025-12-12,CALL,A. Reyes,NO_ANSWER,
ACT-0006666,INV-0013960,C00124,2026-02-16,CALL,A. Reyes,PAYMENT_CONFIRMED,
ACT-0006667,INV-0013960,C00124,2026-01-27,EMAIL,A. Reyes,PROMISE_TO_PAY,2026-02-04
ACT-0006668,INV-0013960,C00124,2026-01-13,ESCALATION,A. Reyes,NO_ANSWER,
ACT-0006669,INV-0006310,C00055,2025-07-06,CALL,B. Quintana,NO_ANSWER,
ACT-0006670,INV-0006310,C00055,2025-05-17,EMAIL,B. Quintana,PROMISE_TO_PAY,2025-06-06
ACT-0006671,INV-0006310,C00055,2025-06-20,EMAIL,B. Quintana,PROMISE_TO_PAY,2025-07-20
ACT-0006672,INV-0015162,C00136,2025-04-15,ESCALATION,B. Quintana,PROMISE_TO_PAY,2025-04-29
ACT-0006673,INV-0015162,C00136,2025-04-17,EMAIL,B. Quintana,PROMISE_TO_PAY,2025-05-25
ACT-0006674,INV-0015162,C00136,2025-05-16,EMAIL,B. Quintana,NO_ANSWER,
ACT-0006675,INV-0019294,C00176,2025-12-15,STATEMENT,A. Reyes,NO_ANSWER,
ACT-0006676,INV-0019294,C00176,2025-12-15,EMAIL,A. Reyes,NO_ANSWER,
ACT-0006677,INV-0019294,C00176,2025-11-22,CALL,A. Reyes,NO_ANSWER,
ACT-0006678,INV-0019294,C00176,2026-02-08,EMAIL,A. Reyes,PROMISE_TO_PAY,2026-02-25
ACT-0006679,INV-0004372,C00039,2025-06-12,EMAIL,T. Rivas,DISPUTE_RAISED,
ACT-0006680,INV-0001170,C00011,2025-06-12,EMAIL,R. Salazar,PROMISE_TO_PAY,2025-06-21
ACT-0006681,INV-0017939,C00163,2025-12-23,EMAIL,A. Reyes,PAYMENT_CONFIRMED,
ACT-0006682,INV-0017939,C00163,2025-12-13,CALL,A. Reyes,INFO_REQUESTED,
ACT-0006683,INV-0017939,C00163,2025-11-14,EMAIL,A. Reyes,PROMISE_TO_PAY,2025-11-29
ACT-0006684,INV-0027940,C00260,2026-05-16,EMAIL,F. Zamora,DISPUTE_RAISED,
ACT-0006685,INV-0027940,C00260,2026-06-01,ESCALATION,F. Zamora,NO_ANSWER,
ACT-0006686,INV-0011019,C00095,2026-06-03,CALL,A. Reyes,INFO_REQUESTED,
ACT-0006687,INV-0018528,C00169,2025-09-20,EMAIL,T. Rivas,NO_ANSWER,
ACT-0006688,INV-0018528,C00169,2025-08-15,CALL,T. Rivas,PROMISE_TO_PAY,2025-08-30
ACT-0006689,INV-0018528,C00169,2025-07-20,CALL,T. Rivas,NO_ANSWER,
ACT-0006690,INV-0018528,C00169,2025-08-24,EMAIL,T. Rivas,PROMISE_TO_PAY,2025-08-31
ACT-0006691,INV-0010175,C00088,2025-05-11,STATEMENT,R. Salazar,PROMISE_TO_PAY,2025-05-30
ACT-0006692,INV-0010175,C00088,2025-05-31,EMAIL,R. Salazar,INFO_REQUESTED,
ACT-0006693,INV-0004198,C00037,2026-03-12,EMAIL,P. Ibarra,PROMISE_TO_PAY,2026-04-13
ACT-0006694,INV-0004198,C00037,2026-02-04,ESCALATION,P. Ibarra,NO_ANSWER,
ACT-0006695,INV-0022137,C00204,2025-06-02,EMAIL,N. Espinoza,PROMISE_TO_PAY,2025-06-11
ACT-0006696,INV-0022137,C00204,2025-06-24,STATEMENT,N. Espinoza,PROMISE_TO_PAY,2025-07-24
ACT-0006697,INV-0022137,C00204,2025-08-17,STATEMENT,N. Espinoza,DISPUTE_RAISED,
ACT-0006698,INV-0022137,C00204,2025-08-03,CALL,N. Espinoza,INFO_REQUESTED,
