dispute_id,invoice_id,customer_id,dispute_date,reason_code,amount_disputed,resolved_date,status
D000001,INV-0000005,C00001,2025-03-25,ELIGIBILITY_LAPSE,15612.2,,OPEN
D000002,INV-0000051,C00001,2025-11-19,AUTH_MISSING,34170.68,,OPEN
D000003,INV-0000064,C00001,2026-01-28,COVERAGE_DENIED,34509.6,2026-05-21,RESOLVED
D000004,INV-0000069,C00001,2026-02-09,COVERAGE_DENIED,32746.49,2026-05-29,RESOLVED
D000005,INV-0000068,C00001,2026-03-06,COORD_OF_BENEFITS,4291.4,2026-04-21,RESOLVED
D000006,INV-0000079,C00001,2026-04-18,COORD_OF_BENEFITS,11447.05,2026-05-03,RESOLVED
D000007,INV-0000119,C00002,2025-04-22,DUPLICATE_CLAIM,5448.73,2025-06-16,RESOLVED
D000008,INV-0000130,C00002,2025-05-13,COVERAGE_DENIED,37232.6,2025-08-07,RESOLVED
D000009,INV-0000133,C00002,2025-06-20,AUTH_MISSING,9261.99,2025-08-10,RESOLVED
D000010,INV-0000172,C00002,2025-11-18,ELIGIBILITY_LAPSE,20377.07,,OPEN
D000011,INV-0000178,C00002,2025-12-10,AUTH_MISSING,63011.48,2026-03-03,RESOLVED
D000012,INV-0000180,C00002,2025-12-13,COVERAGE_DENIED,91201.05,,OPEN
D000013,INV-0000200,C00002,2026-03-27,COORD_OF_BENEFITS,89023.94,,OPEN
D000014,INV-0000204,C00002,2026-04-20,COORD_OF_BENEFITS,55809.93,,OPEN
D000015,INV-0000208,C00002,2026-05-08,ELIGIBILITY_LAPSE,19061.64,2026-06-24,RESOLVED
D000016,INV-0000219,C00002,2026-06-13,COORD_OF_BENEFITS,40103.99,,OPEN
D000017,INV-0000242,C00003,2025-03-23,ADJUDICATION_ADJ,54726.74,2025-06-13,RESOLVED
D000018,INV-0000258,C00003,2025-05-10,COORD_OF_BENEFITS,98145.92,2025-07-01,RESOLVED
D000019,INV-0000274,C00003,2025-08-06,ELIGIBILITY_LAPSE,48351.17,2025-09-16,RESOLVED
D000020,INV-0000273,C00003,2025-09-10,DUPLICATE_CLAIM,48846.14,2025-12-28,RESOLVED
D000021,INV-0000277,C00003,2025-09-07,ELIGIBILITY_LAPSE,25637.06,2025-11-09,RESOLVED
D000022,INV-0000303,C00003,2026-01-24,DUPLICATE_CLAIM,109598.28,2026-04-10,RESOLVED
D000023,INV-0000317,C00003,2026-04-15,ADJUDICATION_ADJ,66955.83,,OPEN
D000024,INV-0000349,C00004,2025-05-03,ELIGIBILITY_LAPSE,50331.17,2025-08-14,RESOLVED
D000025,INV-0000372,C00004,2025-07-23,ELIGIBILITY_LAPSE,20129.1,2025-08-30,RESOLVED
D000026,INV-0000379,C00004,2025-08-04,ADJUDICATION_ADJ,27581.58,,OPEN
D000027,INV-0000387,C00004,2025-09-04,ELIGIBILITY_LAPSE,44903.06,,OPEN
D000028,INV-0000386,C00004,2025-09-24,COVERAGE_DENIED,22930.22,,OPEN
D000029,INV-0000390,C00004,2025-10-04,ELIGIBILITY_LAPSE,12560.96,,OPEN
D000030,INV-0000421,C00004,2026-02-17,ADJUDICATION_ADJ,3442.09,,OPEN
D000031,INV-0000428,C00004,2026-04-24,DUPLICATE_CLAIM,22610.57,,OPEN
D000032,INV-0000474,C00005,2025-05-05,COORD_OF_BENEFITS,23242.05,2025-07-21,RESOLVED
D000033,INV-0000470,C00005,2025-06-04,ADJUDICATION_ADJ,27726.21,2025-07-12,RESOLVED
D000034,INV-0000509,C00005,2025-11-15,DUPLICATE_CLAIM,12368.89,2026-02-21,RESOLVED
D000035,INV-0000538,C00005,2026-04-01,ELIGIBILITY_LAPSE,11245.89,,OPEN
D000036,INV-0000548,C00005,2026-05-21,COORD_OF_BENEFITS,55014.91,2026-06-06,RESOLVED
D000037,INV-0000580,C00006,2025-03-13,AUTH_MISSING,40543.17,2025-05-21,RESOLVED
D000038,INV-0000582,C00006,2025-04-02,COORD_OF_BENEFITS,16654.86,2025-05-27,RESOLVED
D000039,INV-0000601,C00006,2025-08-13,DUPLICATE_CLAIM,77977.34,2025-11-12,RESOLVED
D000040,INV-0000621,C00006,2025-12-05,ADJUDICATION_ADJ,5179.92,2026-03-16,RESOLVED
D000041,INV-0000626,C00006,2026-01-20,DUPLICATE_CLAIM,24250.43,2026-03-26,RESOLVED
D000042,INV-0000629,C00006,2026-01-24,AUTH_MISSING,60812.51,,OPEN
D000043,INV-0000634,C00006,2026-03-02,ELIGIBILITY_LAPSE,5260.32,2026-05-07,RESOLVED
D000044,INV-0000660,C00006,2026-05-24,COVERAGE_DENIED,4526.46,,OPEN
D000045,INV-0000694,C00007,2025-04-13,COVERAGE_DENIED,7194.63,2025-08-01,RESOLVED
D000046,INV-0000691,C00007,2025-04-16,COORD_OF_BENEFITS,61873.2,2025-07-08,RESOLVED
D000047,INV-0000692,C00007,2025-04-24,ELIGIBILITY_LAPSE,23730.15,,OPEN
D000048,INV-0000715,C00007,2025-07-18,COVERAGE_DENIED,40285.39,2025-11-01,RESOLVED
D000049,INV-0000734,C00007,2025-11-05,COVERAGE_DENIED,91270.39,2026-01-13,RESOLVED
D000050,INV-0000744,C00007,2025-12-27,COVERAGE_DENIED,99016.9,2026-01-15,RESOLVED
D000051,INV-0000758,C00007,2026-03-12,DUPLICATE_CLAIM,25244.32,2026-06-09,RESOLVED
D000052,INV-0000760,C00007,2026-03-23,ELIGIBILITY_LAPSE,60914.65,2026-05-24,RESOLVED
D000053,INV-0000762,C00007,2026-05-07,COORD_OF_BENEFITS,57806.43,2026-06-06,RESOLVED
D000054,INV-0000814,C00008,2025-05-09,ELIGIBILITY_LAPSE,37340.28,,OPEN
D000055,INV-0000826,C00008,2025-06-07,ADJUDICATION_ADJ,18248.21,2025-09-12,RESOLVED
D000056,INV-0000839,C00008,2025-07-21,COORD_OF_BENEFITS,34575.34,2025-09-25,RESOLVED
D000057,INV-0000840,C00008,2025-07-26,ADJUDICATION_ADJ,19156.97,2025-11-04,RESOLVED
D000058,INV-0000855,C00008,2025-12-07,DUPLICATE_CLAIM,7860.09,,OPEN
D000059,INV-0000872,C00008,2026-02-11,ADJUDICATION_ADJ,12055.36,2026-05-06,RESOLVED
D000060,INV-0000878,C00008,2026-03-10,ADJUDICATION_ADJ,15351.73,2026-05-11,RESOLVED
D000061,INV-0000880,C00008,2026-03-25,ELIGIBILITY_LAPSE,36259.54,,OPEN
D000062,INV-0000897,C00008,2026-06-24,ELIGIBILITY_LAPSE,21040.55,,OPEN
D000063,INV-0000905,C00008,2026-06-29,COORD_OF_BENEFITS,39029.97,,OPEN
D000064,INV-0000903,C00008,2026-06-25,ELIGIBILITY_LAPSE,14982.9,,OPEN
D000065,INV-0000914,C00009,2025-03-28,COORD_OF_BENEFITS,42853.95,2025-05-14,RESOLVED
D000066,INV-0000948,C00009,2025-08-15,DUPLICATE_CLAIM,15391.89,2025-10-27,RESOLVED
D000067,INV-0000960,C00009,2025-09-23,AUTH_MISSING,101605.09,2025-12-03,RESOLVED
D000068,INV-0000972,C00009,2025-12-17,ELIGIBILITY_LAPSE,14125.98,2026-03-18,RESOLVED
D000069,INV-0000976,C00009,2026-01-16,AUTH_MISSING,43903.45,,OPEN
D000070,INV-0000997,C00009,2026-03-29,ELIGIBILITY_LAPSE,58485.76,,OPEN
D000071,INV-0001004,C00009,2026-05-19,ADJUDICATION_ADJ,22378.51,,OPEN
D000072,INV-0001053,C00010,2025-07-08,ADJUDICATION_ADJ,50048.68,2025-08-08,RESOLVED
D000073,INV-0001054,C00010,2025-08-12,AUTH_MISSING,11566.09,2025-12-01,RESOLVED
D000074,INV-0001058,C00010,2025-08-18,DUPLICATE_CLAIM,102193.96,,OPEN
D000075,INV-0001087,C00010,2025-12-13,COORD_OF_BENEFITS,76675.72,,OPEN
D000076,INV-0001129,C00010,2026-06-08,DUPLICATE_CLAIM,20467.6,,OPEN
D000077,INV-0001152,C00011,2025-02-26,ADJUDICATION_ADJ,57182.46,2025-03-27,RESOLVED
D000078,INV-0001154,C00011,2025-04-01,ELIGIBILITY_LAPSE,5041.02,2025-05-24,RESOLVED
D000079,INV-0001169,C00011,2025-05-28,ELIGIBILITY_LAPSE,30263.15,2025-07-15,RESOLVED
D000080,INV-0001182,C00011,2025-08-15,DUPLICATE_CLAIM,23902.69,,OPEN
D000081,INV-0001193,C00011,2025-09-23,DUPLICATE_CLAIM,83541.02,2025-12-21,RESOLVED
D000082,INV-0001197,C00011,2025-10-12,ELIGIBILITY_LAPSE,24129.93,2025-11-19,RESOLVED
D000083,INV-0001207,C00011,2025-10-25,AUTH_MISSING,61887.14,2025-12-29,RESOLVED
D000084,INV-0001203,C00011,2025-11-03,ADJUDICATION_ADJ,42013.65,,OPEN
D000085,INV-0001235,C00011,2026-04-30,COVERAGE_DENIED,38789.73,,OPEN
D000086,INV-0001266,C00012,2025-03-28,ADJUDICATION_ADJ,40201.61,2025-06-28,RESOLVED
D000087,INV-0001299,C00012,2025-07-28,ADJUDICATION_ADJ,23700.44,2025-08-13,RESOLVED
D000088,INV-0001326,C00012,2025-11-22,AUTH_MISSING,20401.49,2026-02-22,RESOLVED
D000089,INV-0001335,C00012,2025-12-13,DUPLICATE_CLAIM,67029.24,2026-04-06,RESOLVED
D000090,INV-0001357,C00012,2026-03-17,COORD_OF_BENEFITS,43043.29,2026-04-09,RESOLVED
D000091,INV-0001375,C00012,2026-05-27,AUTH_MISSING,42961.18,2026-06-15,RESOLVED
D000092,INV-0001382,C00012,2026-06-10,COVERAGE_DENIED,85426.43,2026-06-27,RESOLVED
D000093,INV-0001467,C00013,2026-01-11,ELIGIBILITY_LAPSE,7360.22,,OPEN
D000094,INV-0001469,C00013,2026-01-18,DUPLICATE_CLAIM,6223.9,2026-03-19,RESOLVED
D000095,INV-0001477,C00013,2026-03-17,COVERAGE_DENIED,13027.8,2026-05-10,RESOLVED
D000096,INV-0001510,C00014,2025-03-14,ELIGIBILITY_LAPSE,21151.83,2025-04-22,RESOLVED
D000097,INV-0001550,C00014,2025-08-21,DUPLICATE_CLAIM,49542.96,2025-10-24,RESOLVED
D000098,INV-0001575,C00014,2025-12-10,AUTH_MISSING,84713.2,,OPEN
D000099,INV-0001598,C00014,2026-05-18,DUPLICATE_CLAIM,45564.87,,OPEN
D000100,INV-0001636,C00015,2025-04-04,ADJUDICATION_ADJ,5669.83,2025-04-29,RESOLVED
D000101,INV-0001670,C00015,2025-09-29,COORD_OF_BENEFITS,14058.74,2025-11-04,RESOLVED
D000102,INV-0001709,C00015,2026-03-29,AUTH_MISSING,10617.28,2026-05-19,RESOLVED
D000103,INV-0001762,C00016,2025-05-18,ADJUDICATION_ADJ,6971.9,2025-08-15,RESOLVED
D000104,INV-0001774,C00016,2025-06-13,COORD_OF_BENEFITS,58920.35,2025-09-02,RESOLVED
D000105,INV-0001785,C00016,2025-07-05,DUPLICATE_CLAIM,36993.61,,OPEN
D000106,INV-0001779,C00016,2025-07-11,DUPLICATE_CLAIM,10272.48,2025-08-04,RESOLVED
D000107,INV-0001783,C00016,2025-08-04,COVERAGE_DENIED,74577.73,2025-08-16,RESOLVED
D000108,INV-0001798,C00016,2025-10-13,AUTH_MISSING,16117.85,2025-12-29,RESOLVED
D000109,INV-0001815,C00016,2025-12-25,ADJUDICATION_ADJ,37722.27,2026-04-15,RESOLVED
D000110,INV-0001841,C00016,2026-03-29,ADJUDICATION_ADJ,94099.15,2026-05-04,RESOLVED
D000111,INV-0001853,C00016,2026-05-24,AUTH_MISSING,24996.49,,OPEN
D000112,INV-0001846,C00016,2026-05-24,DUPLICATE_CLAIM,8386.17,,OPEN
D000113,INV-0001888,C00017,2025-04-21,DUPLICATE_CLAIM,69486.54,2025-05-10,RESOLVED
D000114,INV-0001912,C00017,2025-09-14,COVERAGE_DENIED,51590.58,2025-11-26,RESOLVED
D000115,INV-0001929,C00017,2025-11-07,ADJUDICATION_ADJ,39634.57,,OPEN
D000116,INV-0001927,C00017,2025-11-13,DUPLICATE_CLAIM,52677.76,2026-01-24,RESOLVED
D000117,INV-0001958,C00017,2026-04-06,ADJUDICATION_ADJ,65819.32,2026-06-02,RESOLVED
D000118,INV-0001976,C00017,2026-05-31,ADJUDICATION_ADJ,64533.4,,OPEN
D000119,INV-0002004,C00018,2025-05-24,COVERAGE_DENIED,66892.46,,OPEN
D000120,INV-0002023,C00018,2025-08-25,ELIGIBILITY_LAPSE,23723.68,2025-11-03,RESOLVED
D000121,INV-0002027,C00018,2025-10-11,DUPLICATE_CLAIM,41579.73,2025-11-14,RESOLVED
D000122,INV-0002037,C00018,2025-11-03,DUPLICATE_CLAIM,16947.73,2025-11-29,RESOLVED
D000123,INV-0002041,C00018,2025-12-04,COVERAGE_DENIED,40993.75,2026-02-15,RESOLVED
D000124,INV-0002047,C00018,2026-01-31,ELIGIBILITY_LAPSE,17701.61,2026-04-15,RESOLVED
D000125,INV-0002065,C00018,2026-04-13,COORD_OF_BENEFITS,40477.39,2026-05-20,RESOLVED
D000126,INV-0002133,C00019,2025-09-21,ADJUDICATION_ADJ,87239.83,2025-12-08,RESOLVED
D000127,INV-0002146,C00019,2025-12-09,ELIGIBILITY_LAPSE,3938.98,,OPEN
D000128,INV-0002149,C00019,2026-01-11,COVERAGE_DENIED,11325.45,,OPEN
D000129,INV-0002157,C00019,2026-02-27,DUPLICATE_CLAIM,7937.26,2026-05-27,RESOLVED
D000130,INV-0002166,C00019,2026-04-08,COORD_OF_BENEFITS,72089.86,2026-06-24,RESOLVED
D000131,INV-0002177,C00019,2026-05-18,ADJUDICATION_ADJ,18700.55,,OPEN
D000132,INV-0002217,C00020,2025-05-20,ELIGIBILITY_LAPSE,27473.28,2025-05-31,RESOLVED
D000133,INV-0002231,C00020,2025-08-17,COORD_OF_BENEFITS,88644.04,2025-09-08,RESOLVED
D000134,INV-0002277,C00020,2026-01-29,ELIGIBILITY_LAPSE,39277.64,,OPEN
D000135,INV-0002284,C00020,2026-03-15,COORD_OF_BENEFITS,4583.33,2026-05-18,RESOLVED
D000136,INV-0002281,C00020,2026-02-28,COVERAGE_DENIED,77196.46,2026-04-12,RESOLVED
D000137,INV-0002307,C00020,2026-06-12,ELIGIBILITY_LAPSE,38747.09,,OPEN
D000138,INV-0002337,C00021,2025-05-17,AUTH_MISSING,13820.62,2025-06-09,RESOLVED
D000139,INV-0002376,C00021,2025-12-05,ELIGIBILITY_LAPSE,28509.57,,OPEN
D000140,INV-0002384,C00021,2026-01-15,AUTH_MISSING,16465.33,2026-02-09,RESOLVED
D000141,INV-0002393,C00021,2026-04-05,COORD_OF_BENEFITS,24266.67,2026-05-04,RESOLVED
D000142,INV-0002402,C00021,2026-04-28,ELIGIBILITY_LAPSE,46895.53,2026-05-19,RESOLVED
D000143,INV-0002413,C00021,2026-05-26,DUPLICATE_CLAIM,28427.87,,OPEN
D000144,INV-0002428,C00022,2025-03-16,COORD_OF_BENEFITS,69709.95,2025-04-14,RESOLVED
D000145,INV-0002433,C00022,2025-04-14,ELIGIBILITY_LAPSE,10420.73,,OPEN
D000146,INV-0002454,C00022,2025-09-14,DUPLICATE_CLAIM,72807.08,2025-11-14,RESOLVED
D000147,INV-0002462,C00022,2025-10-21,AUTH_MISSING,35793.24,,OPEN
D000148,INV-0002470,C00022,2025-11-10,COORD_OF_BENEFITS,79586.1,2026-01-15,RESOLVED
D000149,INV-0002481,C00022,2025-12-22,COORD_OF_BENEFITS,34280.08,2026-03-11,RESOLVED
D000150,INV-0002499,C00022,2026-03-17,AUTH_MISSING,28964.91,,OPEN
D000151,INV-0002504,C00022,2026-04-02,AUTH_MISSING,4440.76,,OPEN
D000152,INV-0002505,C00022,2026-04-21,ADJUDICATION_ADJ,30494.98,,OPEN
D000153,INV-0002510,C00022,2026-05-24,ELIGIBILITY_LAPSE,12893.26,,OPEN
D000154,INV-0002550,C00023,2025-05-25,COVERAGE_DENIED,20873.24,,OPEN
D000155,INV-0002556,C00023,2025-05-31,COORD_OF_BENEFITS,73491.43,2025-06-28,RESOLVED
D000156,INV-0002563,C00023,2025-09-06,AUTH_MISSING,8700.45,,OPEN
D000157,INV-0002580,C00023,2025-11-29,COVERAGE_DENIED,21385.43,,OPEN
D000158,INV-0002592,C00023,2026-01-14,AUTH_MISSING,11620.13,,OPEN
D000159,INV-0002607,C00023,2026-05-06,ELIGIBILITY_LAPSE,9094.05,,OPEN
D000160,INV-0002636,C00024,2025-02-20,DUPLICATE_CLAIM,85155.68,2025-04-23,RESOLVED
D000161,INV-0002643,C00024,2025-05-04,ADJUDICATION_ADJ,12177.16,2025-06-03,RESOLVED
D000162,INV-0002658,C00024,2025-06-15,DUPLICATE_CLAIM,77714.26,2025-09-14,RESOLVED
D000163,INV-0002667,C00024,2025-07-04,ADJUDICATION_ADJ,21750.4,2025-07-30,RESOLVED
D000164,INV-0002689,C00024,2025-11-03,COORD_OF_BENEFITS,46340.43,,OPEN
D000165,INV-0002708,C00024,2026-02-15,COVERAGE_DENIED,48478.1,,OPEN
D000166,INV-0002719,C00024,2026-03-15,COORD_OF_BENEFITS,13753.67,2026-05-24,RESOLVED
D000167,INV-0002718,C00024,2026-03-31,AUTH_MISSING,10494.71,,OPEN
D000168,INV-0002724,C00024,2026-04-01,COVERAGE_DENIED,14229.72,2026-05-13,RESOLVED
D000169,INV-0002735,C00024,2026-06-01,AUTH_MISSING,11934.0,2026-06-29,RESOLVED
D000170,INV-0002737,C00024,2026-06-11,COVERAGE_DENIED,73788.54,2026-06-21,RESOLVED
D000171,INV-0002784,C00025,2025-07-26,DUPLICATE_CLAIM,5773.07,2025-09-01,RESOLVED
D000172,INV-0002786,C00025,2025-07-18,ELIGIBILITY_LAPSE,10273.07,2025-08-24,RESOLVED
D000173,INV-0002814,C00025,2025-11-20,COVERAGE_DENIED,16942.18,2026-01-07,RESOLVED
D000174,INV-0002822,C00025,2025-12-05,ADJUDICATION_ADJ,93493.86,2026-01-04,RESOLVED
D000175,INV-0002833,C00025,2026-03-05,AUTH_MISSING,42726.79,,OPEN
D000176,INV-0002837,C00025,2026-03-21,COVERAGE_DENIED,6873.58,,OPEN
D000177,INV-0002841,C00025,2026-04-16,DUPLICATE_CLAIM,83325.3,2026-04-28,RESOLVED
D000178,INV-0002896,C00026,2025-05-19,COORD_OF_BENEFITS,33681.95,,OPEN
D000179,INV-0002892,C00026,2025-05-16,DUPLICATE_CLAIM,65116.92,2025-06-14,RESOLVED
D000180,INV-0002917,C00026,2025-10-12,DUPLICATE_CLAIM,23586.36,2026-01-02,RESOLVED
D000181,INV-0002935,C00026,2026-02-09,COORD_OF_BENEFITS,66839.6,,OPEN
D000182,INV-0002959,C00026,2026-05-05,DUPLICATE_CLAIM,2971.01,,OPEN
D000183,INV-0002966,C00026,2026-06-28,DUPLICATE_CLAIM,77932.44,,OPEN
D000184,INV-0002992,C00027,2025-03-12,COORD_OF_BENEFITS,32756.02,2025-05-10,RESOLVED
D000185,INV-0002999,C00027,2025-05-04,AUTH_MISSING,109642.53,2025-06-20,RESOLVED
D000186,INV-0003003,C00027,2025-05-20,DUPLICATE_CLAIM,15272.64,,OPEN
D000187,INV-0003007,C00027,2025-06-02,ADJUDICATION_ADJ,44109.58,2025-07-02,RESOLVED
D000188,INV-0003013,C00027,2025-06-10,AUTH_MISSING,39847.52,2025-07-17,RESOLVED
D000189,INV-0003027,C00027,2025-09-18,AUTH_MISSING,43502.17,2025-12-24,RESOLVED
D000190,INV-0003034,C00027,2025-11-20,AUTH_MISSING,8293.87,2026-02-05,RESOLVED
D000191,INV-0003043,C00027,2025-12-21,COORD_OF_BENEFITS,33317.3,,OPEN
D000192,INV-0003057,C00027,2026-02-08,ELIGIBILITY_LAPSE,30251.77,,OPEN
D000193,INV-0003060,C00027,2026-03-06,AUTH_MISSING,89114.07,2026-06-26,RESOLVED
D000194,INV-0003072,C00027,2026-04-12,COORD_OF_BENEFITS,8882.73,2026-06-24,RESOLVED
D000195,INV-0003139,C00028,2025-06-22,COORD_OF_BENEFITS,3726.77,,OPEN
D000196,INV-0003141,C00028,2025-08-30,ADJUDICATION_ADJ,51499.56,2025-12-14,RESOLVED
D000197,INV-0003184,C00028,2026-04-21,ELIGIBILITY_LAPSE,25458.01,2026-05-12,RESOLVED
D000198,INV-0003188,C00028,2026-05-05,AUTH_MISSING,56842.39,,OPEN
D000199,INV-0003243,C00029,2025-07-02,DUPLICATE_CLAIM,12878.6,2025-08-23,RESOLVED
D000200,INV-0003250,C00029,2025-08-15,COVERAGE_DENIED,52365.24,,OPEN
D000201,INV-0003267,C00029,2025-11-16,COORD_OF_BENEFITS,35368.86,2026-02-08,RESOLVED
D000202,INV-0003275,C00029,2025-12-19,COVERAGE_DENIED,19446.91,2026-03-04,RESOLVED
D000203,INV-0003289,C00029,2026-04-15,AUTH_MISSING,32506.19,2026-06-29,RESOLVED
D000204,INV-0003338,C00030,2025-04-25,ELIGIBILITY_LAPSE,56754.88,,OPEN
D000205,INV-0003359,C00030,2025-08-16,DUPLICATE_CLAIM,40356.54,,OPEN
D000206,INV-0003352,C00030,2025-08-28,ADJUDICATION_ADJ,34443.38,2025-12-04,RESOLVED
D000207,INV-0003367,C00030,2025-09-10,ELIGIBILITY_LAPSE,37415.3,2025-12-07,RESOLVED
D000208,INV-0003362,C00030,2025-10-01,ELIGIBILITY_LAPSE,89161.61,2025-11-04,RESOLVED
D000209,INV-0003370,C00030,2025-10-19,COORD_OF_BENEFITS,17113.21,2025-11-09,RESOLVED
D000210,INV-0003386,C00030,2025-12-17,ELIGIBILITY_LAPSE,6696.13,2026-02-09,RESOLVED
D000211,INV-0003391,C00030,2025-12-28,ADJUDICATION_ADJ,30558.94,2026-04-11,RESOLVED
D000212,INV-0003388,C00030,2026-01-11,AUTH_MISSING,36573.21,2026-01-22,RESOLVED
D000213,INV-0003398,C00030,2026-02-03,AUTH_MISSING,13633.54,2026-03-20,RESOLVED
D000214,INV-0003404,C00030,2026-02-16,COORD_OF_BENEFITS,98586.01,2026-03-22,RESOLVED
D000215,INV-0003417,C00030,2026-05-07,ELIGIBILITY_LAPSE,71025.95,,OPEN
D000216,INV-0003419,C00030,2026-04-27,DUPLICATE_CLAIM,24630.6,2026-05-19,RESOLVED
D000217,INV-0003445,C00031,2025-04-07,ELIGIBILITY_LAPSE,53167.79,,OPEN
D000218,INV-0003458,C00031,2025-08-03,COORD_OF_BENEFITS,17944.06,2025-10-20,RESOLVED
D000219,INV-0003460,C00031,2025-07-19,AUTH_MISSING,34241.76,,OPEN
D000220,INV-0003466,C00031,2025-08-18,COVERAGE_DENIED,24504.8,2025-11-02,RESOLVED
D000221,INV-0003473,C00031,2025-09-08,COVERAGE_DENIED,51564.79,2025-12-21,RESOLVED
D000222,INV-0003481,C00031,2025-10-08,AUTH_MISSING,19635.14,2025-11-07,RESOLVED
D000223,INV-0003490,C00031,2025-11-16,ADJUDICATION_ADJ,11627.58,2026-02-24,RESOLVED
D000224,INV-0003499,C00031,2025-12-23,COVERAGE_DENIED,58223.92,2026-01-29,RESOLVED
D000225,INV-0003501,C00031,2026-01-19,ADJUDICATION_ADJ,42301.71,2026-04-26,RESOLVED
D000226,INV-0003505,C00031,2026-03-07,COORD_OF_BENEFITS,34456.59,,OPEN
D000227,INV-0003514,C00031,2026-03-13,ADJUDICATION_ADJ,23327.73,,OPEN
D000228,INV-0003515,C00031,2026-03-18,COVERAGE_DENIED,68096.63,,OPEN
D000229,INV-0003535,C00031,2026-05-22,ADJUDICATION_ADJ,7237.36,,OPEN
D000230,INV-0003531,C00031,2026-05-07,COORD_OF_BENEFITS,31635.25,2026-06-19,RESOLVED
D000231,INV-0003544,C00031,2026-05-31,ELIGIBILITY_LAPSE,67270.02,,OPEN
D000232,INV-0003572,C00032,2025-04-07,ADJUDICATION_ADJ,109084.75,2025-06-13,RESOLVED
D000233,INV-0003598,C00032,2025-08-27,COORD_OF_BENEFITS,24909.35,,OPEN
D000234,INV-0003602,C00032,2025-09-27,ADJUDICATION_ADJ,43241.12,2025-11-07,RESOLVED
D000235,INV-0003610,C00032,2025-09-26,ADJUDICATION_ADJ,33942.47,2025-12-22,RESOLVED
D000236,INV-0003623,C00032,2025-11-22,COVERAGE_DENIED,7678.67,,OPEN
D000237,INV-0003656,C00032,2026-04-28,COORD_OF_BENEFITS,68749.99,,OPEN
D000238,INV-0003664,C00032,2026-06-15,ADJUDICATION_ADJ,54689.19,,OPEN
D000239,INV-0003670,C00032,2026-06-28,COVERAGE_DENIED,76689.58,,OPEN
D000240,INV-0003695,C00033,2025-06-18,COVERAGE_DENIED,8952.97,,OPEN
D000241,INV-0003727,C00033,2025-11-09,AUTH_MISSING,14915.83,2025-12-29,RESOLVED
D000242,INV-0003739,C00033,2026-02-19,ELIGIBILITY_LAPSE,32412.01,2026-05-17,RESOLVED
D000243,INV-0003784,C00034,2025-03-07,AUTH_MISSING,35279.32,2025-03-28,RESOLVED
D000244,INV-0003798,C00034,2025-05-09,COVERAGE_DENIED,15324.9,2025-08-08,RESOLVED
D000245,INV-0003854,C00034,2026-01-15,AUTH_MISSING,60614.98,2026-04-11,RESOLVED
D000246,INV-0003919,C00035,2025-07-19,COORD_OF_BENEFITS,16678.2,2025-10-27,RESOLVED
D000247,INV-0003924,C00035,2025-08-25,ELIGIBILITY_LAPSE,39246.16,2025-10-17,RESOLVED
D000248,INV-0003939,C00035,2025-09-13,COVERAGE_DENIED,57993.97,2025-12-19,RESOLVED
D000249,INV-0003948,C00035,2025-12-18,COVERAGE_DENIED,10715.75,,OPEN
D000250,INV-0003950,C00035,2025-12-14,ADJUDICATION_ADJ,22748.64,2026-01-06,RESOLVED
D000251,INV-0003959,C00035,2026-03-03,ELIGIBILITY_LAPSE,50988.68,,OPEN
D000252,INV-0003965,C00035,2026-03-15,COORD_OF_BENEFITS,28954.4,,OPEN
D000253,INV-0004053,C00036,2025-10-03,COORD_OF_BENEFITS,16849.26,,OPEN
D000254,INV-0004087,C00036,2026-05-09,COORD_OF_BENEFITS,66612.52,,OPEN
D000255,INV-0004125,C00037,2025-04-17,ELIGIBILITY_LAPSE,25207.91,2025-05-18,RESOLVED
D000256,INV-0004136,C00037,2025-05-08,COORD_OF_BENEFITS,25134.89,2025-06-22,RESOLVED
D000257,INV-0004138,C00037,2025-06-26,COVERAGE_DENIED,12128.6,,OPEN
D000258,INV-0004151,C00037,2025-08-29,COORD_OF_BENEFITS,10862.99,2025-12-21,RESOLVED
D000259,INV-0004154,C00037,2025-08-18,ELIGIBILITY_LAPSE,31083.9,,OPEN
D000260,INV-0004160,C00037,2025-09-24,DUPLICATE_CLAIM,63619.73,2025-11-03,RESOLVED
D000261,INV-0004181,C00037,2025-12-03,COORD_OF_BENEFITS,19600.67,2026-03-03,RESOLVED
D000262,INV-0004194,C00037,2026-02-10,COORD_OF_BENEFITS,12215.0,2026-04-19,RESOLVED
D000263,INV-0004203,C00037,2026-03-12,COVERAGE_DENIED,14639.9,2026-06-12,RESOLVED
D000264,INV-0004234,C00037,2026-06-07,AUTH_MISSING,30244.67,,OPEN
D000265,INV-0004300,C00038,2025-11-29,DUPLICATE_CLAIM,55526.12,,OPEN
D000266,INV-0004313,C00038,2026-02-01,DUPLICATE_CLAIM,38467.62,2026-02-21,RESOLVED
D000267,INV-0004324,C00038,2026-01-22,ELIGIBILITY_LAPSE,9450.91,2026-02-19,RESOLVED
D000268,INV-0004315,C00038,2026-02-03,DUPLICATE_CLAIM,22882.88,2026-02-28,RESOLVED
D000269,INV-0004329,C00038,2026-03-25,COVERAGE_DENIED,11231.9,,OPEN
D000270,INV-0004335,C00038,2026-03-28,DUPLICATE_CLAIM,44063.98,2026-04-15,RESOLVED
D000271,INV-0004363,C00039,2025-03-22,ELIGIBILITY_LAPSE,23034.61,2025-04-03,RESOLVED
D000272,INV-0004369,C00039,2025-04-05,COORD_OF_BENEFITS,95541.63,,OPEN
D000273,INV-0004383,C00039,2025-06-16,DUPLICATE_CLAIM,99339.81,2025-10-04,RESOLVED
D000274,INV-0004398,C00039,2025-08-09,ELIGIBILITY_LAPSE,12041.18,2025-10-30,RESOLVED
D000275,INV-0004424,C00039,2025-12-16,DUPLICATE_CLAIM,79620.68,2026-01-19,RESOLVED
D000276,INV-0004439,C00039,2026-02-08,AUTH_MISSING,24963.09,,OPEN
D000277,INV-0004433,C00039,2026-02-16,DUPLICATE_CLAIM,22045.25,2026-04-24,RESOLVED
D000278,INV-0004497,C00040,2025-03-11,ELIGIBILITY_LAPSE,14551.23,2025-04-27,RESOLVED
D000279,INV-0004501,C00040,2025-04-05,AUTH_MISSING,11748.95,,OPEN
D000280,INV-0004561,C00040,2026-02-24,ADJUDICATION_ADJ,89412.24,2026-05-08,RESOLVED
D000281,INV-0004578,C00040,2026-03-30,ADJUDICATION_ADJ,19739.08,2026-04-11,RESOLVED
D000282,INV-0004588,C00040,2026-05-17,COORD_OF_BENEFITS,56153.48,2026-05-29,RESOLVED
D000283,INV-0004633,C00041,2025-07-01,ELIGIBILITY_LAPSE,81383.09,,OPEN
D000284,INV-0004637,C00041,2025-08-03,COVERAGE_DENIED,22170.83,2025-09-14,RESOLVED
D000285,INV-0004644,C00041,2025-09-13,DUPLICATE_CLAIM,82216.5,,OPEN
D000286,INV-0004648,C00041,2025-09-15,DUPLICATE_CLAIM,75399.64,,OPEN
D000287,INV-0004668,C00041,2025-12-06,DUPLICATE_CLAIM,5857.93,,OPEN
D000288,INV-0004674,C00041,2026-01-16,AUTH_MISSING,41476.19,2026-05-09,RESOLVED
D000289,INV-0004672,C00041,2026-01-12,ELIGIBILITY_LAPSE,16930.62,2026-03-11,RESOLVED
D000290,INV-0004707,C00041,2026-05-26,ELIGIBILITY_LAPSE,23952.58,,OPEN
D000291,INV-0004708,C00041,2026-05-24,AUTH_MISSING,63924.24,2026-06-03,RESOLVED
D000292,INV-0004750,C00042,2025-04-03,COORD_OF_BENEFITS,24732.38,2025-05-16,RESOLVED
D000293,INV-0004754,C00042,2025-05-01,ELIGIBILITY_LAPSE,20431.12,,OPEN
D000294,INV-0004759,C00042,2025-05-04,COVERAGE_DENIED,31163.53,2025-06-19,RESOLVED
D000295,INV-0004769,C00042,2025-06-10,COORD_OF_BENEFITS,14883.12,,OPEN
D000296,INV-0004777,C00042,2025-08-31,COORD_OF_BENEFITS,40708.47,2025-10-14,RESOLVED
D000297,INV-0004796,C00042,2025-11-04,ELIGIBILITY_LAPSE,16963.7,,OPEN
D000298,INV-0004799,C00042,2025-11-18,AUTH_MISSING,20820.03,,OPEN
D000299,INV-0004806,C00042,2025-12-24,AUTH_MISSING,40815.64,2026-01-03,RESOLVED
D000300,INV-0004810,C00042,2026-01-03,ADJUDICATION_ADJ,22010.67,2026-03-25,RESOLVED
D000301,INV-0004807,C00042,2026-01-20,ELIGIBILITY_LAPSE,69044.46,,OPEN
D000302,INV-0004808,C00042,2026-01-18,AUTH_MISSING,93222.0,2026-04-19,RESOLVED
D000303,INV-0004835,C00042,2026-06-08,AUTH_MISSING,7122.14,,OPEN
D000304,INV-0004878,C00043,2025-07-02,COVERAGE_DENIED,7409.96,,OPEN
D000305,INV-0004879,C00043,2025-07-02,COORD_OF_BENEFITS,30259.67,2025-09-21,RESOLVED
D000306,INV-0004911,C00043,2025-12-22,DUPLICATE_CLAIM,52899.01,2026-03-30,RESOLVED
D000307,INV-0004938,C00043,2026-04-21,ELIGIBILITY_LAPSE,27185.16,2026-05-14,RESOLVED
D000308,INV-0004966,C00044,2025-04-09,ADJUDICATION_ADJ,36009.67,2025-05-15,RESOLVED
D000309,INV-0004976,C00044,2025-05-31,ELIGIBILITY_LAPSE,42184.57,2025-07-06,RESOLVED
D000310,INV-0005001,C00044,2025-08-03,ADJUDICATION_ADJ,29722.5,2025-09-24,RESOLVED
D000311,INV-0005009,C00044,2025-09-23,COORD_OF_BENEFITS,92720.75,2025-12-18,RESOLVED
D000312,INV-0005034,C00044,2025-11-25,DUPLICATE_CLAIM,11586.47,2025-12-29,RESOLVED
D000313,INV-0005039,C00044,2025-12-29,COORD_OF_BENEFITS,71239.5,,OPEN
D000314,INV-0005050,C00044,2026-04-19,ADJUDICATION_ADJ,8579.31,,OPEN
D000315,INV-0005057,C00044,2026-05-09,AUTH_MISSING,7870.45,,OPEN
D000316,INV-0005064,C00044,2026-06-14,COORD_OF_BENEFITS,30872.24,,OPEN
D000317,INV-0005097,C00045,2025-05-17,AUTH_MISSING,71819.5,,OPEN
D000318,INV-0005105,C00045,2025-07-04,ADJUDICATION_ADJ,28392.96,,OPEN
D000319,INV-0005119,C00045,2025-09-12,COORD_OF_BENEFITS,80918.13,2025-12-14,RESOLVED
D000320,INV-0005127,C00045,2025-10-31,ELIGIBILITY_LAPSE,49115.22,2025-12-09,RESOLVED
D000321,INV-0005129,C00045,2025-10-26,DUPLICATE_CLAIM,51260.13,,OPEN
D000322,INV-0005134,C00045,2025-11-05,COVERAGE_DENIED,78420.75,2026-01-29,RESOLVED
D000323,INV-0005135,C00045,2025-11-05,COVERAGE_DENIED,69738.99,,OPEN
D000324,INV-0005156,C00045,2026-01-22,ELIGIBILITY_LAPSE,12178.47,,OPEN
D000325,INV-0005169,C00045,2026-04-06,ELIGIBILITY_LAPSE,89807.09,,OPEN
D000326,INV-0005168,C00045,2026-04-13,ELIGIBILITY_LAPSE,39884.58,2026-05-10,RESOLVED
D000327,INV-0005184,C00045,2026-06-14,COVERAGE_DENIED,52702.07,,OPEN
D000328,INV-0005223,C00046,2025-07-10,ELIGIBILITY_LAPSE,48156.45,,OPEN
D000329,INV-0005225,C00046,2025-09-06,DUPLICATE_CLAIM,32837.87,2025-11-25,RESOLVED
D000330,INV-0005239,C00046,2025-10-01,DUPLICATE_CLAIM,17023.43,2025-11-09,RESOLVED
D000331,INV-0005253,C00046,2025-10-27,ELIGIBILITY_LAPSE,60204.73,2026-01-12,RESOLVED
D000332,INV-0005267,C00046,2026-01-03,AUTH_MISSING,28424.4,2026-02-28,RESOLVED
D000333,INV-0005285,C00046,2026-03-11,AUTH_MISSING,15741.46,,OPEN
D000334,INV-0005290,C00046,2026-04-08,ELIGIBILITY_LAPSE,17817.06,2026-06-05,RESOLVED
D000335,INV-0005304,C00046,2026-05-13,AUTH_MISSING,60937.38,,OPEN
D000336,INV-0005339,C00047,2025-04-11,COVERAGE_DENIED,36882.27,,OPEN
D000337,INV-0005342,C00047,2025-05-02,AUTH_MISSING,45924.99,2025-07-25,RESOLVED
D000338,INV-0005380,C00047,2025-10-12,ELIGIBILITY_LAPSE,17806.54,2026-01-30,RESOLVED
D000339,INV-0005379,C00047,2025-10-09,COORD_OF_BENEFITS,33817.67,2025-11-14,RESOLVED
D000340,INV-0005396,C00047,2025-12-06,DUPLICATE_CLAIM,29925.33,2026-03-14,RESOLVED
D000341,INV-0005425,C00047,2026-04-13,COVERAGE_DENIED,15595.87,2026-05-05,RESOLVED
D000342,INV-0005426,C00047,2026-04-18,ELIGIBILITY_LAPSE,32609.29,,OPEN
D000343,INV-0005427,C00047,2026-04-17,AUTH_MISSING,21543.37,,OPEN
D000344,INV-0005439,C00047,2026-06-25,COVERAGE_DENIED,31244.89,,OPEN
D000345,INV-0005492,C00048,2025-07-18,DUPLICATE_CLAIM,23988.03,2025-10-21,RESOLVED
D000346,INV-0005486,C00048,2025-07-16,ELIGIBILITY_LAPSE,38954.13,2025-09-04,RESOLVED
D000347,INV-0005500,C00048,2025-08-23,ELIGIBILITY_LAPSE,21601.41,2025-09-02,RESOLVED
D000348,INV-0005496,C00048,2025-09-07,AUTH_MISSING,58047.71,2025-10-07,RESOLVED
D000349,INV-0005510,C00048,2025-10-07,ELIGIBILITY_LAPSE,47072.32,2025-12-03,RESOLVED
D000350,INV-0005533,C00048,2026-02-01,ELIGIBILITY_LAPSE,13863.78,2026-05-08,RESOLVED
D000351,INV-0005548,C00048,2026-04-19,AUTH_MISSING,28046.73,,OPEN
D000352,INV-0005566,C00048,2026-05-30,AUTH_MISSING,74396.71,2026-06-25,RESOLVED
D000353,INV-0005616,C00049,2025-08-04,ADJUDICATION_ADJ,11740.34,2025-08-22,RESOLVED
D000354,INV-0005610,C00049,2025-08-12,COORD_OF_BENEFITS,20532.77,2025-10-23,RESOLVED
D000355,INV-0005642,C00049,2025-12-12,DUPLICATE_CLAIM,10260.94,,OPEN
D000356,INV-0005647,C00049,2025-12-28,ADJUDICATION_ADJ,55443.08,2026-01-24,RESOLVED
D000357,INV-0005668,C00049,2026-03-19,AUTH_MISSING,62527.05,,OPEN
D000358,INV-0005681,C00049,2026-05-09,COORD_OF_BENEFITS,26428.33,,OPEN
D000359,INV-0005684,C00049,2026-05-21,COVERAGE_DENIED,4915.95,,OPEN
D000360,INV-0005707,C00050,2025-03-24,COORD_OF_BENEFITS,6604.5,2025-06-22,RESOLVED
D000361,INV-0005745,C00050,2025-09-03,COVERAGE_DENIED,11761.93,2025-11-29,RESOLVED
D000362,INV-0005752,C00050,2025-10-14,ELIGIBILITY_LAPSE,31453.93,2026-01-29,RESOLVED
D000363,INV-0005783,C00050,2026-01-30,ADJUDICATION_ADJ,54678.89,2026-05-24,RESOLVED
D000364,INV-0005805,C00050,2026-05-11,ADJUDICATION_ADJ,50928.2,,OPEN
D000365,INV-0005797,C00050,2026-05-19,COVERAGE_DENIED,19408.52,,OPEN
D000366,INV-0005802,C00050,2026-05-27,COVERAGE_DENIED,80606.69,,OPEN
D000367,INV-0005803,C00050,2026-05-21,COVERAGE_DENIED,63803.91,,OPEN
D000368,INV-0005832,C00051,2025-04-03,ADJUDICATION_ADJ,6307.7,,OPEN
D000369,INV-0005839,C00051,2025-06-10,ELIGIBILITY_LAPSE,26095.31,2025-07-13,RESOLVED
D000370,INV-0005861,C00051,2025-08-20,COVERAGE_DENIED,22359.7,2025-12-05,RESOLVED
D000371,INV-0005862,C00051,2025-09-02,DUPLICATE_CLAIM,54946.17,2025-10-05,RESOLVED
D000372,INV-0005866,C00051,2025-09-06,COORD_OF_BENEFITS,68982.78,2025-12-07,RESOLVED
D000373,INV-0005868,C00051,2025-10-21,ELIGIBILITY_LAPSE,66396.6,,OPEN
D000374,INV-0005880,C00051,2025-12-24,ELIGIBILITY_LAPSE,5167.69,2026-01-31,RESOLVED
D000375,INV-0005920,C00051,2026-06-10,ELIGIBILITY_LAPSE,15252.82,,OPEN
D000376,INV-0005952,C00052,2025-04-30,ELIGIBILITY_LAPSE,14225.45,2025-06-21,RESOLVED
D000377,INV-0005959,C00052,2025-05-11,ELIGIBILITY_LAPSE,13699.49,,OPEN
D000378,INV-0005963,C00052,2025-05-18,COORD_OF_BENEFITS,37002.6,,OPEN
D000379,INV-0005973,C00052,2025-07-27,COVERAGE_DENIED,104099.58,,OPEN
D000380,INV-0005969,C00052,2025-07-13,ELIGIBILITY_LAPSE,7960.66,,OPEN
D000381,INV-0005971,C00052,2025-07-29,ADJUDICATION_ADJ,36480.33,,OPEN
D000382,INV-0006010,C00052,2026-01-05,COVERAGE_DENIED,40430.2,2026-04-23,RESOLVED
D000383,INV-0006023,C00052,2026-02-20,ELIGIBILITY_LAPSE,29442.78,,OPEN
D000384,INV-0006026,C00052,2026-04-20,ADJUDICATION_ADJ,36916.98,2026-05-11,RESOLVED
D000385,INV-0006063,C00053,2025-02-28,ADJUDICATION_ADJ,6555.49,,OPEN
D000386,INV-0006093,C00053,2025-08-26,COORD_OF_BENEFITS,44164.42,,OPEN
D000387,INV-0006089,C00053,2025-08-16,COORD_OF_BENEFITS,40311.72,2025-11-15,RESOLVED
D000388,INV-0006110,C00053,2026-01-10,ELIGIBILITY_LAPSE,9917.7,,OPEN
D000389,INV-0006118,C00053,2026-02-21,ELIGIBILITY_LAPSE,13090.56,2026-05-04,RESOLVED
D000390,INV-0006131,C00053,2026-02-23,AUTH_MISSING,70535.6,2026-04-14,RESOLVED
D000391,INV-0006132,C00053,2026-04-29,COVERAGE_DENIED,15895.57,,OPEN
D000392,INV-0006148,C00053,2026-06-01,DUPLICATE_CLAIM,18504.99,,OPEN
D000393,INV-0006180,C00054,2025-05-09,DUPLICATE_CLAIM,11767.89,2025-05-20,RESOLVED
D000394,INV-0006188,C00054,2025-05-04,AUTH_MISSING,55236.7,2025-06-28,RESOLVED
D000395,INV-0006217,C00054,2025-10-22,COORD_OF_BENEFITS,32839.28,2025-11-15,RESOLVED
D000396,INV-0006241,C00054,2026-01-29,COVERAGE_DENIED,10283.36,2026-04-04,RESOLVED
D000397,INV-0006254,C00054,2026-02-25,AUTH_MISSING,19887.88,,OPEN
D000398,INV-0006294,C00055,2025-03-03,DUPLICATE_CLAIM,78970.6,,OPEN
D000399,INV-0006301,C00055,2025-04-07,COORD_OF_BENEFITS,84714.92,2025-07-01,RESOLVED
D000400,INV-0006307,C00055,2025-05-09,ELIGIBILITY_LAPSE,75689.9,,OPEN
D000401,INV-0006316,C00055,2025-06-13,ELIGIBILITY_LAPSE,54751.18,2025-08-24,RESOLVED
D000402,INV-0006337,C00055,2025-09-20,COORD_OF_BENEFITS,19966.59,2025-11-28,RESOLVED
D000403,INV-0006358,C00055,2026-01-02,ELIGIBILITY_LAPSE,49836.14,2026-04-04,RESOLVED
D000404,INV-0006363,C00055,2025-12-15,ADJUDICATION_ADJ,4691.99,2026-03-06,RESOLVED
D000405,INV-0006380,C00055,2026-02-19,DUPLICATE_CLAIM,15307.11,,OPEN
D000406,INV-0006403,C00055,2026-06-11,COVERAGE_DENIED,6249.47,,OPEN
D000407,INV-0006421,C00056,2025-03-14,AUTH_MISSING,56458.3,2025-05-01,RESOLVED
D000408,INV-0006419,C00056,2025-03-18,AUTH_MISSING,38691.4,2025-04-09,RESOLVED
D000409,INV-0006427,C00056,2025-04-06,DUPLICATE_CLAIM,14047.77,,OPEN
D000410,INV-0006430,C00056,2025-04-03,COORD_OF_BENEFITS,44380.61,2025-06-11,RESOLVED
D000411,INV-0006439,C00056,2025-06-10,AUTH_MISSING,8649.67,2025-10-01,RESOLVED
D000412,INV-0006453,C00056,2025-07-28,ELIGIBILITY_LAPSE,11394.38,2025-09-13,RESOLVED
D000413,INV-0006456,C00056,2025-10-07,ADJUDICATION_ADJ,16127.44,2025-11-24,RESOLVED
D000414,INV-0006474,C00056,2025-12-26,ELIGIBILITY_LAPSE,54545.12,2026-02-28,RESOLVED
D000415,INV-0006483,C00056,2026-02-12,COORD_OF_BENEFITS,8457.49,2026-05-21,RESOLVED
D000416,INV-0006517,C00056,2026-06-10,ADJUDICATION_ADJ,15614.05,,OPEN
D000417,INV-0006567,C00057,2025-08-26,COVERAGE_DENIED,23577.68,2025-11-27,RESOLVED
D000418,INV-0006563,C00057,2025-08-27,ADJUDICATION_ADJ,18909.55,,OPEN
D000419,INV-0006583,C00057,2025-11-21,ADJUDICATION_ADJ,18257.75,2025-12-29,RESOLVED
D000420,INV-0006607,C00057,2026-01-26,ELIGIBILITY_LAPSE,63737.39,,OPEN
D000421,INV-0006612,C00057,2026-02-14,COVERAGE_DENIED,17848.29,2026-04-07,RESOLVED
D000422,INV-0006617,C00057,2026-03-29,COORD_OF_BENEFITS,11705.57,2026-06-07,RESOLVED
D000423,INV-0006628,C00057,2026-05-13,ELIGIBILITY_LAPSE,21025.16,,OPEN
D000424,INV-0006662,C00058,2025-04-22,AUTH_MISSING,74779.09,2025-06-01,RESOLVED
D000425,INV-0006697,C00058,2025-09-16,AUTH_MISSING,46560.76,2025-10-26,RESOLVED
D000426,INV-0006705,C00058,2025-10-23,DUPLICATE_CLAIM,12930.46,,OPEN
D000427,INV-0006716,C00058,2025-12-20,COVERAGE_DENIED,59419.26,2026-02-04,RESOLVED
D000428,INV-0006723,C00058,2026-01-12,DUPLICATE_CLAIM,11962.86,,OPEN
D000429,INV-0006728,C00058,2026-02-22,DUPLICATE_CLAIM,20079.16,2026-03-15,RESOLVED
D000430,INV-0006731,C00058,2026-03-08,DUPLICATE_CLAIM,9793.87,2026-03-27,RESOLVED
D000431,INV-0006755,C00058,2026-05-20,DUPLICATE_CLAIM,62867.67,,OPEN
D000432,INV-0006753,C00058,2026-05-22,COVERAGE_DENIED,62377.0,,OPEN
D000433,INV-0006789,C00059,2025-04-01,AUTH_MISSING,8038.41,2025-07-11,RESOLVED
D000434,INV-0006790,C00059,2025-04-19,COVERAGE_DENIED,24658.86,2025-08-05,RESOLVED
D000435,INV-0006812,C00059,2025-08-12,ADJUDICATION_ADJ,35672.3,2025-08-24,RESOLVED
D000436,INV-0006823,C00059,2025-10-28,ELIGIBILITY_LAPSE,47893.99,2026-01-03,RESOLVED
D000437,INV-0006837,C00059,2025-12-06,COVERAGE_DENIED,17480.93,,OPEN
D000438,INV-0006855,C00059,2026-03-26,DUPLICATE_CLAIM,29416.63,2026-05-19,RESOLVED
D000439,INV-0006854,C00059,2026-03-16,COVERAGE_DENIED,81264.48,2026-04-05,RESOLVED
D000440,INV-0006850,C00059,2026-03-30,ADJUDICATION_ADJ,15242.99,2026-04-18,RESOLVED
D000441,INV-0006872,C00059,2026-06-08,AUTH_MISSING,17804.47,,OPEN
D000442,INV-0006916,C00060,2025-06-26,AUTH_MISSING,20910.51,,OPEN
D000443,INV-0006919,C00060,2025-08-01,COVERAGE_DENIED,16597.02,,OPEN
D000444,INV-0006929,C00060,2025-08-27,AUTH_MISSING,21014.31,2025-10-28,RESOLVED
D000445,INV-0006941,C00060,2025-11-12,ELIGIBILITY_LAPSE,16298.87,,OPEN
D000446,INV-0006943,C00060,2025-12-23,ELIGIBILITY_LAPSE,30904.94,,OPEN
D000447,INV-0006972,C00060,2026-04-01,COVERAGE_DENIED,6119.75,2026-05-03,RESOLVED
D000448,INV-0006990,C00060,2026-05-23,ELIGIBILITY_LAPSE,28583.67,,OPEN
D000449,INV-0007026,C00061,2025-06-17,ELIGIBILITY_LAPSE,23063.65,2025-07-03,RESOLVED
D000450,INV-0007028,C00061,2025-07-05,COVERAGE_DENIED,7489.94,2025-10-01,RESOLVED
D000451,INV-0007051,C00061,2025-10-30,ADJUDICATION_ADJ,5635.17,2026-02-05,RESOLVED
D000452,INV-0007054,C00061,2025-12-28,ADJUDICATION_ADJ,44538.06,2026-03-03,RESOLVED
D000453,INV-0007065,C00061,2026-02-17,AUTH_MISSING,23882.65,,OPEN
D000454,INV-0007093,C00061,2026-05-28,ADJUDICATION_ADJ,12346.54,2026-06-25,RESOLVED
D000455,INV-0007139,C00062,2025-05-18,COORD_OF_BENEFITS,8295.15,2025-06-21,RESOLVED
D000456,INV-0007148,C00062,2025-07-25,DUPLICATE_CLAIM,30417.5,2025-10-05,RESOLVED
D000457,INV-0007180,C00062,2025-12-22,COORD_OF_BENEFITS,39562.82,,OPEN
D000458,INV-0007191,C00062,2026-02-10,COORD_OF_BENEFITS,23432.0,,OPEN
D000459,INV-0007192,C00062,2026-02-12,DUPLICATE_CLAIM,80732.32,,OPEN
D000460,INV-0007189,C00062,2026-02-19,AUTH_MISSING,60387.55,,OPEN
D000461,INV-0007196,C00062,2026-03-01,ELIGIBILITY_LAPSE,20495.85,,OPEN
D000462,INV-0007218,C00062,2026-06-17,COVERAGE_DENIED,42863.39,,OPEN
D000463,INV-0007237,C00063,2025-03-08,ADJUDICATION_ADJ,21008.73,,OPEN
D000464,INV-0007242,C00063,2025-03-11,ADJUDICATION_ADJ,68783.19,2025-07-02,RESOLVED
D000465,INV-0007247,C00063,2025-05-04,AUTH_MISSING,41761.49,2025-06-15,RESOLVED
D000466,INV-0007275,C00063,2025-08-24,DUPLICATE_CLAIM,71472.11,,OPEN
D000467,INV-0007290,C00063,2025-09-21,DUPLICATE_CLAIM,10989.74,2025-10-08,RESOLVED
D000468,INV-0007302,C00063,2025-12-17,ADJUDICATION_ADJ,16268.23,2026-02-26,RESOLVED
D000469,INV-0007314,C00063,2026-02-15,COORD_OF_BENEFITS,8301.86,2026-04-16,RESOLVED
D000470,INV-0007323,C00063,2026-02-26,ELIGIBILITY_LAPSE,6470.74,,OPEN
D000471,INV-0007329,C00063,2026-04-30,COORD_OF_BENEFITS,16264.07,,OPEN
D000472,INV-0007334,C00063,2026-04-21,DUPLICATE_CLAIM,9383.2,,OPEN
D000473,INV-0007345,C00063,2026-06-21,DUPLICATE_CLAIM,16238.5,,OPEN
D000474,INV-0007370,C00064,2025-03-09,ELIGIBILITY_LAPSE,49983.72,2025-04-01,RESOLVED
D000475,INV-0007374,C00064,2025-04-18,ELIGIBILITY_LAPSE,25226.93,2025-05-12,RESOLVED
D000476,INV-0007380,C00064,2025-05-21,ELIGIBILITY_LAPSE,73298.09,2025-06-23,RESOLVED
D000477,INV-0007463,C00064,2026-05-31,ADJUDICATION_ADJ,35512.71,,OPEN
D000478,INV-0007489,C00065,2025-03-04,ADJUDICATION_ADJ,15824.38,,OPEN
D000479,INV-0007491,C00065,2025-04-27,ADJUDICATION_ADJ,59778.07,,OPEN
D000480,INV-0007492,C00065,2025-04-16,COORD_OF_BENEFITS,31188.91,2025-05-30,RESOLVED
D000481,INV-0007495,C00065,2025-05-06,COVERAGE_DENIED,56517.03,,OPEN
D000482,INV-0007514,C00065,2025-08-20,COVERAGE_DENIED,5925.43,,OPEN
D000483,INV-0007524,C00065,2025-10-21,ELIGIBILITY_LAPSE,76021.34,2026-02-02,RESOLVED
D000484,INV-0007542,C00065,2025-11-22,ADJUDICATION_ADJ,51242.14,,OPEN
D000485,INV-0007551,C00065,2026-01-28,ELIGIBILITY_LAPSE,69169.41,2026-04-15,RESOLVED
D000486,INV-0007561,C00065,2026-04-23,ELIGIBILITY_LAPSE,18709.57,,OPEN
D000487,INV-0007560,C00065,2026-04-17,COVERAGE_DENIED,31288.27,2026-06-18,RESOLVED
D000488,INV-0007601,C00066,2025-04-16,DUPLICATE_CLAIM,30137.77,2025-07-25,RESOLVED
D000489,INV-0007613,C00066,2025-05-19,ELIGIBILITY_LAPSE,28482.06,2025-06-26,RESOLVED
D000490,INV-0007634,C00066,2025-09-02,COVERAGE_DENIED,13496.3,2025-11-03,RESOLVED
D000491,INV-0007643,C00066,2025-11-07,ELIGIBILITY_LAPSE,44948.88,2025-12-07,RESOLVED
D000492,INV-0007648,C00066,2025-11-18,AUTH_MISSING,47697.95,2026-03-11,RESOLVED
D000493,INV-0007651,C00066,2025-11-06,COORD_OF_BENEFITS,60018.35,2025-12-27,RESOLVED
D000494,INV-0007653,C00066,2025-12-03,AUTH_MISSING,12395.81,2025-12-29,RESOLVED
D000495,INV-0007671,C00066,2026-02-26,DUPLICATE_CLAIM,3878.1,,OPEN
D000496,INV-0007668,C00066,2026-02-16,ADJUDICATION_ADJ,11456.82,2026-05-31,RESOLVED
D000497,INV-0007670,C00066,2026-02-16,AUTH_MISSING,7266.45,2026-05-07,RESOLVED
D000498,INV-0007695,C00066,2026-06-05,ADJUDICATION_ADJ,15855.01,,OPEN
D000499,INV-0007762,C00067,2025-10-26,COVERAGE_DENIED,14767.73,,OPEN
D000500,INV-0007788,C00067,2026-02-14,COORD_OF_BENEFITS,25776.49,,OPEN
D000501,INV-0007795,C00067,2026-04-27,AUTH_MISSING,13754.19,2026-05-14,RESOLVED
D000502,INV-0007799,C00067,2026-04-30,ADJUDICATION_ADJ,28409.97,,OPEN
D000503,INV-0007811,C00067,2026-06-09,ADJUDICATION_ADJ,22620.97,,OPEN
D000504,INV-0007818,C00067,2026-06-28,AUTH_MISSING,21302.97,,OPEN
D000505,INV-0007833,C00068,2025-03-28,DUPLICATE_CLAIM,26093.99,,OPEN
D000506,INV-0007852,C00068,2025-06-29,ADJUDICATION_ADJ,19926.27,2025-09-03,RESOLVED
D000507,INV-0007860,C00068,2025-08-29,ELIGIBILITY_LAPSE,11930.87,,OPEN
D000508,INV-0007875,C00068,2025-10-15,COORD_OF_BENEFITS,85002.35,2025-12-19,RESOLVED
D000509,INV-0007876,C00068,2025-11-06,ADJUDICATION_ADJ,45105.8,2025-12-14,RESOLVED
D000510,INV-0007890,C00068,2026-01-12,ELIGIBILITY_LAPSE,41915.8,2026-04-25,RESOLVED
D000511,INV-0007898,C00068,2026-02-03,ELIGIBILITY_LAPSE,29676.16,2026-04-13,RESOLVED
D000512,INV-0007893,C00068,2026-02-21,ADJUDICATION_ADJ,10312.06,2026-04-05,RESOLVED
D000513,INV-0007896,C00068,2026-02-01,ELIGIBILITY_LAPSE,67532.94,2026-03-31,RESOLVED
D000514,INV-0007906,C00068,2026-03-29,COVERAGE_DENIED,44120.88,2026-05-28,RESOLVED
D000515,INV-0007914,C00068,2026-04-10,ELIGIBILITY_LAPSE,35010.61,,OPEN
D000516,INV-0007927,C00068,2026-06-19,COVERAGE_DENIED,65854.72,,OPEN
D000517,INV-0007960,C00069,2025-05-09,ADJUDICATION_ADJ,7618.19,2025-05-22,RESOLVED
D000518,INV-0007975,C00069,2025-08-31,DUPLICATE_CLAIM,9286.6,,OPEN
D000519,INV-0007997,C00069,2025-11-13,COORD_OF_BENEFITS,90630.41,2025-11-25,RESOLVED
D000520,INV-0008016,C00069,2026-01-24,COORD_OF_BENEFITS,18912.22,2026-02-22,RESOLVED
D000521,INV-0008019,C00069,2026-01-24,COVERAGE_DENIED,20427.43,2026-03-09,RESOLVED
D000522,INV-0008020,C00069,2026-02-17,ADJUDICATION_ADJ,41639.51,2026-05-06,RESOLVED
D000523,INV-0008032,C00069,2026-04-11,COORD_OF_BENEFITS,58269.99,2026-05-09,RESOLVED
D000524,INV-0008039,C00069,2026-04-09,ADJUDICATION_ADJ,37511.1,,OPEN
D000525,INV-0008036,C00069,2026-04-25,COORD_OF_BENEFITS,53194.34,2026-05-05,RESOLVED
D000526,INV-0008045,C00069,2026-05-26,COVERAGE_DENIED,72306.42,2026-06-06,RESOLVED
D000527,INV-0008066,C00070,2025-03-24,AUTH_MISSING,18076.63,,OPEN
D000528,INV-0008072,C00070,2025-04-10,COVERAGE_DENIED,8864.35,,OPEN
D000529,INV-0008092,C00070,2025-07-29,COORD_OF_BENEFITS,102572.53,,OPEN
D000530,INV-0008094,C00070,2025-08-19,ELIGIBILITY_LAPSE,96768.41,2025-09-08,RESOLVED
D000531,INV-0008096,C00070,2025-09-23,COVERAGE_DENIED,23536.53,2025-10-14,RESOLVED
D000532,INV-0008106,C00070,2025-12-11,COVERAGE_DENIED,44995.93,2026-03-22,RESOLVED
D000533,INV-0008143,C00070,2026-05-03,ELIGIBILITY_LAPSE,18981.61,,OPEN
D000534,INV-0008170,C00071,2025-05-03,ADJUDICATION_ADJ,92162.36,,OPEN
D000535,INV-0008179,C00071,2025-04-30,ELIGIBILITY_LAPSE,19219.08,2025-06-16,RESOLVED
D000536,INV-0008180,C00071,2025-05-29,DUPLICATE_CLAIM,65539.2,,OPEN
D000537,INV-0008187,C00071,2025-06-11,COORD_OF_BENEFITS,88696.82,,OPEN
D000538,INV-0008216,C00071,2025-10-31,DUPLICATE_CLAIM,69208.44,2026-02-11,RESOLVED
D000539,INV-0008235,C00071,2026-01-04,AUTH_MISSING,8957.01,2026-03-26,RESOLVED
D000540,INV-0008238,C00071,2026-01-10,ELIGIBILITY_LAPSE,33402.26,2026-03-04,RESOLVED
D000541,INV-0008251,C00071,2026-03-27,AUTH_MISSING,21728.67,,OPEN
D000542,INV-0008268,C00071,2026-06-10,ADJUDICATION_ADJ,41792.98,,OPEN
D000543,INV-0008294,C00072,2025-04-14,COVERAGE_DENIED,42382.17,2025-05-20,RESOLVED
D000544,INV-0008298,C00072,2025-06-04,COORD_OF_BENEFITS,94941.8,2025-07-14,RESOLVED
D000545,INV-0008320,C00072,2025-08-28,ELIGIBILITY_LAPSE,69119.53,,OPEN
D000546,INV-0008323,C00072,2025-08-30,DUPLICATE_CLAIM,9710.26,2025-10-22,RESOLVED
D000547,INV-0008328,C00072,2025-10-25,AUTH_MISSING,27019.79,2025-12-16,RESOLVED
D000548,INV-0008333,C00072,2025-11-04,COORD_OF_BENEFITS,50844.47,,OPEN
D000549,INV-0008371,C00072,2026-05-01,AUTH_MISSING,30151.51,,OPEN
D000550,INV-0008378,C00072,2026-05-22,AUTH_MISSING,38309.15,,OPEN
D000551,INV-0008372,C00072,2026-05-17,AUTH_MISSING,61653.36,,OPEN
D000552,INV-0008415,C00073,2025-04-26,COORD_OF_BENEFITS,70250.55,,OPEN
D000553,INV-0008422,C00073,2025-05-15,ADJUDICATION_ADJ,12312.2,,OPEN
D000554,INV-0008440,C00073,2025-08-15,ELIGIBILITY_LAPSE,52621.1,2025-10-08,RESOLVED
D000555,INV-0008450,C00073,2025-10-21,COVERAGE_DENIED,21638.8,2025-12-05,RESOLVED
D000556,INV-0008453,C00073,2025-11-10,ADJUDICATION_ADJ,22035.07,,OPEN
D000557,INV-0008462,C00073,2025-11-25,ADJUDICATION_ADJ,89006.06,,OPEN
D000558,INV-0008463,C00073,2025-12-17,ADJUDICATION_ADJ,71411.06,2026-03-12,RESOLVED
D000559,INV-0008464,C00073,2026-01-05,ADJUDICATION_ADJ,28734.42,2026-03-10,RESOLVED
D000560,INV-0008488,C00073,2026-04-01,COORD_OF_BENEFITS,25013.94,2026-05-28,RESOLVED
D000561,INV-0008485,C00073,2026-04-12,AUTH_MISSING,96589.03,2026-05-10,RESOLVED
D000562,INV-0008500,C00073,2026-05-08,ADJUDICATION_ADJ,80512.04,2026-06-14,RESOLVED
D000563,INV-0008525,C00074,2025-05-23,DUPLICATE_CLAIM,40860.9,,OPEN
D000564,INV-0008544,C00074,2025-08-10,ADJUDICATION_ADJ,4191.26,,OPEN
D000565,INV-0008554,C00074,2025-11-03,COORD_OF_BENEFITS,21411.7,,OPEN
D000566,INV-0008589,C00074,2026-03-21,DUPLICATE_CLAIM,52536.5,,OPEN
D000567,INV-0008587,C00074,2026-03-14,ELIGIBILITY_LAPSE,24566.2,2026-03-30,RESOLVED
D000568,INV-0008631,C00075,2025-02-22,AUTH_MISSING,8894.55,2025-03-28,RESOLVED
D000569,INV-0008643,C00075,2025-04-11,DUPLICATE_CLAIM,48713.59,,OPEN
D000570,INV-0008637,C00075,2025-05-01,COORD_OF_BENEFITS,20256.52,,OPEN
D000571,INV-0008642,C00075,2025-04-30,ADJUDICATION_ADJ,24661.65,,OPEN
D000572,INV-0008673,C00075,2025-10-04,DUPLICATE_CLAIM,47575.73,2025-12-28,RESOLVED
D000573,INV-0008712,C00075,2026-03-22,DUPLICATE_CLAIM,7426.06,2026-05-13,RESOLVED
D000574,INV-0008714,C00075,2026-03-20,ELIGIBILITY_LAPSE,54090.2,,OPEN
D000575,INV-0008708,C00075,2026-03-24,COVERAGE_DENIED,24317.8,,OPEN
D000576,INV-0008717,C00075,2026-04-07,COVERAGE_DENIED,96077.95,,OPEN
D000577,INV-0008716,C00075,2026-04-01,ELIGIBILITY_LAPSE,23478.18,2026-04-11,RESOLVED
D000578,INV-0008759,C00076,2025-04-06,COORD_OF_BENEFITS,7800.52,2025-07-14,RESOLVED
D000579,INV-0008765,C00076,2025-04-13,DUPLICATE_CLAIM,13603.8,,OPEN
D000580,INV-0008767,C00076,2025-04-25,COORD_OF_BENEFITS,36093.03,2025-06-08,RESOLVED
D000581,INV-0008777,C00076,2025-06-04,ELIGIBILITY_LAPSE,19382.99,2025-09-08,RESOLVED
D000582,INV-0008774,C00076,2025-06-22,AUTH_MISSING,8692.5,2025-07-02,RESOLVED
D000583,INV-0008799,C00076,2025-10-15,ADJUDICATION_ADJ,14038.24,2025-11-15,RESOLVED
D000584,INV-0008814,C00076,2025-12-04,ADJUDICATION_ADJ,20326.43,2026-03-08,RESOLVED
D000585,INV-0008815,C00076,2025-11-23,COORD_OF_BENEFITS,12609.25,2026-01-11,RESOLVED
D000586,INV-0008844,C00076,2026-05-26,AUTH_MISSING,30995.76,2026-06-26,RESOLVED
D000587,INV-0008853,C00076,2026-06-12,COORD_OF_BENEFITS,9187.45,,OPEN
D000588,INV-0008876,C00077,2025-04-12,ELIGIBILITY_LAPSE,15127.38,,OPEN
D000589,INV-0008909,C00077,2025-09-23,AUTH_MISSING,18154.78,2025-11-26,RESOLVED
D000590,INV-0008931,C00077,2026-02-09,COVERAGE_DENIED,8422.08,,OPEN
D000591,INV-0008940,C00077,2026-03-05,ADJUDICATION_ADJ,12274.21,2026-05-08,RESOLVED
D000592,INV-0008936,C00077,2026-04-08,ADJUDICATION_ADJ,13071.48,2026-06-26,RESOLVED
D000593,INV-0008952,C00077,2026-04-19,COVERAGE_DENIED,48127.98,2026-05-05,RESOLVED
D000594,INV-0008949,C00077,2026-05-02,COORD_OF_BENEFITS,22804.36,,OPEN
D000595,INV-0008992,C00078,2025-06-01,AUTH_MISSING,103927.55,,OPEN
D000596,INV-0008999,C00078,2025-06-20,ELIGIBILITY_LAPSE,106012.05,2025-08-05,RESOLVED
D000597,INV-0009015,C00078,2025-08-07,COORD_OF_BENEFITS,13363.85,2025-09-29,RESOLVED
D000598,INV-0009027,C00078,2025-10-04,ADJUDICATION_ADJ,21065.24,2025-11-15,RESOLVED
D000599,INV-0009035,C00078,2025-11-17,AUTH_MISSING,13113.86,2026-02-16,RESOLVED
D000600,INV-0009046,C00078,2026-01-02,DUPLICATE_CLAIM,23773.75,,OPEN
D000601,INV-0009053,C00078,2026-02-08,COORD_OF_BENEFITS,63752.74,2026-04-26,RESOLVED
D000602,INV-0009055,C00078,2026-02-26,AUTH_MISSING,31725.37,2026-05-17,RESOLVED
D000603,INV-0009054,C00078,2026-03-01,DUPLICATE_CLAIM,4268.88,2026-04-24,RESOLVED
D000604,INV-0009057,C00078,2026-03-03,DUPLICATE_CLAIM,77162.84,2026-04-23,RESOLVED
D000605,INV-0009078,C00078,2026-05-14,COVERAGE_DENIED,30888.55,,OPEN
D000606,INV-0009072,C00078,2026-05-28,ADJUDICATION_ADJ,16360.29,,OPEN
D000607,INV-0009082,C00078,2026-06-19,COVERAGE_DENIED,51810.19,2026-06-30,RESOLVED
D000608,INV-0009083,C00078,2026-06-18,AUTH_MISSING,5479.32,,OPEN
D000609,INV-0009084,C00078,2026-06-18,DUPLICATE_CLAIM,53053.7,,OPEN
D000610,INV-0009113,C00079,2025-04-26,COVERAGE_DENIED,73946.71,2025-05-29,RESOLVED
D000611,INV-0009116,C00079,2025-05-08,AUTH_MISSING,24936.39,2025-05-18,RESOLVED
D000612,INV-0009135,C00079,2025-08-02,ELIGIBILITY_LAPSE,17171.35,2025-09-27,RESOLVED
D000613,INV-0009146,C00079,2025-11-25,COORD_OF_BENEFITS,18940.03,2026-01-14,RESOLVED
D000614,INV-0009160,C00079,2026-01-24,COVERAGE_DENIED,11356.82,2026-03-13,RESOLVED
D000615,INV-0009182,C00079,2026-04-29,ADJUDICATION_ADJ,54490.84,,OPEN
D000616,INV-0009222,C00080,2025-03-28,ELIGIBILITY_LAPSE,26066.89,2025-05-05,RESOLVED
D000617,INV-0009217,C00080,2025-05-10,ADJUDICATION_ADJ,5895.48,,OPEN
D000618,INV-0009252,C00080,2025-09-07,COVERAGE_DENIED,20247.07,2025-12-26,RESOLVED
D000619,INV-0009276,C00080,2025-12-11,ELIGIBILITY_LAPSE,35644.48,2026-01-11,RESOLVED
D000620,INV-0009337,C00081,2025-03-05,ELIGIBILITY_LAPSE,34074.08,2025-05-02,RESOLVED
D000621,INV-0009342,C00081,2025-02-26,AUTH_MISSING,41129.34,,OPEN
D000622,INV-0009339,C00081,2025-03-16,AUTH_MISSING,14594.68,2025-05-23,RESOLVED
D000623,INV-0009360,C00081,2025-06-14,ADJUDICATION_ADJ,44964.48,,OPEN
D000624,INV-0009381,C00081,2025-08-11,COVERAGE_DENIED,18013.48,2025-09-25,RESOLVED
D000625,INV-0009374,C00081,2025-08-07,ELIGIBILITY_LAPSE,20381.92,,OPEN
D000626,INV-0009392,C00081,2025-11-06,AUTH_MISSING,21757.64,2025-12-30,RESOLVED
D000627,INV-0009406,C00081,2026-01-20,DUPLICATE_CLAIM,85404.61,2026-05-10,RESOLVED
D000628,INV-0009440,C00081,2026-05-24,AUTH_MISSING,65847.06,,OPEN
D000629,INV-0009470,C00082,2025-04-18,ELIGIBILITY_LAPSE,15662.75,,OPEN
D000630,INV-0009483,C00082,2025-06-18,ELIGIBILITY_LAPSE,9384.8,2025-09-10,RESOLVED
D000631,INV-0009520,C00082,2025-11-03,ADJUDICATION_ADJ,34780.23,2025-12-19,RESOLVED
D000632,INV-0009523,C00082,2025-12-16,DUPLICATE_CLAIM,42200.4,2026-01-16,RESOLVED
D000633,INV-0009552,C00082,2026-04-07,DUPLICATE_CLAIM,66025.1,2026-06-18,RESOLVED
D000634,INV-0009596,C00083,2025-02-24,ELIGIBILITY_LAPSE,49000.39,2025-05-21,RESOLVED
D000635,INV-0009593,C00083,2025-03-28,ADJUDICATION_ADJ,42461.98,2025-06-21,RESOLVED
D000636,INV-0009636,C00083,2025-09-28,COORD_OF_BENEFITS,22956.93,,OPEN
D000637,INV-0009651,C00083,2025-11-11,DUPLICATE_CLAIM,76590.89,,OPEN
D000638,INV-0009654,C00083,2026-01-08,ADJUDICATION_ADJ,46036.38,2026-03-05,RESOLVED
D000639,INV-0009676,C00083,2026-01-27,ADJUDICATION_ADJ,17206.97,,OPEN
D000640,INV-0009666,C00083,2026-02-27,AUTH_MISSING,46443.61,2026-03-29,RESOLVED
D000641,INV-0009683,C00083,2026-04-11,DUPLICATE_CLAIM,27561.3,2026-05-30,RESOLVED
D000642,INV-0009720,C00084,2025-04-03,DUPLICATE_CLAIM,31940.19,2025-07-02,RESOLVED
D000643,INV-0009725,C00084,2025-06-04,COVERAGE_DENIED,29241.29,2025-07-05,RESOLVED
D000644,INV-0009741,C00084,2025-07-08,COORD_OF_BENEFITS,7997.66,2025-09-01,RESOLVED
D000645,INV-0009742,C00084,2025-08-11,COVERAGE_DENIED,92103.95,,OPEN
D000646,INV-0009752,C00084,2025-09-08,COORD_OF_BENEFITS,17118.17,2025-12-05,RESOLVED
D000647,INV-0009818,C00085,2025-03-05,DUPLICATE_CLAIM,37447.54,,OPEN
D000648,INV-0009845,C00085,2025-07-26,ADJUDICATION_ADJ,33625.67,2025-09-24,RESOLVED
D000649,INV-0009847,C00085,2025-08-03,COORD_OF_BENEFITS,87703.3,,OPEN
D000650,INV-0009890,C00085,2026-02-26,ADJUDICATION_ADJ,60542.32,2026-04-13,RESOLVED
D000651,INV-0009907,C00085,2026-04-30,COORD_OF_BENEFITS,4537.23,,OPEN
D000652,INV-0009956,C00086,2025-06-30,AUTH_MISSING,28711.22,2025-08-11,RESOLVED
D000653,INV-0009966,C00086,2025-08-11,COORD_OF_BENEFITS,44997.08,2025-09-07,RESOLVED
D000654,INV-0009962,C00086,2025-08-17,AUTH_MISSING,54822.64,2025-10-08,RESOLVED
D000655,INV-0009979,C00086,2025-09-16,ELIGIBILITY_LAPSE,57131.59,2025-12-03,RESOLVED
D000656,INV-0009973,C00086,2025-09-26,COVERAGE_DENIED,17968.13,,OPEN
D000657,INV-0009984,C00086,2025-10-08,AUTH_MISSING,35434.36,,OPEN
D000658,INV-0009987,C00086,2025-10-17,ELIGIBILITY_LAPSE,20223.47,2025-12-04,RESOLVED
D000659,INV-0009992,C00086,2025-12-10,ELIGIBILITY_LAPSE,22754.9,,OPEN
D000660,INV-0010000,C00086,2025-12-16,COORD_OF_BENEFITS,40109.11,2026-03-22,RESOLVED
D000661,INV-0010005,C00086,2026-01-19,ADJUDICATION_ADJ,28245.8,,OPEN
D000662,INV-0010033,C00086,2026-05-03,DUPLICATE_CLAIM,83533.9,,OPEN
D000663,INV-0010038,C00086,2026-05-26,AUTH_MISSING,38699.78,,OPEN
D000664,INV-0010072,C00087,2025-04-26,ADJUDICATION_ADJ,25771.17,2025-07-20,RESOLVED
D000665,INV-0010107,C00087,2025-09-12,DUPLICATE_CLAIM,19041.66,,OPEN
D000666,INV-0010111,C00087,2025-10-12,DUPLICATE_CLAIM,29200.13,2025-12-31,RESOLVED
D000667,INV-0010122,C00087,2025-11-16,ELIGIBILITY_LAPSE,40712.47,,OPEN
D000668,INV-0010128,C00087,2025-12-24,COVERAGE_DENIED,13336.18,,OPEN
D000669,INV-0010133,C00087,2026-01-03,DUPLICATE_CLAIM,81751.23,,OPEN
D000670,INV-0010140,C00087,2026-02-18,COORD_OF_BENEFITS,7201.72,2026-03-21,RESOLVED
D000671,INV-0010146,C00087,2026-04-16,AUTH_MISSING,38869.53,,OPEN
D000672,INV-0010154,C00087,2026-06-16,ELIGIBILITY_LAPSE,60098.85,,OPEN
D000673,INV-0010151,C00087,2026-06-07,DUPLICATE_CLAIM,38442.9,,OPEN
D000674,INV-0010191,C00088,2025-06-02,COORD_OF_BENEFITS,80675.85,2025-06-21,RESOLVED
D000675,INV-0010195,C00088,2025-07-17,DUPLICATE_CLAIM,20988.07,2025-09-25,RESOLVED
D000676,INV-0010207,C00088,2025-08-15,COVERAGE_DENIED,32094.46,2025-10-23,RESOLVED
D000677,INV-0010211,C00088,2025-09-20,COVERAGE_DENIED,34374.26,2025-11-18,RESOLVED
D000678,INV-0010247,C00088,2026-02-02,ADJUDICATION_ADJ,113128.96,,OPEN
D000679,INV-0010257,C00088,2026-03-16,COORD_OF_BENEFITS,17005.46,2026-05-22,RESOLVED
D000680,INV-0010259,C00088,2026-04-06,DUPLICATE_CLAIM,21941.8,2026-05-30,RESOLVED
D000681,INV-0010290,C00089,2025-04-02,COVERAGE_DENIED,4079.12,2025-06-28,RESOLVED
D000682,INV-0010331,C00089,2025-10-29,COORD_OF_BENEFITS,24797.29,2025-11-27,RESOLVED
D000683,INV-0010348,C00089,2026-02-16,ELIGIBILITY_LAPSE,89115.74,2026-04-10,RESOLVED
D000684,INV-0010345,C00089,2026-02-07,DUPLICATE_CLAIM,75465.0,,OPEN
D000685,INV-0010373,C00089,2026-05-13,AUTH_MISSING,37645.83,,OPEN
D000686,INV-0010394,C00090,2025-03-14,COORD_OF_BENEFITS,68020.04,2025-04-02,RESOLVED
D000687,INV-0010405,C00090,2025-05-26,COORD_OF_BENEFITS,2709.64,2025-06-26,RESOLVED
D000688,INV-0010402,C00090,2025-05-28,COORD_OF_BENEFITS,10965.61,2025-09-13,RESOLVED
D000689,INV-0010410,C00090,2025-06-22,ELIGIBILITY_LAPSE,18607.23,2025-08-26,RESOLVED
D000690,INV-0010411,C00090,2025-07-21,AUTH_MISSING,83981.2,,OPEN
D000691,INV-0010425,C00090,2025-08-16,COORD_OF_BENEFITS,20023.54,2025-10-30,RESOLVED
D000692,INV-0010422,C00090,2025-09-06,COVERAGE_DENIED,14114.71,2025-10-10,RESOLVED
D000693,INV-0010443,C00090,2025-11-10,AUTH_MISSING,83419.63,,OPEN
D000694,INV-0010445,C00090,2025-12-22,AUTH_MISSING,36738.1,,OPEN
D000695,INV-0010458,C00090,2026-02-12,DUPLICATE_CLAIM,3655.82,,OPEN
D000696,INV-0010464,C00090,2026-02-24,AUTH_MISSING,90105.69,2026-05-03,RESOLVED
D000697,INV-0010478,C00090,2026-05-29,AUTH_MISSING,41646.4,,OPEN
D000698,INV-0010516,C00091,2025-04-19,PRICING_VARIANCE,9011.98,2025-08-09,RESOLVED
D000699,INV-0010532,C00091,2025-06-26,RETURN_CREDIT,17310.05,2025-10-01,RESOLVED
D000700,INV-0010529,C00091,2025-06-22,UNAUTH_CHARGEBACK,12896.75,2025-07-24,RESOLVED
D000701,INV-0010539,C00091,2025-07-30,DAMAGED_GOODS,24279.78,2025-10-12,RESOLVED
D000702,INV-0010573,C00091,2026-01-19,PRICING_VARIANCE,8896.53,,OPEN
D000703,INV-0010576,C00091,2026-02-13,PROMO_ALLOWANCE,13350.56,2026-03-06,RESOLVED
D000704,INV-0010582,C00091,2026-04-12,SHORT_SHIP,3189.32,,OPEN
D000705,INV-0010617,C00092,2025-03-05,UNAUTH_CHARGEBACK,12138.47,,OPEN
D000706,INV-0010632,C00092,2025-05-09,PRICING_VARIANCE,25528.98,,OPEN
D000707,INV-0010643,C00092,2025-06-28,PRICING_VARIANCE,1513.63,2025-10-16,RESOLVED
D000708,INV-0010680,C00092,2026-03-05,DAMAGED_GOODS,2215.17,,OPEN
D000709,INV-0010736,C00093,2025-06-03,SHORT_SHIP,12125.18,,OPEN
D000710,INV-0010749,C00093,2025-07-31,PROMO_ALLOWANCE,7241.17,2025-09-09,RESOLVED
D000711,INV-0010771,C00093,2025-10-09,DAMAGED_GOODS,4177.7,2025-12-30,RESOLVED
D000712,INV-0010767,C00093,2025-10-28,UNAUTH_CHARGEBACK,4775.06,2026-01-17,RESOLVED
D000713,INV-0010773,C00093,2025-11-01,DAMAGED_GOODS,33374.73,,OPEN
D000714,INV-0010802,C00093,2026-04-19,PROMO_ALLOWANCE,8150.4,,OPEN
D000715,INV-0010813,C00093,2026-05-03,RETURN_CREDIT,13548.87,,OPEN
D000716,INV-0010816,C00093,2026-05-16,UNAUTH_CHARGEBACK,20166.47,,OPEN
D000717,INV-0010821,C00093,2026-05-23,RETURN_CREDIT,7292.96,2026-06-26,RESOLVED
D000718,INV-0010822,C00093,2026-06-09,PROMO_ALLOWANCE,2618.52,,OPEN
D000719,INV-0010851,C00094,2025-05-18,PROMO_ALLOWANCE,13728.52,,OPEN
D000720,INV-0010865,C00094,2025-08-04,SHORT_SHIP,4796.37,,OPEN
D000721,INV-0010867,C00094,2025-09-13,RETURN_CREDIT,5262.33,,OPEN
D000722,INV-0010908,C00094,2026-04-16,PROMO_ALLOWANCE,13301.95,2026-06-24,RESOLVED
D000723,INV-0010936,C00095,2025-04-04,RETURN_CREDIT,5905.66,2025-07-17,RESOLVED
D000724,INV-0010950,C00095,2025-06-26,RETURN_CREDIT,2346.9,2025-08-30,RESOLVED
D000725,INV-0010953,C00095,2025-07-20,UNAUTH_CHARGEBACK,26986.07,2025-08-05,RESOLVED
D000726,INV-0010969,C00095,2025-09-26,PROMO_ALLOWANCE,40241.44,,OPEN
D000727,INV-0010979,C00095,2025-11-23,DAMAGED_GOODS,20612.73,2026-03-14,RESOLVED
D000728,INV-0011001,C00095,2026-02-24,PRICING_VARIANCE,22811.72,2026-04-17,RESOLVED
D000729,INV-0011014,C00095,2026-05-01,PROMO_ALLOWANCE,7876.43,,OPEN
D000730,INV-0011017,C00095,2026-05-14,RETURN_CREDIT,18435.96,,OPEN
D000731,INV-0011009,C00095,2026-04-24,PROMO_ALLOWANCE,2073.44,,OPEN
D000732,INV-0011042,C00096,2025-02-14,DAMAGED_GOODS,9717.17,,OPEN
D000733,INV-0011044,C00096,2025-03-27,RETURN_CREDIT,1555.82,,OPEN
D000734,INV-0011056,C00096,2025-05-05,DAMAGED_GOODS,27715.87,2025-05-24,RESOLVED
D000735,INV-0011060,C00096,2025-05-19,SHORT_SHIP,23909.2,2025-06-16,RESOLVED
D000736,INV-0011068,C00096,2025-07-01,SHORT_SHIP,4877.86,2025-07-19,RESOLVED
D000737,INV-0011089,C00096,2025-10-04,PRICING_VARIANCE,14402.8,2025-12-24,RESOLVED
D000738,INV-0011133,C00096,2026-05-08,RETURN_CREDIT,33753.23,,OPEN
D000739,INV-0011174,C00097,2025-05-07,SHORT_SHIP,10128.53,,OPEN
D000740,INV-0011175,C00097,2025-06-17,UNAUTH_CHARGEBACK,8722.46,2025-09-12,RESOLVED
D000741,INV-0011184,C00097,2025-08-22,UNAUTH_CHARGEBACK,5185.89,2025-10-28,RESOLVED
D000742,INV-0011189,C00097,2025-08-11,PRICING_VARIANCE,13090.09,,OPEN
D000743,INV-0011193,C00097,2025-10-13,RETURN_CREDIT,14149.91,,OPEN
D000744,INV-0011233,C00097,2026-04-18,PRICING_VARIANCE,15769.77,,OPEN
D000745,INV-0011309,C00098,2026-01-23,PROMO_ALLOWANCE,8313.21,2026-03-11,RESOLVED
D000746,INV-0011314,C00098,2026-04-02,SHORT_SHIP,39182.29,,OPEN
D000747,INV-0011331,C00098,2026-06-08,DAMAGED_GOODS,12112.77,,OPEN
D000748,INV-0011368,C00099,2025-08-22,DAMAGED_GOODS,7071.98,2025-09-23,RESOLVED
D000749,INV-0011385,C00099,2025-11-03,PROMO_ALLOWANCE,9489.97,2026-02-23,RESOLVED
D000750,INV-0011391,C00099,2025-11-25,DAMAGED_GOODS,26318.66,2026-01-17,RESOLVED
D000751,INV-0011401,C00099,2026-01-18,UNAUTH_CHARGEBACK,14461.41,2026-02-04,RESOLVED
D000752,INV-0011418,C00099,2026-05-04,DAMAGED_GOODS,4378.49,,OPEN
D000753,INV-0011447,C00100,2025-02-25,PROMO_ALLOWANCE,3759.51,2025-03-23,RESOLVED
D000754,INV-0011444,C00100,2025-02-23,PROMO_ALLOWANCE,21658.99,2025-04-15,RESOLVED
D000755,INV-0011469,C00100,2025-07-12,DAMAGED_GOODS,6344.65,,OPEN
D000756,INV-0011478,C00100,2025-07-12,UNAUTH_CHARGEBACK,14468.14,2025-08-19,RESOLVED
D000757,INV-0011531,C00100,2026-05-13,PROMO_ALLOWANCE,4043.55,,OPEN
D000758,INV-0011548,C00101,2025-02-16,UNAUTH_CHARGEBACK,2555.21,2025-06-04,RESOLVED
D000759,INV-0011567,C00101,2025-06-22,RETURN_CREDIT,1841.6,,OPEN
D000760,INV-0011574,C00101,2025-07-30,PROMO_ALLOWANCE,20972.51,2025-10-07,RESOLVED
D000761,INV-0011602,C00101,2026-01-14,UNAUTH_CHARGEBACK,5321.25,,OPEN
D000762,INV-0011609,C00101,2026-02-01,RETURN_CREDIT,31362.77,2026-04-05,RESOLVED
D000763,INV-0011610,C00101,2026-02-13,PRICING_VARIANCE,8072.64,2026-04-11,RESOLVED
D000764,INV-0011631,C00101,2026-04-17,UNAUTH_CHARGEBACK,27604.45,,OPEN
D000765,INV-0011638,C00101,2026-05-03,RETURN_CREDIT,24721.29,,OPEN
D000766,INV-0011658,C00102,2025-03-19,SHORT_SHIP,28848.48,2025-04-15,RESOLVED
D000767,INV-0011665,C00102,2025-06-17,PROMO_ALLOWANCE,35098.41,,OPEN
D000768,INV-0011670,C00102,2025-07-04,PROMO_ALLOWANCE,27605.56,,OPEN
D000769,INV-0011677,C00102,2025-07-18,PRICING_VARIANCE,2444.82,2025-10-06,RESOLVED
D000770,INV-0011712,C00102,2026-02-22,DAMAGED_GOODS,20509.09,2026-05-30,RESOLVED
D000771,INV-0011717,C00102,2026-04-06,DAMAGED_GOODS,13907.64,,OPEN
D000772,INV-0011718,C00102,2026-03-29,UNAUTH_CHARGEBACK,12518.0,2026-04-24,RESOLVED
D000773,INV-0011728,C00102,2026-04-23,SHORT_SHIP,6422.06,,OPEN
D000774,INV-0011736,C00102,2026-06-16,PROMO_ALLOWANCE,13442.44,,OPEN
D000775,INV-0011774,C00103,2025-06-14,UNAUTH_CHARGEBACK,17974.76,,OPEN
D000776,INV-0011783,C00103,2025-07-09,UNAUTH_CHARGEBACK,9174.32,2025-10-06,RESOLVED
D000777,INV-0011784,C00103,2025-08-22,SHORT_SHIP,11620.07,2025-12-08,RESOLVED
D000778,INV-0011794,C00103,2025-09-14,PROMO_ALLOWANCE,20297.01,2026-01-02,RESOLVED
D000779,INV-0011800,C00103,2025-11-05,DAMAGED_GOODS,3810.07,2026-01-31,RESOLVED
D000780,INV-0011810,C00103,2026-01-18,SHORT_SHIP,28978.52,2026-03-30,RESOLVED
D000781,INV-0011836,C00103,2026-06-18,RETURN_CREDIT,14821.33,,OPEN
D000782,INV-0011864,C00104,2025-05-03,UNAUTH_CHARGEBACK,32841.71,,OPEN
D000783,INV-0011875,C00104,2025-06-01,DAMAGED_GOODS,3945.67,,OPEN
D000784,INV-0011881,C00104,2025-07-17,UNAUTH_CHARGEBACK,21290.61,2025-11-08,RESOLVED
D000785,INV-0011914,C00104,2026-01-01,RETURN_CREDIT,11836.17,,OPEN
D000786,INV-0011926,C00104,2026-01-25,RETURN_CREDIT,9279.61,2026-04-18,RESOLVED
D000787,INV-0011922,C00104,2026-01-22,PRICING_VARIANCE,49549.8,,OPEN
D000788,INV-0011973,C00105,2025-03-24,RETURN_CREDIT,39409.85,2025-05-02,RESOLVED
D000789,INV-0011978,C00105,2025-04-30,UNAUTH_CHARGEBACK,4351.65,,OPEN
D000790,INV-0011991,C00105,2025-08-11,SHORT_SHIP,41999.39,2025-09-19,RESOLVED
D000791,INV-0012006,C00105,2025-10-30,PRICING_VARIANCE,2537.95,,OPEN
D000792,INV-0012009,C00105,2025-12-07,UNAUTH_CHARGEBACK,26667.02,2026-03-04,RESOLVED
D000793,INV-0012026,C00105,2026-04-02,RETURN_CREDIT,44794.06,,OPEN
D000794,INV-0012060,C00106,2025-04-19,RETURN_CREDIT,13054.14,2025-07-08,RESOLVED
D000795,INV-0012071,C00106,2025-07-02,RETURN_CREDIT,6434.35,2025-08-28,RESOLVED
D000796,INV-0012097,C00106,2025-12-06,SHORT_SHIP,28818.94,,OPEN
D000797,INV-0012106,C00106,2026-01-29,RETURN_CREDIT,23846.4,2026-04-22,RESOLVED
D000798,INV-0012112,C00106,2026-03-05,DAMAGED_GOODS,7085.14,,OPEN
D000799,INV-0012130,C00106,2026-05-31,UNAUTH_CHARGEBACK,8177.37,,OPEN
D000800,INV-0012134,C00106,2026-06-13,SHORT_SHIP,18305.71,,OPEN
D000801,INV-0012161,C00107,2025-05-31,DAMAGED_GOODS,9245.03,,OPEN
D000802,INV-0012180,C00107,2025-08-14,UNAUTH_CHARGEBACK,8070.16,2025-10-16,RESOLVED
D000803,INV-0012223,C00107,2026-03-31,SHORT_SHIP,27496.61,,OPEN
D000804,INV-0012224,C00107,2026-04-15,PROMO_ALLOWANCE,22876.18,,OPEN
D000805,INV-0012281,C00108,2025-10-03,RETURN_CREDIT,19155.38,2026-01-15,RESOLVED
D000806,INV-0012288,C00108,2025-10-27,UNAUTH_CHARGEBACK,8348.19,2026-01-09,RESOLVED
D000807,INV-0012305,C00108,2026-02-07,SHORT_SHIP,8498.08,2026-03-09,RESOLVED
D000808,INV-0012318,C00108,2026-04-06,RETURN_CREDIT,13239.15,2026-04-24,RESOLVED
D000809,INV-0012326,C00108,2026-05-26,UNAUTH_CHARGEBACK,7506.09,,OPEN
D000810,INV-0012345,C00109,2025-04-02,RETURN_CREDIT,17553.8,2025-06-08,RESOLVED
D000811,INV-0012374,C00109,2025-09-18,UNAUTH_CHARGEBACK,35876.42,,OPEN
D000812,INV-0012391,C00109,2026-02-10,PROMO_ALLOWANCE,23297.47,,OPEN
D000813,INV-0012399,C00109,2026-02-17,PRICING_VARIANCE,9807.64,2026-03-07,RESOLVED
D000814,INV-0012443,C00110,2025-04-27,PROMO_ALLOWANCE,7410.85,2025-08-13,RESOLVED
D000815,INV-0012472,C00110,2025-10-03,PROMO_ALLOWANCE,11856.65,2025-10-27,RESOLVED
D000816,INV-0012489,C00110,2025-12-25,DAMAGED_GOODS,3456.87,2026-03-17,RESOLVED
D000817,INV-0012506,C00110,2026-03-17,PROMO_ALLOWANCE,16727.94,2026-05-31,RESOLVED
D000818,INV-0012578,C00111,2025-09-30,UNAUTH_CHARGEBACK,17070.4,2025-11-29,RESOLVED
D000819,INV-0012587,C00111,2025-12-16,PROMO_ALLOWANCE,3811.69,2026-03-16,RESOLVED
D000820,INV-0012618,C00111,2026-06-19,SHORT_SHIP,25002.06,,OPEN
D000821,INV-0012662,C00112,2025-07-08,DAMAGED_GOODS,14077.49,,OPEN
D000822,INV-0012672,C00112,2025-08-02,PROMO_ALLOWANCE,6737.34,2025-11-14,RESOLVED
D000823,INV-0012687,C00112,2025-10-06,DAMAGED_GOODS,22533.77,2025-11-06,RESOLVED
D000824,INV-0012720,C00112,2026-03-15,SHORT_SHIP,12157.21,2026-04-05,RESOLVED
D000825,INV-0012715,C00112,2026-03-29,SHORT_SHIP,2155.12,2026-04-21,RESOLVED
D000826,INV-0012733,C00112,2026-05-16,SHORT_SHIP,3025.6,,OPEN
D000827,INV-0012731,C00112,2026-06-17,DAMAGED_GOODS,2615.01,,OPEN
D000828,INV-0012780,C00113,2025-09-07,PROMO_ALLOWANCE,22607.38,,OPEN
D000829,INV-0012815,C00113,2026-02-04,UNAUTH_CHARGEBACK,4402.22,2026-05-05,RESOLVED
D000830,INV-0012811,C00113,2026-02-07,PROMO_ALLOWANCE,9923.31,,OPEN
D000831,INV-0012821,C00113,2026-04-04,RETURN_CREDIT,37640.8,,OPEN
D000832,INV-0012825,C00113,2026-04-29,PRICING_VARIANCE,2674.15,2026-06-09,RESOLVED
D000833,INV-0012827,C00113,2026-04-28,SHORT_SHIP,24650.94,,OPEN
D000834,INV-0012834,C00113,2026-06-03,SHORT_SHIP,45063.52,,OPEN
D000835,INV-0012869,C00114,2025-06-20,PROMO_ALLOWANCE,2608.76,2025-09-27,RESOLVED
D000836,INV-0012895,C00114,2025-10-26,PRICING_VARIANCE,18657.27,2025-12-12,RESOLVED
D000837,INV-0012924,C00114,2026-02-20,UNAUTH_CHARGEBACK,3641.33,2026-03-28,RESOLVED
D000838,INV-0012978,C00115,2025-03-10,PROMO_ALLOWANCE,26265.78,,OPEN
D000839,INV-0012979,C00115,2025-04-15,PROMO_ALLOWANCE,21507.39,,OPEN
D000840,INV-0012990,C00115,2025-05-31,DAMAGED_GOODS,5810.36,,OPEN
D000841,INV-0012993,C00115,2025-06-23,DAMAGED_GOODS,6381.62,2025-07-30,RESOLVED
D000842,INV-0013007,C00115,2025-09-15,PRICING_VARIANCE,2713.81,2025-12-11,RESOLVED
D000843,INV-0013015,C00115,2025-09-12,RETURN_CREDIT,967.22,2025-10-10,RESOLVED
D000844,INV-0013017,C00115,2025-11-23,RETURN_CREDIT,12422.05,2026-03-08,RESOLVED
D000845,INV-0013019,C00115,2025-11-20,PROMO_ALLOWANCE,15683.78,2025-12-03,RESOLVED
D000846,INV-0013035,C00115,2025-12-14,UNAUTH_CHARGEBACK,5628.36,2026-01-24,RESOLVED
D000847,INV-0013054,C00115,2026-04-01,DAMAGED_GOODS,12534.5,,OPEN
D000848,INV-0013061,C00115,2026-05-13,RETURN_CREDIT,8322.91,2026-05-25,RESOLVED
D000849,INV-0013089,C00116,2025-04-25,RETURN_CREDIT,34700.39,,OPEN
D000850,INV-0013100,C00116,2025-08-04,UNAUTH_CHARGEBACK,4050.4,2025-11-23,RESOLVED
D000851,INV-0013108,C00116,2025-09-15,UNAUTH_CHARGEBACK,19198.48,,OPEN
D000852,INV-0013150,C00116,2026-02-22,PRICING_VARIANCE,6055.15,,OPEN
D000853,INV-0013153,C00116,2026-04-08,PRICING_VARIANCE,19078.22,2026-04-22,RESOLVED
D000854,INV-0013157,C00116,2026-05-07,SHORT_SHIP,7894.69,2026-06-07,RESOLVED
D000855,INV-0013167,C00116,2026-05-27,UNAUTH_CHARGEBACK,19384.01,,OPEN
D000856,INV-0013194,C00117,2025-05-16,RETURN_CREDIT,38481.69,2025-09-07,RESOLVED
D000857,INV-0013216,C00117,2025-09-04,SHORT_SHIP,5148.81,2025-10-31,RESOLVED
D000858,INV-0013220,C00117,2025-09-24,PRICING_VARIANCE,1253.31,2025-11-16,RESOLVED
D000859,INV-0013222,C00117,2025-10-18,PROMO_ALLOWANCE,21009.73,,OPEN
D000860,INV-0013224,C00117,2025-10-25,PRICING_VARIANCE,3032.74,2025-11-14,RESOLVED
D000861,INV-0013229,C00117,2025-11-11,RETURN_CREDIT,27090.98,,OPEN
D000862,INV-0013256,C00117,2026-03-03,DAMAGED_GOODS,18679.73,2026-06-13,RESOLVED
D000863,INV-0013270,C00117,2026-04-24,PRICING_VARIANCE,5052.88,,OPEN
D000864,INV-0013272,C00117,2026-06-19,DAMAGED_GOODS,10293.59,,OPEN
D000865,INV-0013328,C00118,2025-09-09,DAMAGED_GOODS,12116.12,2025-11-25,RESOLVED
D000866,INV-0013343,C00118,2026-01-24,PROMO_ALLOWANCE,4878.75,2026-04-21,RESOLVED
D000867,INV-0013352,C00118,2026-02-01,PROMO_ALLOWANCE,3897.21,2026-04-20,RESOLVED
D000868,INV-0013366,C00118,2026-03-13,UNAUTH_CHARGEBACK,20746.15,2026-05-04,RESOLVED
D000869,INV-0013369,C00118,2026-05-12,PROMO_ALLOWANCE,9951.89,,OPEN
D000870,INV-0013396,C00119,2025-02-16,DAMAGED_GOODS,20250.4,2025-05-14,RESOLVED
D000871,INV-0013400,C00119,2025-03-29,SHORT_SHIP,20048.04,2025-06-10,RESOLVED
D000872,INV-0013438,C00119,2025-10-18,RETURN_CREDIT,40413.98,2025-12-21,RESOLVED
D000873,INV-0013450,C00119,2025-12-21,RETURN_CREDIT,5464.48,2026-02-08,RESOLVED
D000874,INV-0013459,C00119,2026-01-27,DAMAGED_GOODS,904.69,,OPEN
D000875,INV-0013465,C00119,2026-02-01,SHORT_SHIP,3520.09,,OPEN
D000876,INV-0013478,C00119,2026-04-25,PROMO_ALLOWANCE,12972.31,,OPEN
D000877,INV-0013480,C00119,2026-05-13,PROMO_ALLOWANCE,5430.49,,OPEN
D000878,INV-0013521,C00120,2025-06-10,DAMAGED_GOODS,38409.57,2025-07-23,RESOLVED
D000879,INV-0013543,C00120,2025-09-19,RETURN_CREDIT,10434.15,,OPEN
D000880,INV-0013548,C00120,2025-11-05,DAMAGED_GOODS,23169.57,,OPEN
D000881,INV-0013553,C00120,2025-12-14,SHORT_SHIP,2670.96,2026-02-11,RESOLVED
D000882,INV-0013559,C00120,2026-02-14,PROMO_ALLOWANCE,21810.79,2026-05-21,RESOLVED
D000883,INV-0013564,C00120,2026-02-28,DAMAGED_GOODS,874.32,2026-03-23,RESOLVED
D000884,INV-0013572,C00120,2026-03-26,PRICING_VARIANCE,11334.69,2026-04-23,RESOLVED
D000885,INV-0013624,C00121,2025-06-30,RETURN_CREDIT,5918.39,,OPEN
D000886,INV-0013638,C00121,2025-10-01,RETURN_CREDIT,30868.44,2025-12-17,RESOLVED
D000887,INV-0013643,C00121,2025-10-31,SHORT_SHIP,31169.12,2026-01-16,RESOLVED
D000888,INV-0013658,C00121,2026-02-06,SHORT_SHIP,7630.88,2026-04-12,RESOLVED
D000889,INV-0013687,C00121,2026-05-28,UNAUTH_CHARGEBACK,22667.8,,OPEN
D000890,INV-0013691,C00121,2026-06-09,PRICING_VARIANCE,2844.79,,OPEN
D000891,INV-0013708,C00122,2025-04-08,SHORT_SHIP,34451.75,2025-05-02,RESOLVED
D000892,INV-0013725,C00122,2025-05-05,PRICING_VARIANCE,18820.29,,OPEN
D000893,INV-0013759,C00122,2025-12-16,PROMO_ALLOWANCE,17859.09,2026-01-12,RESOLVED
D000894,INV-0013764,C00122,2025-12-20,UNAUTH_CHARGEBACK,9179.17,2026-02-24,RESOLVED
D000895,INV-0013766,C00122,2025-12-10,PRICING_VARIANCE,9741.04,2026-03-11,RESOLVED
D000896,INV-0013831,C00123,2025-06-03,PROMO_ALLOWANCE,8823.18,2025-07-14,RESOLVED
D000897,INV-0013847,C00123,2025-09-02,UNAUTH_CHARGEBACK,12434.6,2025-10-30,RESOLVED
D000898,INV-0013870,C00123,2026-01-14,PROMO_ALLOWANCE,42862.23,,OPEN
D000899,INV-0013877,C00123,2026-02-09,UNAUTH_CHARGEBACK,8697.4,2026-04-02,RESOLVED
D000900,INV-0013880,C00123,2026-04-07,RETURN_CREDIT,28302.98,,OPEN
D000901,INV-0013936,C00124,2025-08-03,RETURN_CREDIT,7282.56,2025-09-28,RESOLVED
D000902,INV-0013950,C00124,2025-11-01,PROMO_ALLOWANCE,4566.12,2026-02-22,RESOLVED
D000903,INV-0013974,C00124,2026-03-23,DAMAGED_GOODS,20403.57,,OPEN
D000904,INV-0014007,C00125,2025-03-16,DAMAGED_GOODS,14641.91,2025-05-19,RESOLVED
D000905,INV-0014069,C00125,2026-02-08,UNAUTH_CHARGEBACK,6104.22,2026-03-11,RESOLVED
D000906,INV-0014079,C00125,2026-03-11,SHORT_SHIP,6653.12,2026-06-16,RESOLVED
D000907,INV-0014096,C00125,2026-06-13,PROMO_ALLOWANCE,16797.75,,OPEN
D000908,INV-0014125,C00126,2025-05-18,PROMO_ALLOWANCE,18832.58,,OPEN
D000909,INV-0014173,C00126,2026-01-25,UNAUTH_CHARGEBACK,5267.05,2026-03-15,RESOLVED
D000910,INV-0014192,C00126,2026-05-01,DAMAGED_GOODS,9110.82,,OPEN
D000911,INV-0014212,C00127,2025-03-22,PRICING_VARIANCE,13872.99,2025-07-10,RESOLVED
D000912,INV-0014246,C00127,2025-08-21,PRICING_VARIANCE,8636.12,,OPEN
D000913,INV-0014249,C00127,2025-10-19,SHORT_SHIP,3705.78,2026-01-11,RESOLVED
D000914,INV-0014290,C00127,2026-03-23,RETURN_CREDIT,22088.3,,OPEN
D000915,INV-0014294,C00127,2026-04-25,DAMAGED_GOODS,11519.59,,OPEN
D000916,INV-0014299,C00127,2026-05-07,RETURN_CREDIT,5760.35,,OPEN
D000917,INV-0014340,C00128,2025-07-14,DAMAGED_GOODS,9681.88,2025-07-31,RESOLVED
D000918,INV-0014351,C00128,2025-09-01,DAMAGED_GOODS,4154.09,2025-09-13,RESOLVED
D000919,INV-0014352,C00128,2025-09-25,PRICING_VARIANCE,12362.53,2025-10-12,RESOLVED
D000920,INV-0014465,C00129,2025-10-31,PRICING_VARIANCE,4492.26,2025-12-03,RESOLVED
D000921,INV-0014467,C00129,2025-12-22,PROMO_ALLOWANCE,39326.53,,OPEN
D000922,INV-0014473,C00129,2025-12-22,DAMAGED_GOODS,6648.81,2026-04-14,RESOLVED
D000923,INV-0014503,C00129,2026-04-27,SHORT_SHIP,21285.84,,OPEN
D000924,INV-0014515,C00129,2026-05-31,UNAUTH_CHARGEBACK,25191.21,2026-06-22,RESOLVED
D000925,INV-0014510,C00129,2026-06-08,PROMO_ALLOWANCE,2794.14,,OPEN
D000926,INV-0014541,C00130,2025-04-18,PRICING_VARIANCE,34017.14,2025-08-03,RESOLVED
D000927,INV-0014546,C00130,2025-05-29,PROMO_ALLOWANCE,6637.27,2025-06-11,RESOLVED
D000928,INV-0014555,C00130,2025-07-27,SHORT_SHIP,6965.98,2025-09-23,RESOLVED
D000929,INV-0014561,C00130,2025-09-16,DAMAGED_GOODS,17705.29,2025-12-22,RESOLVED
D000930,INV-0014569,C00130,2025-10-08,PROMO_ALLOWANCE,24302.36,2025-10-22,RESOLVED
D000931,INV-0014582,C00130,2026-01-24,UNAUTH_CHARGEBACK,20512.27,2026-04-13,RESOLVED
D000932,INV-0014601,C00130,2026-04-29,SHORT_SHIP,16661.03,2026-05-10,RESOLVED
D000933,INV-0014644,C00131,2025-05-28,SHORT_SHIP,12478.44,2025-08-28,RESOLVED
D000934,INV-0014665,C00131,2025-10-09,PRICING_VARIANCE,31324.37,2025-11-17,RESOLVED
D000935,INV-0014707,C00131,2026-04-30,PRICING_VARIANCE,7609.46,2026-05-17,RESOLVED
D000936,INV-0014714,C00131,2026-04-17,RETURN_CREDIT,21988.77,,OPEN
D000937,INV-0014737,C00132,2025-02-15,SHORT_SHIP,2308.21,,OPEN
D000938,INV-0014757,C00132,2025-07-14,SHORT_SHIP,10591.77,2025-10-20,RESOLVED
D000939,INV-0014808,C00132,2026-01-13,DAMAGED_GOODS,10051.1,,OPEN
D000940,INV-0014831,C00132,2026-05-04,PRICING_VARIANCE,2849.05,,OPEN
D000941,INV-0014843,C00132,2026-06-28,PRICING_VARIANCE,17806.09,,OPEN
D000942,INV-0014876,C00133,2025-06-14,UNAUTH_CHARGEBACK,14037.59,,OPEN
D000943,INV-0014886,C00133,2025-09-16,PRICING_VARIANCE,16364.36,2025-11-03,RESOLVED
D000944,INV-0014902,C00133,2025-10-14,SHORT_SHIP,11185.76,2025-11-28,RESOLVED
D000945,INV-0014927,C00133,2026-03-19,UNAUTH_CHARGEBACK,3061.69,,OPEN
D000946,INV-0014976,C00134,2025-06-28,DAMAGED_GOODS,15717.37,2025-09-03,RESOLVED
D000947,INV-0014994,C00134,2025-10-23,DAMAGED_GOODS,8941.46,,OPEN
D000948,INV-0015000,C00134,2025-10-30,PRICING_VARIANCE,23941.59,2025-11-25,RESOLVED
D000949,INV-0015012,C00134,2025-12-24,SHORT_SHIP,19915.34,2026-01-27,RESOLVED
D000950,INV-0015018,C00134,2026-01-25,UNAUTH_CHARGEBACK,7990.15,2026-03-03,RESOLVED
D000951,INV-0015020,C00134,2026-03-01,PRICING_VARIANCE,16883.9,2026-04-27,RESOLVED
D000952,INV-0015034,C00134,2026-04-19,RETURN_CREDIT,22806.45,,OPEN
D000953,INV-0015043,C00134,2026-05-31,PROMO_ALLOWANCE,37294.31,,OPEN
D000954,INV-0015037,C00134,2026-06-21,SHORT_SHIP,12946.96,,OPEN
D000955,INV-0015063,C00135,2025-02-20,SHORT_SHIP,13840.16,,OPEN
D000956,INV-0015066,C00135,2025-03-21,PROMO_ALLOWANCE,8326.99,,OPEN
D000957,INV-0015079,C00135,2025-06-07,SHORT_SHIP,3678.99,2025-09-09,RESOLVED
D000958,INV-0015085,C00135,2025-06-10,DAMAGED_GOODS,17624.2,2025-07-09,RESOLVED
D000959,INV-0015083,C00135,2025-06-30,SHORT_SHIP,16788.53,2025-07-11,RESOLVED
D000960,INV-0015121,C00135,2026-02-05,SHORT_SHIP,1567.31,2026-05-16,RESOLVED
D000961,INV-0015123,C00135,2026-01-25,RETURN_CREDIT,3029.79,2026-05-18,RESOLVED
D000962,INV-0015131,C00135,2026-03-04,UNAUTH_CHARGEBACK,29450.89,2026-05-23,RESOLVED
D000963,INV-0015140,C00135,2026-04-22,PROMO_ALLOWANCE,42101.64,2026-06-13,RESOLVED
D000964,INV-0015187,C00136,2025-08-05,DAMAGED_GOODS,36923.1,,OPEN
D000965,INV-0015193,C00136,2025-08-25,DAMAGED_GOODS,3254.54,2025-12-08,RESOLVED
D000966,INV-0015236,C00136,2026-04-10,SHORT_SHIP,4374.99,2026-04-28,RESOLVED
D000967,INV-0015248,C00136,2026-05-13,PRICING_VARIANCE,25671.56,,OPEN
D000968,INV-0015273,C00137,2025-03-10,SHORT_SHIP,937.69,2025-05-23,RESOLVED
D000969,INV-0015348,C00137,2026-03-15,DAMAGED_GOODS,18471.39,2026-03-27,RESOLVED
D000970,INV-0015350,C00137,2026-03-25,PROMO_ALLOWANCE,19354.89,2026-06-30,RESOLVED
D000971,INV-0015360,C00137,2026-06-10,PROMO_ALLOWANCE,10003.8,,OPEN
D000972,INV-0015362,C00137,2026-06-26,SHORT_SHIP,41976.49,,OPEN
D000973,INV-0015386,C00138,2025-04-12,PRICING_VARIANCE,7027.21,2025-05-18,RESOLVED
D000974,INV-0015381,C00138,2025-04-01,UNAUTH_CHARGEBACK,13684.0,,OPEN
D000975,INV-0015391,C00138,2025-04-22,UNAUTH_CHARGEBACK,8480.12,2025-07-26,RESOLVED
D000976,INV-0015393,C00138,2025-06-13,UNAUTH_CHARGEBACK,7621.74,2025-08-04,RESOLVED
D000977,INV-0015423,C00138,2025-10-29,RETURN_CREDIT,32302.29,2025-12-12,RESOLVED
D000978,INV-0015430,C00138,2025-12-19,UNAUTH_CHARGEBACK,15439.12,2026-03-24,RESOLVED
D000979,INV-0015438,C00138,2026-03-20,PROMO_ALLOWANCE,28136.78,2026-05-22,RESOLVED
D000980,INV-0015446,C00138,2026-04-10,DAMAGED_GOODS,17339.93,,OPEN
D000981,INV-0015458,C00138,2026-06-15,DAMAGED_GOODS,3754.04,,OPEN
D000982,INV-0015476,C00139,2025-02-27,PROMO_ALLOWANCE,7743.51,2025-06-18,RESOLVED
D000983,INV-0015499,C00139,2025-06-20,DAMAGED_GOODS,11240.61,,OPEN
D000984,INV-0015552,C00139,2026-05-10,UNAUTH_CHARGEBACK,10745.64,,OPEN
D000985,INV-0015549,C00139,2026-05-10,PROMO_ALLOWANCE,8401.35,,OPEN
D000986,INV-0015555,C00139,2026-05-26,SHORT_SHIP,563.42,,OPEN
D000987,INV-0015602,C00140,2025-09-11,RETURN_CREDIT,32558.72,,OPEN
D000988,INV-0015611,C00140,2025-10-11,SHORT_SHIP,28914.46,,OPEN
D000989,INV-0015624,C00140,2025-12-14,PROMO_ALLOWANCE,12214.88,2026-04-06,RESOLVED
D000990,INV-0015635,C00140,2026-02-20,SHORT_SHIP,33263.32,,OPEN
D000991,INV-0015641,C00140,2026-05-06,PROMO_ALLOWANCE,2697.57,,OPEN
D000992,INV-0015640,C00140,2026-04-16,PROMO_ALLOWANCE,6933.13,2026-05-22,RESOLVED
D000993,INV-0015692,C00141,2025-07-16,RETURN_CREDIT,3873.25,2025-07-29,RESOLVED
D000994,INV-0015707,C00141,2025-11-05,SHORT_SHIP,4599.33,,OPEN
D000995,INV-0015725,C00141,2026-03-02,PRICING_VARIANCE,5460.47,,OPEN
D000996,INV-0015747,C00141,2026-05-28,RETURN_CREDIT,13670.38,2026-06-18,RESOLVED
D000997,INV-0015758,C00142,2025-02-27,SHORT_SHIP,45957.29,2025-03-23,RESOLVED
D000998,INV-0015761,C00142,2025-03-24,PROMO_ALLOWANCE,24459.76,,OPEN
D000999,INV-0015771,C00142,2025-05-14,RETURN_CREDIT,4298.17,2025-07-20,RESOLVED
D001000,INV-0015831,C00142,2026-04-28,PROMO_ALLOWANCE,37718.06,,OPEN
D001001,INV-0015857,C00143,2025-02-21,PRICING_VARIANCE,40571.47,2025-03-21,RESOLVED
D001002,INV-0015879,C00143,2025-07-05,PROMO_ALLOWANCE,12346.54,,OPEN
D001003,INV-0015904,C00143,2025-12-26,PRICING_VARIANCE,37459.61,2026-04-13,RESOLVED
D001004,INV-0015924,C00143,2026-03-09,PROMO_ALLOWANCE,2416.7,2026-05-24,RESOLVED
D001005,INV-0015969,C00144,2025-05-05,SHORT_SHIP,25051.21,2025-08-18,RESOLVED
D001006,INV-0015976,C00144,2025-06-12,PROMO_ALLOWANCE,4861.61,,OPEN
D001007,INV-0015984,C00144,2025-07-26,RETURN_CREDIT,4660.15,,OPEN
D001008,INV-0015999,C00144,2025-11-05,SHORT_SHIP,15234.3,,OPEN
D001009,INV-0016013,C00144,2026-02-05,PRICING_VARIANCE,4946.24,,OPEN
D001010,INV-0016026,C00144,2026-04-22,UNAUTH_CHARGEBACK,5402.5,,OPEN
D001011,INV-0016073,C00145,2025-07-22,PRICING_VARIANCE,16125.57,,OPEN
D001012,INV-0016080,C00145,2025-08-20,DAMAGED_GOODS,13463.8,2025-10-06,RESOLVED
D001013,INV-0016097,C00145,2025-10-26,UNAUTH_CHARGEBACK,10883.03,2026-02-06,RESOLVED
D001014,INV-0016120,C00145,2026-03-11,PRICING_VARIANCE,8202.89,2026-06-16,RESOLVED
D001015,INV-0016141,C00145,2026-06-09,PROMO_ALLOWANCE,18845.35,,OPEN
D001016,INV-0016156,C00146,2025-03-09,DAMAGED_GOODS,20951.78,2025-05-07,RESOLVED
D001017,INV-0016164,C00146,2025-04-06,UNAUTH_CHARGEBACK,42025.12,2025-07-12,RESOLVED
D001018,INV-0016202,C00146,2025-10-22,PRICING_VARIANCE,36746.26,2026-01-27,RESOLVED
D001019,INV-0016207,C00146,2025-12-06,SHORT_SHIP,24277.08,2026-01-16,RESOLVED
D001020,INV-0016223,C00146,2026-03-01,UNAUTH_CHARGEBACK,15828.54,,OPEN
D001021,INV-0016244,C00146,2026-06-08,PROMO_ALLOWANCE,23230.37,,OPEN
D001022,INV-0016261,C00147,2025-02-06,SHORT_SHIP,41876.97,2025-04-25,RESOLVED
D001023,INV-0016273,C00147,2025-06-06,RETURN_CREDIT,9811.64,2025-07-27,RESOLVED
D001024,INV-0016277,C00147,2025-07-10,RETURN_CREDIT,11203.57,,OPEN
D001025,INV-0016280,C00147,2025-07-29,PROMO_ALLOWANCE,18212.41,,OPEN
D001026,INV-0016286,C00147,2025-08-31,RETURN_CREDIT,40606.93,2025-10-12,RESOLVED
D001027,INV-0016311,C00147,2026-01-11,PROMO_ALLOWANCE,3693.13,2026-04-27,RESOLVED
D001028,INV-0016316,C00147,2026-02-07,DAMAGED_GOODS,4471.36,2026-03-09,RESOLVED
D001029,INV-0016356,C00148,2025-02-12,DAMAGED_GOODS,21889.11,2025-04-09,RESOLVED
D001030,INV-0016378,C00148,2025-06-29,UNAUTH_CHARGEBACK,5012.99,2025-08-07,RESOLVED
D001031,INV-0016391,C00148,2025-09-29,PROMO_ALLOWANCE,21892.68,2026-01-18,RESOLVED
D001032,INV-0016394,C00148,2025-10-22,RETURN_CREDIT,21676.24,,OPEN
D001033,INV-0016398,C00148,2025-11-25,SHORT_SHIP,21979.2,2026-01-08,RESOLVED
D001034,INV-0016421,C00148,2026-03-22,DAMAGED_GOODS,5769.62,2026-04-03,RESOLVED
D001035,INV-0016433,C00148,2026-05-18,PROMO_ALLOWANCE,7629.89,,OPEN
D001036,INV-0016475,C00149,2025-05-09,UNAUTH_CHARGEBACK,5657.5,,OPEN
D001037,INV-0016473,C00149,2025-05-25,RETURN_CREDIT,1686.37,2025-07-07,RESOLVED
D001038,INV-0016500,C00149,2025-11-11,UNAUTH_CHARGEBACK,9098.62,,OPEN
D001039,INV-0016508,C00149,2025-11-25,UNAUTH_CHARGEBACK,4088.69,2026-02-22,RESOLVED
D001040,INV-0016528,C00149,2026-04-11,PRICING_VARIANCE,31587.87,,OPEN
D001041,INV-0016531,C00149,2026-04-20,SHORT_SHIP,7556.78,,OPEN
D001042,INV-0016557,C00150,2025-03-25,SHORT_SHIP,5122.05,2025-05-09,RESOLVED
D001043,INV-0016591,C00150,2025-10-05,RETURN_CREDIT,11659.51,,OPEN
D001044,INV-0016605,C00150,2025-12-03,RETURN_CREDIT,14609.64,2026-02-16,RESOLVED
D001045,INV-0016615,C00150,2026-01-27,DAMAGED_GOODS,14190.49,,OPEN
D001046,INV-0016617,C00150,2026-01-13,PRICING_VARIANCE,12108.77,2026-05-06,RESOLVED
D001047,INV-0016623,C00150,2026-03-06,PROMO_ALLOWANCE,5333.8,,OPEN
D001048,INV-0016636,C00150,2026-05-01,PROMO_ALLOWANCE,7371.75,,OPEN
D001049,INV-0016631,C00150,2026-05-05,RETURN_CREDIT,41460.49,,OPEN
D001050,INV-0016632,C00150,2026-04-28,SHORT_SHIP,17059.53,,OPEN
D001051,INV-0016673,C00151,2025-05-10,PROMO_ALLOWANCE,39630.0,2025-08-13,RESOLVED
D001052,INV-0016680,C00151,2025-07-12,UNAUTH_CHARGEBACK,26237.79,,OPEN
D001053,INV-0016686,C00151,2025-08-01,DAMAGED_GOODS,36528.51,2025-09-14,RESOLVED
D001054,INV-0016692,C00151,2025-10-03,RETURN_CREDIT,2249.84,2026-01-01,RESOLVED
D001055,INV-0016691,C00151,2025-10-21,PROMO_ALLOWANCE,20623.42,,OPEN
D001056,INV-0016709,C00151,2026-01-20,PRICING_VARIANCE,15507.36,2026-02-09,RESOLVED
D001057,INV-0016729,C00151,2026-03-22,SHORT_SHIP,48850.43,,OPEN
D001058,INV-0016761,C00152,2025-02-21,PROMO_ALLOWANCE,20275.22,2025-04-03,RESOLVED
D001059,INV-0016772,C00152,2025-06-03,SHORT_SHIP,4024.67,2025-08-30,RESOLVED
D001060,INV-0016855,C00153,2025-02-26,DAMAGED_GOODS,8095.07,,OPEN
D001061,INV-0016858,C00153,2025-03-08,PRICING_VARIANCE,18805.51,2025-03-31,RESOLVED
D001062,INV-0016864,C00153,2025-03-26,PRICING_VARIANCE,42178.33,,OPEN
D001063,INV-0016887,C00153,2025-09-17,PROMO_ALLOWANCE,25883.4,2025-09-30,RESOLVED
D001064,INV-0016915,C00153,2025-12-29,RETURN_CREDIT,22699.67,2026-03-07,RESOLVED
D001065,INV-0016932,C00153,2026-03-27,DAMAGED_GOODS,10615.44,,OPEN
D001066,INV-0016946,C00153,2026-06-25,UNAUTH_CHARGEBACK,44222.63,,OPEN
D001067,INV-0016950,C00153,2026-06-12,PROMO_ALLOWANCE,29478.8,,OPEN
D001068,INV-0016972,C00154,2025-04-24,RETURN_CREDIT,20590.65,2025-06-11,RESOLVED
D001069,INV-0016993,C00154,2025-09-06,PRICING_VARIANCE,4571.11,,OPEN
D001070,INV-0017017,C00154,2026-01-15,DAMAGED_GOODS,12034.86,2026-03-30,RESOLVED
D001071,INV-0017023,C00154,2026-03-09,SHORT_SHIP,9975.73,,OPEN
D001072,INV-0017022,C00154,2026-03-17,SHORT_SHIP,17926.44,2026-04-11,RESOLVED
D001073,INV-0017040,C00154,2026-05-25,DAMAGED_GOODS,15873.5,2026-06-05,RESOLVED
D001074,INV-0017042,C00154,2026-05-23,SHORT_SHIP,35701.36,,OPEN
D001075,INV-0017077,C00155,2025-05-14,SHORT_SHIP,7321.03,,OPEN
D001076,INV-0017093,C00155,2025-09-08,PROMO_ALLOWANCE,3531.03,,OPEN
D001077,INV-0017108,C00155,2025-10-19,RETURN_CREDIT,2657.13,,OPEN
D001078,INV-0017138,C00155,2026-04-10,PRICING_VARIANCE,32973.86,2026-04-29,RESOLVED
D001079,INV-0017149,C00155,2026-04-29,RETURN_CREDIT,2738.49,2026-05-19,RESOLVED
D001080,INV-0017155,C00155,2026-06-10,RETURN_CREDIT,4591.0,,OPEN
D001081,INV-0017188,C00156,2025-03-18,UNAUTH_CHARGEBACK,12023.24,2025-07-01,RESOLVED
D001082,INV-0017189,C00156,2025-03-21,SHORT_SHIP,20040.46,2025-04-10,RESOLVED
D001083,INV-0017208,C00156,2025-07-12,SHORT_SHIP,12411.09,2025-10-02,RESOLVED
D001084,INV-0017207,C00156,2025-07-30,RETURN_CREDIT,10465.3,,OPEN
D001085,INV-0017306,C00157,2025-07-13,DAMAGED_GOODS,2886.64,2025-09-07,RESOLVED
D001086,INV-0017307,C00157,2025-07-09,PROMO_ALLOWANCE,16948.93,2025-08-09,RESOLVED
D001087,INV-0017373,C00157,2026-04-11,SHORT_SHIP,8958.29,2026-06-19,RESOLVED
D001088,INV-0017406,C00158,2025-05-04,SHORT_SHIP,34565.57,,OPEN
D001089,INV-0017415,C00158,2025-06-29,RETURN_CREDIT,9960.91,,OPEN
D001090,INV-0017434,C00158,2025-11-03,PROMO_ALLOWANCE,22018.65,,OPEN
D001091,INV-0017451,C00158,2026-01-28,PROMO_ALLOWANCE,27704.85,2026-04-26,RESOLVED
D001092,INV-0017472,C00158,2026-05-02,SHORT_SHIP,16184.77,,OPEN
D001093,INV-0017535,C00159,2025-08-26,UNAUTH_CHARGEBACK,21587.52,2025-10-27,RESOLVED
D001094,INV-0017564,C00159,2026-02-27,PROMO_ALLOWANCE,21610.04,2026-03-15,RESOLVED
D001095,INV-0017623,C00160,2025-06-15,DAMAGED_GOODS,26762.25,2025-09-26,RESOLVED
D001096,INV-0017651,C00160,2025-12-14,PRICING_VARIANCE,1285.16,2026-01-29,RESOLVED
D001097,INV-0017667,C00160,2026-02-15,PRICING_VARIANCE,10108.38,2026-04-18,RESOLVED
D001098,INV-0017674,C00160,2026-03-24,DAMAGED_GOODS,4666.39,2026-04-11,RESOLVED
D001099,INV-0017701,C00161,2025-02-11,RETURN_CREDIT,23211.7,2025-05-10,RESOLVED
D001100,INV-0017719,C00161,2025-07-02,RETURN_CREDIT,3364.15,2025-08-30,RESOLVED
D001101,INV-0017743,C00161,2025-11-06,PRICING_VARIANCE,10712.22,2026-02-17,RESOLVED
D001102,INV-0017759,C00161,2026-02-17,DAMAGED_GOODS,3490.82,2026-04-15,RESOLVED
D001103,INV-0017767,C00161,2026-02-11,SHORT_SHIP,2305.14,,OPEN
D001104,INV-0017779,C00161,2026-06-08,UNAUTH_CHARGEBACK,13960.27,,OPEN
D001105,INV-0017798,C00162,2025-02-22,PRICING_VARIANCE,2597.74,,OPEN
D001106,INV-0017812,C00162,2025-06-12,PROMO_ALLOWANCE,5860.13,2025-08-03,RESOLVED
D001107,INV-0017829,C00162,2025-09-08,PRICING_VARIANCE,9673.73,,OPEN
D001108,INV-0017838,C00162,2025-10-26,UNAUTH_CHARGEBACK,1748.77,2025-11-24,RESOLVED
D001109,INV-0017843,C00162,2025-12-20,PRICING_VARIANCE,10277.41,2026-03-21,RESOLVED
D001110,INV-0017850,C00162,2025-12-23,RETURN_CREDIT,21866.42,2026-03-26,RESOLVED
D001111,INV-0017855,C00162,2026-01-27,DAMAGED_GOODS,15317.68,,OPEN
D001112,INV-0017912,C00163,2025-05-27,UNAUTH_CHARGEBACK,14484.41,2025-06-08,RESOLVED
D001113,INV-0017924,C00163,2025-08-03,SHORT_SHIP,19383.02,2025-08-12,RESOLVED
D001114,INV-0017935,C00163,2025-10-20,PRICING_VARIANCE,8450.97,2026-01-30,RESOLVED
D001115,INV-0017954,C00163,2026-01-23,DAMAGED_GOODS,3351.52,2026-03-14,RESOLVED
D001116,INV-0017961,C00163,2026-02-14,PROMO_ALLOWANCE,2720.64,2026-04-04,RESOLVED
D001117,INV-0017985,C00164,2025-02-21,PRICING_VARIANCE,1717.91,,OPEN
D001118,INV-0018000,C00164,2025-04-27,SHORT_SHIP,18933.86,,OPEN
D001119,INV-0018065,C00164,2026-03-11,PROMO_ALLOWANCE,22320.35,,OPEN
D001120,INV-0018073,C00164,2026-05-24,PROMO_ALLOWANCE,25008.15,,OPEN
D001121,INV-0018096,C00165,2025-03-02,UNAUTH_CHARGEBACK,29730.89,,OPEN
D001122,INV-0018100,C00165,2025-03-31,PRICING_VARIANCE,22383.66,2025-05-24,RESOLVED
D001123,INV-0018163,C00165,2026-03-15,SHORT_SHIP,16146.49,2026-06-02,RESOLVED
D001124,INV-0018174,C00165,2026-06-03,DAMAGED_GOODS,23202.48,,OPEN
D001125,INV-0018201,C00166,2025-05-02,SHORT_SHIP,1569.24,,OPEN
D001126,INV-0018213,C00166,2025-06-17,SHORT_SHIP,3161.99,2025-07-31,RESOLVED
D001127,INV-0018252,C00166,2026-01-29,SHORT_SHIP,2585.42,,OPEN
D001128,INV-0018276,C00166,2026-06-04,RETURN_CREDIT,28469.92,,OPEN
D001129,INV-0018335,C00167,2025-09-13,RETURN_CREDIT,5832.05,,OPEN
D001130,INV-0018382,C00167,2026-05-13,DAMAGED_GOODS,2716.83,,OPEN
D001131,INV-0018417,C00168,2025-04-12,PROMO_ALLOWANCE,14973.6,2025-05-05,RESOLVED
D001132,INV-0018450,C00168,2025-09-30,RETURN_CREDIT,12245.88,2026-01-09,RESOLVED
D001133,INV-0018459,C00168,2025-11-10,PRICING_VARIANCE,8520.6,2026-02-02,RESOLVED
D001134,INV-0018557,C00169,2025-12-05,PRICING_VARIANCE,2940.29,,OPEN
D001135,INV-0018569,C00169,2026-02-01,PROMO_ALLOWANCE,20297.81,,OPEN
D001136,INV-0018641,C00170,2025-10-01,UNAUTH_CHARGEBACK,21037.1,2025-10-25,RESOLVED
D001137,INV-0018651,C00170,2025-11-26,UNAUTH_CHARGEBACK,25202.37,2025-12-05,RESOLVED
D001138,INV-0018725,C00171,2025-06-18,RETURN_CREDIT,3354.34,,OPEN
D001139,INV-0018816,C00172,2025-04-22,RETURN_CREDIT,7227.96,,OPEN
D001140,INV-0018853,C00172,2025-10-27,PROMO_ALLOWANCE,7108.59,2025-12-11,RESOLVED
D001141,INV-0018864,C00172,2026-01-20,PROMO_ALLOWANCE,36626.38,2026-04-26,RESOLVED
D001142,INV-0018889,C00172,2026-05-06,RETURN_CREDIT,24996.92,,OPEN
D001143,INV-0018903,C00172,2026-05-07,PROMO_ALLOWANCE,1309.95,,OPEN
D001144,INV-0018908,C00172,2026-06-19,PROMO_ALLOWANCE,22401.65,,OPEN
D001145,INV-0018916,C00173,2025-03-10,PRICING_VARIANCE,20706.71,,OPEN
D001146,INV-0018954,C00173,2025-07-26,PROMO_ALLOWANCE,20319.08,,OPEN
D001147,INV-0018947,C00173,2025-08-16,DAMAGED_GOODS,4857.52,2025-10-01,RESOLVED
D001148,INV-0018965,C00173,2025-10-16,UNAUTH_CHARGEBACK,16368.06,,OPEN
D001149,INV-0018985,C00173,2026-01-16,RETURN_CREDIT,48185.47,2026-04-08,RESOLVED
D001150,INV-0018990,C00173,2026-03-01,RETURN_CREDIT,7580.75,,OPEN
D001151,INV-0018994,C00173,2026-04-14,UNAUTH_CHARGEBACK,21652.34,,OPEN
D001152,INV-0019037,C00174,2025-03-24,DAMAGED_GOODS,34958.54,2025-04-14,RESOLVED
D001153,INV-0019042,C00174,2025-04-15,DAMAGED_GOODS,10200.72,,OPEN
D001154,INV-0019044,C00174,2025-04-15,SHORT_SHIP,3338.33,,OPEN
D001155,INV-0019046,C00174,2025-05-01,UNAUTH_CHARGEBACK,8279.91,,OPEN
D001156,INV-0019054,C00174,2025-06-30,RETURN_CREDIT,19624.04,2025-09-28,RESOLVED
D001157,INV-0019061,C00174,2025-08-04,PROMO_ALLOWANCE,12393.55,,OPEN
D001158,INV-0019086,C00174,2025-11-10,PROMO_ALLOWANCE,32023.0,,OPEN
D001159,INV-0019106,C00174,2026-03-20,SHORT_SHIP,1494.73,2026-06-02,RESOLVED
D001160,INV-0019149,C00175,2025-03-22,DAMAGED_GOODS,1686.43,,OPEN
D001161,INV-0019177,C00175,2025-07-27,PROMO_ALLOWANCE,4103.39,2025-09-28,RESOLVED
D001162,INV-0019196,C00175,2026-01-09,UNAUTH_CHARGEBACK,4239.39,,OPEN
D001163,INV-0019203,C00175,2026-01-21,SHORT_SHIP,32972.44,2026-05-05,RESOLVED
D001164,INV-0019199,C00175,2026-02-06,UNAUTH_CHARGEBACK,7632.86,,OPEN
D001165,INV-0019211,C00175,2026-03-01,SHORT_SHIP,6456.06,2026-03-12,RESOLVED
D001166,INV-0019221,C00175,2026-05-25,PROMO_ALLOWANCE,1973.25,,OPEN
D001167,INV-0019234,C00175,2026-05-29,RETURN_CREDIT,11899.22,,OPEN
D001168,INV-0019266,C00176,2025-05-29,UNAUTH_CHARGEBACK,25681.49,,OPEN
D001169,INV-0019270,C00176,2025-07-17,PRICING_VARIANCE,4474.01,,OPEN
D001170,INV-0019300,C00176,2025-10-26,PROMO_ALLOWANCE,3133.77,2025-12-15,RESOLVED
D001171,INV-0019408,C00177,2025-10-27,UNAUTH_CHARGEBACK,7548.22,,OPEN
D001172,INV-0019474,C00178,2025-03-20,UNAUTH_CHARGEBACK,35389.42,2025-06-02,RESOLVED
D001173,INV-0019494,C00178,2025-07-12,SHORT_SHIP,2847.25,,OPEN
D001174,INV-0019631,C00179,2026-03-01,UNAUTH_CHARGEBACK,34736.06,,OPEN
D001175,INV-0019643,C00179,2026-04-09,PROMO_ALLOWANCE,12253.46,2026-06-06,RESOLVED
D001176,INV-0019674,C00180,2025-02-25,DAMAGED_GOODS,20273.72,2025-05-06,RESOLVED
D001177,INV-0019748,C00180,2026-03-30,SHORT_SHIP,2233.09,,OPEN
D001178,INV-0019750,C00180,2026-04-28,SHORT_SHIP,4387.4,,OPEN
D001179,INV-0019761,C00180,2026-05-12,PRICING_VARIANCE,13233.73,2026-06-06,RESOLVED
D001180,INV-0019799,C00181,2025-06-13,UNAUTH_CHARGEBACK,11507.05,2025-07-17,RESOLVED
D001181,INV-0019857,C00181,2026-05-07,DAMAGED_GOODS,50520.86,,OPEN
D001182,INV-0019860,C00181,2026-06-29,DAMAGED_GOODS,3709.31,,OPEN
D001183,INV-0019903,C00182,2025-06-23,RETURN_CREDIT,5199.69,,OPEN
D001184,INV-0019901,C00182,2025-07-18,DAMAGED_GOODS,38481.66,2025-08-01,RESOLVED
D001185,INV-0019923,C00182,2025-11-03,SHORT_SHIP,10812.63,2025-12-16,RESOLVED
D001186,INV-0019929,C00182,2025-12-17,DAMAGED_GOODS,3279.97,,OPEN
D001187,INV-0019954,C00182,2026-04-07,PROMO_ALLOWANCE,1624.42,2026-06-20,RESOLVED
D001188,INV-0020057,C00183,2026-04-20,DAMAGED_GOODS,26622.72,,OPEN
D001189,INV-0020063,C00183,2026-04-29,PRICING_VARIANCE,26423.33,2026-05-17,RESOLVED
D001190,INV-0020059,C00183,2026-05-03,PROMO_ALLOWANCE,5724.12,2026-05-15,RESOLVED
D001191,INV-0020105,C00184,2025-08-06,UNAUTH_CHARGEBACK,31583.39,,OPEN
D001192,INV-0020111,C00184,2025-07-21,SHORT_SHIP,4447.77,2025-10-15,RESOLVED
D001193,INV-0020123,C00184,2025-10-01,DAMAGED_GOODS,9753.6,2025-11-02,RESOLVED
D001194,INV-0020133,C00184,2025-11-17,RETURN_CREDIT,42513.62,2026-01-02,RESOLVED
D001195,INV-0020166,C00184,2026-04-24,RETURN_CREDIT,4997.89,,OPEN
D001196,INV-0020243,C00185,2026-01-25,DAMAGED_GOODS,5681.93,,OPEN
D001197,INV-0020258,C00185,2026-05-01,SHORT_SHIP,21026.9,2026-05-11,RESOLVED
D001198,INV-0020266,C00185,2026-06-15,PRICING_VARIANCE,4975.64,,OPEN
D001199,INV-0020284,C00186,2025-03-08,SHORT_SHIP,5082.62,,OPEN
D001200,INV-0020292,C00186,2025-03-31,UNAUTH_CHARGEBACK,27747.67,,OPEN
D001201,INV-0020328,C00186,2025-10-28,DAMAGED_GOODS,5581.12,2026-02-18,RESOLVED
D001202,INV-0020346,C00186,2026-02-05,RETURN_CREDIT,35592.78,2026-03-25,RESOLVED
D001203,INV-0020396,C00187,2025-04-11,UNAUTH_CHARGEBACK,34414.41,2025-07-11,RESOLVED
D001204,INV-0020401,C00187,2025-05-26,RETURN_CREDIT,31436.04,,OPEN
D001205,INV-0020404,C00187,2025-06-16,SHORT_SHIP,9708.15,2025-09-07,RESOLVED
D001206,INV-0020424,C00187,2025-10-04,PROMO_ALLOWANCE,5717.99,,OPEN
D001207,INV-0020461,C00187,2026-05-26,PRICING_VARIANCE,2940.78,,OPEN
D001208,INV-0020488,C00188,2025-04-06,DAMAGED_GOODS,6320.9,2025-05-13,RESOLVED
D001209,INV-0020500,C00188,2025-06-11,UNAUTH_CHARGEBACK,21880.64,,OPEN
D001210,INV-0020529,C00188,2025-10-30,SHORT_SHIP,11675.75,2026-01-15,RESOLVED
D001211,INV-0020538,C00188,2025-12-27,PROMO_ALLOWANCE,2478.39,,OPEN
D001212,INV-0020558,C00188,2026-05-10,PROMO_ALLOWANCE,8312.4,2026-06-19,RESOLVED
D001213,INV-0020613,C00189,2025-09-06,PRICING_VARIANCE,20034.81,2025-12-19,RESOLVED
D001214,INV-0020628,C00189,2026-01-03,RETURN_CREDIT,10644.0,2026-03-16,RESOLVED
D001215,INV-0020633,C00189,2026-01-03,SHORT_SHIP,2346.13,2026-03-18,RESOLVED
D001216,INV-0020642,C00189,2026-03-15,RETURN_CREDIT,13280.59,,OPEN
D001217,INV-0020645,C00189,2026-04-12,PROMO_ALLOWANCE,9749.76,2026-06-25,RESOLVED
D001218,INV-0020665,C00189,2026-05-20,UNAUTH_CHARGEBACK,28071.49,,OPEN
D001219,INV-0020671,C00189,2026-06-08,SHORT_SHIP,11725.26,,OPEN
D001220,INV-0020714,C00190,2025-08-30,DAMAGED_GOODS,40923.26,2025-09-20,RESOLVED
D001221,INV-0020724,C00190,2025-10-19,RETURN_CREDIT,4189.84,2025-11-14,RESOLVED
D001222,INV-0020736,C00190,2026-02-05,PRICING_VARIANCE,19378.73,2026-03-22,RESOLVED
D001223,INV-0020745,C00190,2026-03-26,PRICING_VARIANCE,11433.43,,OPEN
D001224,INV-0020750,C00190,2026-04-10,PROMO_ALLOWANCE,25717.58,,OPEN
D001225,INV-0020755,C00190,2026-04-28,UNAUTH_CHARGEBACK,2815.39,2026-06-26,RESOLVED
D001226,INV-0020815,C00191,2025-10-02,PRICING_VARIANCE,5878.88,2025-10-11,RESOLVED
D001227,INV-0020822,C00191,2025-12-14,DAMAGED_GOODS,30996.89,,OPEN
D001228,INV-0020928,C00192,2025-12-15,PRICING_VARIANCE,14477.45,,OPEN
D001229,INV-0020933,C00192,2025-12-25,DAMAGED_GOODS,4775.7,2026-04-10,RESOLVED
D001230,INV-0020958,C00192,2026-05-15,DAMAGED_GOODS,1022.67,,OPEN
D001231,INV-0020982,C00193,2025-02-20,PRICING_VARIANCE,15848.03,2025-06-07,RESOLVED
D001232,INV-0020983,C00193,2025-02-24,UNAUTH_CHARGEBACK,17082.99,,OPEN
D001233,INV-0020985,C00193,2025-02-17,PRICING_VARIANCE,29866.25,2025-04-14,RESOLVED
D001234,INV-0020981,C00193,2025-03-20,UNAUTH_CHARGEBACK,7125.88,2025-04-01,RESOLVED
D001235,INV-0020990,C00193,2025-04-06,PRICING_VARIANCE,28797.57,2025-04-22,RESOLVED
D001236,INV-0020989,C00193,2025-04-07,PROMO_ALLOWANCE,10951.67,,OPEN
D001237,INV-0021002,C00193,2025-07-07,PROMO_ALLOWANCE,7259.91,2025-10-22,RESOLVED
D001238,INV-0021013,C00193,2025-07-13,PRICING_VARIANCE,19844.22,2025-09-30,RESOLVED
D001239,INV-0021012,C00193,2025-07-28,SHORT_SHIP,39286.26,2025-11-14,RESOLVED
D001240,INV-0021025,C00193,2025-10-11,RETURN_CREDIT,14408.03,2025-12-02,RESOLVED
D001241,INV-0021044,C00193,2025-12-06,RETURN_CREDIT,11221.59,,OPEN
D001242,INV-0021045,C00193,2025-12-29,PROMO_ALLOWANCE,6248.32,,OPEN
D001243,INV-0021061,C00193,2026-02-17,PRICING_VARIANCE,1436.37,2026-03-17,RESOLVED
D001244,INV-0021057,C00193,2026-03-18,DAMAGED_GOODS,40531.98,2026-03-28,RESOLVED
D001245,INV-0021135,C00194,2025-10-02,SHORT_SHIP,28506.05,2025-10-23,RESOLVED
D001246,INV-0021149,C00194,2025-12-08,PROMO_ALLOWANCE,28531.07,,OPEN
D001247,INV-0021226,C00195,2025-07-12,SHORT_SHIP,8440.31,2025-08-23,RESOLVED
D001248,INV-0021293,C00195,2026-05-21,RETURN_CREDIT,4861.79,,OPEN
D001249,INV-0021346,C00196,2025-08-16,PROMO_ALLOWANCE,16233.94,2025-09-13,RESOLVED
D001250,INV-0021349,C00196,2025-08-25,PRICING_VARIANCE,28099.4,2025-10-29,RESOLVED
D001251,INV-0021365,C00196,2025-10-19,SHORT_SHIP,11617.35,,OPEN
D001252,INV-0021374,C00196,2025-12-10,UNAUTH_CHARGEBACK,30342.07,2026-03-02,RESOLVED
D001253,INV-0021395,C00196,2026-04-12,PRICING_VARIANCE,32393.75,,OPEN
D001254,INV-0021447,C00197,2025-07-06,UNAUTH_CHARGEBACK,13471.77,2025-09-02,RESOLVED
D001255,INV-0021449,C00197,2025-06-26,RETURN_CREDIT,8607.44,,OPEN
D001256,INV-0021478,C00197,2025-12-18,PROMO_ALLOWANCE,19061.93,,OPEN
D001257,INV-0021488,C00197,2026-02-28,PROMO_ALLOWANCE,15685.8,,OPEN
D001258,INV-0021506,C00197,2026-06-09,RETURN_CREDIT,7602.94,,OPEN
D001259,INV-0021536,C00198,2025-06-11,PRICING_VARIANCE,44867.36,2025-09-19,RESOLVED
D001260,INV-0021535,C00198,2025-06-20,RETURN_CREDIT,14481.92,2025-10-10,RESOLVED
D001261,INV-0021551,C00198,2025-09-14,RETURN_CREDIT,9891.88,,OPEN
D001262,INV-0021564,C00198,2025-10-29,UNAUTH_CHARGEBACK,4089.38,,OPEN
D001263,INV-0021585,C00198,2026-01-09,UNAUTH_CHARGEBACK,8540.02,2026-02-25,RESOLVED
D001264,INV-0021586,C00198,2026-02-08,UNAUTH_CHARGEBACK,14452.96,2026-05-22,RESOLVED
D001265,INV-0021599,C00198,2026-05-03,UNAUTH_CHARGEBACK,12822.89,2026-06-18,RESOLVED
D001266,INV-0021630,C00199,2025-02-10,SHORT_SHIP,15581.77,,OPEN
D001267,INV-0021635,C00199,2025-03-12,PRICING_VARIANCE,12676.88,,OPEN
D001268,INV-0021647,C00199,2025-06-02,PROMO_ALLOWANCE,16261.49,,OPEN
D001269,INV-0021688,C00199,2025-12-31,SHORT_SHIP,25881.52,2026-03-12,RESOLVED
D001270,INV-0021708,C00199,2026-05-18,PRICING_VARIANCE,26466.84,,OPEN
D001271,INV-0021709,C00199,2026-05-06,UNAUTH_CHARGEBACK,1547.94,,OPEN
D001272,INV-0021758,C00200,2025-08-08,PRICING_VARIANCE,10799.85,,OPEN
D001273,INV-0021751,C00200,2025-08-01,SHORT_SHIP,50642.77,,OPEN
D001274,INV-0021792,C00200,2026-01-06,SHORT_SHIP,31505.88,2026-04-07,RESOLVED
D001275,INV-0021801,C00200,2026-03-05,DAMAGED_GOODS,5531.13,,OPEN
D001276,INV-0021809,C00200,2026-03-21,UNAUTH_CHARGEBACK,36768.76,,OPEN
D001277,INV-0021803,C00200,2026-04-01,PROMO_ALLOWANCE,23935.01,2026-06-23,RESOLVED
D001278,INV-0021842,C00201,2025-04-01,RETURN_CREDIT,2024.07,,OPEN
D001279,INV-0021870,C00201,2025-09-10,SHORT_SHIP,26370.57,2025-10-05,RESOLVED
D001280,INV-0021912,C00201,2026-05-29,PRICING_VARIANCE,24459.29,,OPEN
D001281,INV-0021933,C00202,2025-02-20,PROMO_ALLOWANCE,34285.88,,OPEN
D001282,INV-0021929,C00202,2025-03-17,RETURN_CREDIT,24944.09,,OPEN
D001283,INV-0021974,C00202,2025-11-17,SHORT_SHIP,8277.38,2025-12-29,RESOLVED
D001284,INV-0021975,C00202,2025-11-26,UNAUTH_CHARGEBACK,15872.72,2026-02-16,RESOLVED
D001285,INV-0021983,C00202,2025-12-28,DAMAGED_GOODS,18131.12,2026-02-13,RESOLVED
D001286,INV-0022005,C00202,2026-05-02,UNAUTH_CHARGEBACK,12725.26,,OPEN
D001287,INV-0022044,C00203,2025-06-04,SHORT_SHIP,9265.68,2025-07-13,RESOLVED
D001288,INV-0022062,C00203,2025-09-19,PRICING_VARIANCE,7694.63,,OPEN
D001289,INV-0022077,C00203,2026-01-01,RETURN_CREDIT,38117.37,,OPEN
D001290,INV-0022078,C00203,2026-01-11,RETURN_CREDIT,4934.07,2026-02-01,RESOLVED
D001291,INV-0022084,C00203,2026-01-20,SHORT_SHIP,2527.45,2026-02-07,RESOLVED
D001292,INV-0022122,C00204,2025-03-06,PRICING_VARIANCE,20743.6,,OPEN
D001293,INV-0022120,C00204,2025-02-23,PROMO_ALLOWANCE,11583.24,,OPEN
D001294,INV-0022154,C00204,2025-09-23,RETURN_CREDIT,23958.39,2025-10-10,RESOLVED
D001295,INV-0022164,C00204,2025-10-13,DAMAGED_GOODS,20276.53,2025-12-18,RESOLVED
D001296,INV-0022159,C00204,2025-10-29,UNAUTH_CHARGEBACK,3489.21,2025-12-05,RESOLVED
D001297,INV-0022167,C00204,2025-11-28,PRICING_VARIANCE,5985.98,,OPEN
D001298,INV-0022197,C00204,2026-05-15,SHORT_SHIP,30558.72,2026-06-14,RESOLVED
D001299,INV-0022198,C00204,2026-05-29,RETURN_CREDIT,17929.41,,OPEN
D001300,INV-0022244,C00205,2025-07-06,SHORT_SHIP,30467.65,2025-09-08,RESOLVED
D001301,INV-0022249,C00205,2025-08-07,PRICING_VARIANCE,11834.94,2025-09-23,RESOLVED
D001302,INV-0022273,C00205,2025-12-18,DAMAGED_GOODS,10312.6,,OPEN
D001303,INV-0022351,C00206,2025-10-11,RETURN_CREDIT,19494.04,2025-12-13,RESOLVED
D001304,INV-0022380,C00206,2026-03-26,RETURN_CREDIT,4872.68,2026-06-02,RESOLVED
D001305,INV-0022452,C00207,2025-11-08,RETURN_CREDIT,1912.26,2026-02-17,RESOLVED
D001306,INV-0022454,C00207,2025-12-01,DAMAGED_GOODS,27113.13,2026-01-10,RESOLVED
D001307,INV-0022521,C00208,2025-04-30,UNAUTH_CHARGEBACK,21085.24,,OPEN
D001308,INV-0022517,C00208,2025-05-11,RETURN_CREDIT,5484.71,2025-08-15,RESOLVED
D001309,INV-0022548,C00208,2025-11-05,DAMAGED_GOODS,11928.23,,OPEN
D001310,INV-0022575,C00208,2026-06-13,PRICING_VARIANCE,23700.6,,OPEN
D001311,INV-0022596,C00209,2025-03-06,UNAUTH_CHARGEBACK,11009.67,,OPEN
D001312,INV-0022632,C00209,2025-08-30,SHORT_SHIP,4307.11,,OPEN
D001313,INV-0022642,C00209,2025-10-24,DAMAGED_GOODS,11598.7,,OPEN
D001314,INV-0022646,C00209,2025-11-18,SHORT_SHIP,10428.21,2026-01-03,RESOLVED
D001315,INV-0022672,C00209,2026-03-26,SHORT_SHIP,14045.74,2026-05-21,RESOLVED
D001316,INV-0022673,C00209,2026-04-26,RETURN_CREDIT,19682.29,,OPEN
D001317,INV-0022676,C00209,2026-05-02,SHORT_SHIP,21952.42,2026-06-07,RESOLVED
D001318,INV-0022703,C00210,2025-03-21,PROMO_ALLOWANCE,8136.8,,OPEN
D001319,INV-0022815,C00211,2025-04-05,PROMO_ALLOWANCE,7437.18,2025-05-24,RESOLVED
D001320,INV-0022862,C00211,2025-12-21,DAMAGED_GOODS,9690.32,,OPEN
D001321,INV-0022890,C00211,2026-04-16,UNAUTH_CHARGEBACK,34793.67,,OPEN
D001322,INV-0022918,C00212,2025-03-01,UNAUTH_CHARGEBACK,31108.89,2025-05-02,RESOLVED
D001323,INV-0022946,C00212,2025-06-13,PROMO_ALLOWANCE,9900.93,2025-07-10,RESOLVED
D001324,INV-0022957,C00212,2025-09-10,DAMAGED_GOODS,6458.61,2025-11-05,RESOLVED
D001325,INV-0022981,C00212,2025-11-17,PROMO_ALLOWANCE,2780.52,,OPEN
D001326,INV-0022975,C00212,2025-11-23,PROMO_ALLOWANCE,29922.21,,OPEN
D001327,INV-0022989,C00212,2026-01-20,SHORT_SHIP,3469.36,2026-02-28,RESOLVED
D001328,INV-0022991,C00212,2026-02-09,PROMO_ALLOWANCE,9914.14,,OPEN
D001329,INV-0023016,C00212,2026-06-08,RETURN_CREDIT,3053.84,,OPEN
D001330,INV-0023032,C00213,2025-03-08,RETURN_CREDIT,10631.84,,OPEN
D001331,INV-0023034,C00213,2025-03-18,DAMAGED_GOODS,12795.72,,OPEN
D001332,INV-0023038,C00213,2025-04-10,SHORT_SHIP,19625.06,2025-04-28,RESOLVED
D001333,INV-0023048,C00213,2025-05-31,UNAUTH_CHARGEBACK,5591.62,2025-06-25,RESOLVED
D001334,INV-0023102,C00213,2026-02-27,UNAUTH_CHARGEBACK,4914.47,2026-04-17,RESOLVED
D001335,INV-0023119,C00213,2026-04-30,PRICING_VARIANCE,4205.78,2026-06-23,RESOLVED
D001336,INV-0023252,C00215,2025-04-06,UNAUTH_CHARGEBACK,23934.4,,OPEN
D001337,INV-0023262,C00215,2025-05-09,DAMAGED_GOODS,4199.18,,OPEN
D001338,INV-0023287,C00215,2025-10-28,UNAUTH_CHARGEBACK,7514.59,2026-01-09,RESOLVED
D001339,INV-0023314,C00215,2026-01-31,UNAUTH_CHARGEBACK,11905.13,,OPEN
D001340,INV-0023385,C00216,2025-09-19,UNAUTH_CHARGEBACK,18940.34,2025-10-02,RESOLVED
D001341,INV-0023393,C00216,2025-10-10,UNAUTH_CHARGEBACK,4006.43,,OPEN
D001342,INV-0023426,C00216,2026-02-21,SHORT_SHIP,7490.55,,OPEN
D001343,INV-0023446,C00216,2026-05-14,PRICING_VARIANCE,17166.36,,OPEN
D001344,INV-0023484,C00217,2025-05-27,PROMO_ALLOWANCE,42623.15,2025-09-10,RESOLVED
D001345,INV-0023495,C00217,2025-07-21,SHORT_SHIP,5506.53,2025-08-28,RESOLVED
D001346,INV-0023523,C00217,2025-12-29,UNAUTH_CHARGEBACK,28272.61,,OPEN
D001347,INV-0023533,C00217,2026-02-02,DAMAGED_GOODS,8752.44,2026-02-23,RESOLVED
D001348,INV-0023529,C00217,2026-02-02,RETURN_CREDIT,14923.37,2026-02-14,RESOLVED
D001349,INV-0023532,C00217,2026-01-27,PRICING_VARIANCE,35528.96,2026-04-22,RESOLVED
D001350,INV-0023546,C00217,2026-04-24,DAMAGED_GOODS,6544.12,,OPEN
D001351,INV-0023586,C00218,2025-05-11,PRICING_VARIANCE,2072.32,,OPEN
D001352,INV-0023659,C00218,2026-06-08,PROMO_ALLOWANCE,14509.75,,OPEN
D001353,INV-0023663,C00218,2026-06-15,PRICING_VARIANCE,12584.72,,OPEN
D001354,INV-0023703,C00219,2025-07-28,PROMO_ALLOWANCE,4859.22,2025-11-15,RESOLVED
D001355,INV-0023722,C00219,2025-11-28,UNAUTH_CHARGEBACK,36062.46,,OPEN
D001356,INV-0023800,C00220,2025-09-21,PROMO_ALLOWANCE,28584.19,,OPEN
D001357,INV-0023808,C00220,2025-10-20,RETURN_CREDIT,10621.08,2025-12-09,RESOLVED
D001358,INV-0023814,C00220,2025-11-23,SHORT_SHIP,12649.14,2026-02-10,RESOLVED
D001359,INV-0023841,C00220,2026-04-05,PROMO_ALLOWANCE,17103.66,,OPEN
D001360,INV-0023880,C00221,2025-03-26,RETURN_CREDIT,18493.54,2025-07-10,RESOLVED
D001361,INV-0023888,C00221,2025-04-24,RETURN_CREDIT,38153.92,2025-08-16,RESOLVED
D001362,INV-0023890,C00221,2025-04-19,UNAUTH_CHARGEBACK,18542.83,,OPEN
D001363,INV-0023886,C00221,2025-04-24,UNAUTH_CHARGEBACK,7346.81,2025-08-10,RESOLVED
D001364,INV-0023911,C00221,2025-10-13,PROMO_ALLOWANCE,5578.85,2026-01-02,RESOLVED
D001365,INV-0023920,C00221,2025-10-14,DAMAGED_GOODS,4595.0,2025-11-05,RESOLVED
D001366,INV-0023948,C00221,2026-03-21,DAMAGED_GOODS,9474.13,,OPEN
D001367,INV-0023961,C00221,2026-05-17,DAMAGED_GOODS,18124.15,2026-05-30,RESOLVED
D001368,INV-0023995,C00222,2025-05-04,SHORT_SHIP,6212.87,2025-08-01,RESOLVED
D001369,INV-0024009,C00222,2025-07-20,UNAUTH_CHARGEBACK,7962.98,2025-10-02,RESOLVED
D001370,INV-0024019,C00222,2025-09-19,PROMO_ALLOWANCE,44182.67,2025-11-09,RESOLVED
D001371,INV-0024032,C00222,2025-12-19,UNAUTH_CHARGEBACK,15336.48,,OPEN
D001372,INV-0024043,C00222,2026-02-05,SHORT_SHIP,11114.19,2026-03-25,RESOLVED
D001373,INV-0024088,C00223,2025-03-03,PRICING_VARIANCE,28926.21,2025-05-19,RESOLVED
D001374,INV-0024089,C00223,2025-03-01,RETURN_CREDIT,26918.8,2025-05-16,RESOLVED
D001375,INV-0024105,C00223,2025-07-14,DAMAGED_GOODS,11520.53,2025-09-03,RESOLVED
D001376,INV-0024115,C00223,2025-08-07,PROMO_ALLOWANCE,14155.17,,OPEN
D001377,INV-0024123,C00223,2025-09-29,RETURN_CREDIT,5674.04,2025-10-31,RESOLVED
D001378,INV-0024153,C00223,2026-04-05,PRICING_VARIANCE,32872.44,2026-06-20,RESOLVED
D001379,INV-0024195,C00224,2025-05-13,SHORT_SHIP,20550.35,,OPEN
D001380,INV-0024196,C00224,2025-05-08,PROMO_ALLOWANCE,24702.69,2025-05-20,RESOLVED
D001381,INV-0024201,C00224,2025-05-16,PROMO_ALLOWANCE,40570.64,2025-07-04,RESOLVED
D001382,INV-0024207,C00224,2025-06-14,PRICING_VARIANCE,5227.62,,OPEN
D001383,INV-0024211,C00224,2025-07-16,PRICING_VARIANCE,35158.39,2025-09-22,RESOLVED
D001384,INV-0024212,C00224,2025-07-30,DAMAGED_GOODS,2184.78,2025-10-27,RESOLVED
D001385,INV-0024231,C00224,2025-12-01,DAMAGED_GOODS,19943.98,2026-02-20,RESOLVED
D001386,INV-0024261,C00224,2026-04-24,RETURN_CREDIT,4381.08,,OPEN
D001387,INV-0024257,C00224,2026-05-04,RETURN_CREDIT,10780.37,,OPEN
D001388,INV-0024274,C00224,2026-06-22,RETURN_CREDIT,24390.97,,OPEN
D001389,INV-0024334,C00225,2025-11-14,PRICING_VARIANCE,3665.25,2026-03-06,RESOLVED
D001390,INV-0024339,C00225,2025-12-22,RETURN_CREDIT,13108.19,2026-01-23,RESOLVED
D001391,INV-0024408,C00226,2025-07-29,DAMAGED_GOODS,24203.19,,OPEN
D001392,INV-0024420,C00226,2025-09-16,UNAUTH_CHARGEBACK,13247.53,,OPEN
D001393,INV-0024423,C00226,2025-09-04,PROMO_ALLOWANCE,12342.62,2025-10-13,RESOLVED
D001394,INV-0024453,C00226,2026-03-12,PRICING_VARIANCE,8933.37,2026-05-01,RESOLVED
D001395,INV-0024521,C00227,2025-10-22,PROMO_ALLOWANCE,18067.87,2025-11-02,RESOLVED
D001396,INV-0024538,C00227,2025-12-08,DAMAGED_GOODS,8732.01,2025-12-20,RESOLVED
D001397,INV-0024562,C00227,2026-03-31,RETURN_CREDIT,18084.85,2026-06-20,RESOLVED
D001398,INV-0024569,C00227,2026-04-24,PRICING_VARIANCE,18823.4,,OPEN
D001399,INV-0024575,C00227,2026-06-28,PRICING_VARIANCE,6792.3,,OPEN
D001400,INV-0024593,C00228,2025-02-24,SHORT_SHIP,10209.26,2025-04-14,RESOLVED
D001401,INV-0024599,C00228,2025-04-15,PROMO_ALLOWANCE,22129.51,2025-08-04,RESOLVED
D001402,INV-0024603,C00228,2025-04-21,DAMAGED_GOODS,2740.55,2025-06-10,RESOLVED
D001403,INV-0024606,C00228,2025-04-28,PRICING_VARIANCE,4790.58,2025-06-21,RESOLVED
D001404,INV-0024622,C00228,2025-09-08,PROMO_ALLOWANCE,1753.55,2025-12-12,RESOLVED
D001405,INV-0024630,C00228,2025-09-14,UNAUTH_CHARGEBACK,40190.7,2025-12-12,RESOLVED
D001406,INV-0024662,C00228,2026-03-18,UNAUTH_CHARGEBACK,9274.46,,OPEN
D001407,INV-0024664,C00228,2026-04-03,UNAUTH_CHARGEBACK,19511.24,2026-05-16,RESOLVED
D001408,INV-0024672,C00228,2026-04-25,UNAUTH_CHARGEBACK,11396.65,2026-05-31,RESOLVED
D001409,INV-0024737,C00229,2025-10-19,DAMAGED_GOODS,4396.18,2025-11-07,RESOLVED
D001410,INV-0024749,C00229,2025-11-28,PROMO_ALLOWANCE,11774.71,2025-12-28,RESOLVED
D001411,INV-0024756,C00229,2026-01-12,UNAUTH_CHARGEBACK,4921.62,,OPEN
D001412,INV-0024802,C00230,2025-03-13,PROMO_ALLOWANCE,19974.37,2025-06-25,RESOLVED
D001413,INV-0024819,C00230,2025-05-15,PROMO_ALLOWANCE,19042.33,,OPEN
D001414,INV-0024847,C00230,2025-11-22,RETURN_CREDIT,3701.72,2026-01-20,RESOLVED
D001415,INV-0024870,C00230,2026-03-16,RETURN_CREDIT,11062.36,,OPEN
D001416,INV-0024937,C00231,2025-07-19,PROMO_ALLOWANCE,40069.05,2025-08-12,RESOLVED
D001417,INV-0024947,C00231,2025-09-25,PROMO_ALLOWANCE,6195.27,2026-01-07,RESOLVED
D001418,INV-0024953,C00231,2025-11-16,PRICING_VARIANCE,21012.59,2026-01-21,RESOLVED
D001419,INV-0024978,C00231,2026-02-24,DAMAGED_GOODS,8273.22,,OPEN
D001420,INV-0024982,C00231,2026-04-10,PROMO_ALLOWANCE,6816.37,,OPEN
D001421,INV-0024993,C00231,2026-04-20,DAMAGED_GOODS,34503.72,,OPEN
D001422,INV-0024998,C00231,2026-05-04,SHORT_SHIP,12041.21,2026-06-27,RESOLVED
D001423,INV-0025005,C00231,2026-06-05,SHORT_SHIP,11355.53,,OPEN
D001424,INV-0025026,C00232,2025-05-16,SHORT_SHIP,9066.19,,OPEN
D001425,INV-0025054,C00232,2025-10-05,PRICING_VARIANCE,9482.64,2026-01-17,RESOLVED
D001426,INV-0025067,C00232,2026-01-18,RETURN_CREDIT,6105.44,2026-03-11,RESOLVED
D001427,INV-0025076,C00232,2026-02-22,SHORT_SHIP,3095.39,,OPEN
D001428,INV-0025094,C00232,2026-06-01,PRICING_VARIANCE,3953.61,,OPEN
D001429,INV-0025120,C00233,2025-05-21,DAMAGED_GOODS,2201.02,2025-08-08,RESOLVED
D001430,INV-0025139,C00233,2025-11-09,PROMO_ALLOWANCE,1681.3,2026-02-25,RESOLVED
D001431,INV-0025143,C00233,2025-12-02,PRICING_VARIANCE,9619.37,2026-01-01,RESOLVED
D001432,INV-0025157,C00233,2026-02-11,PROMO_ALLOWANCE,9389.42,2026-06-05,RESOLVED
D001433,INV-0025165,C00233,2026-03-26,PROMO_ALLOWANCE,21620.36,,OPEN
D001434,INV-0025212,C00234,2025-04-27,PRICING_VARIANCE,22073.31,,OPEN
D001435,INV-0025256,C00234,2026-01-08,RETURN_CREDIT,27798.95,2026-02-17,RESOLVED
D001436,INV-0025263,C00234,2026-01-24,RETURN_CREDIT,5553.47,2026-04-23,RESOLVED
D001437,INV-0025290,C00234,2026-06-23,SHORT_SHIP,2334.98,,OPEN
D001438,INV-0025303,C00235,2025-03-06,UNAUTH_CHARGEBACK,21761.34,2025-05-02,RESOLVED
D001439,INV-0025308,C00235,2025-03-29,SHORT_SHIP,27250.9,2025-05-27,RESOLVED
D001440,INV-0025315,C00235,2025-04-11,RETURN_CREDIT,9980.59,2025-06-10,RESOLVED
D001441,INV-0025320,C00235,2025-06-10,RETURN_CREDIT,15150.06,,OPEN
D001442,INV-0025353,C00235,2025-12-20,RETURN_CREDIT,6780.76,2026-04-05,RESOLVED
D001443,INV-0025403,C00236,2025-04-06,PROMO_ALLOWANCE,10217.62,,OPEN
D001444,INV-0025427,C00236,2025-08-14,UNAUTH_CHARGEBACK,42459.38,,OPEN
D001445,INV-0025461,C00236,2026-01-09,DAMAGED_GOODS,24628.83,2026-02-12,RESOLVED
D001446,INV-0025473,C00236,2026-04-29,PRICING_VARIANCE,44179.84,,OPEN
D001447,INV-0025491,C00236,2026-06-14,PRICING_VARIANCE,16706.33,,OPEN
D001448,INV-0025504,C00237,2025-03-25,SHORT_SHIP,14936.72,2025-06-30,RESOLVED
D001449,INV-0025522,C00237,2025-07-26,PRICING_VARIANCE,9321.27,2025-09-21,RESOLVED
D001450,INV-0025534,C00237,2025-08-05,UNAUTH_CHARGEBACK,2315.35,2025-09-14,RESOLVED
D001451,INV-0025549,C00237,2025-10-12,RETURN_CREDIT,7164.29,2026-01-04,RESOLVED
D001452,INV-0025579,C00237,2026-06-04,SHORT_SHIP,7748.4,,OPEN
D001453,INV-0025621,C00238,2025-07-26,PRICING_VARIANCE,22461.8,,OPEN
D001454,INV-0025624,C00238,2025-08-14,UNAUTH_CHARGEBACK,4970.22,2025-11-24,RESOLVED
D001455,INV-0025628,C00238,2025-08-22,RETURN_CREDIT,1603.12,,OPEN
D001456,INV-0025658,C00238,2026-01-15,PRICING_VARIANCE,25558.55,,OPEN
D001457,INV-0025664,C00238,2026-01-21,SHORT_SHIP,1066.57,2026-04-21,RESOLVED
D001458,INV-0025662,C00238,2026-02-09,DAMAGED_GOODS,40353.68,,OPEN
D001459,INV-0025674,C00238,2026-03-17,UNAUTH_CHARGEBACK,12028.25,2026-04-19,RESOLVED
D001460,INV-0025691,C00238,2026-05-19,PROMO_ALLOWANCE,40429.73,,OPEN
D001461,INV-0025696,C00238,2026-06-16,SHORT_SHIP,19483.38,2026-06-29,RESOLVED
D001462,INV-0025728,C00239,2025-05-28,RETURN_CREDIT,7278.14,2025-07-21,RESOLVED
D001463,INV-0025730,C00239,2025-06-12,UNAUTH_CHARGEBACK,23541.81,2025-08-18,RESOLVED
D001464,INV-0025740,C00239,2025-08-05,RETURN_CREDIT,28151.63,,OPEN
D001465,INV-0025767,C00239,2025-12-31,PROMO_ALLOWANCE,22713.53,,OPEN
D001466,INV-0025774,C00239,2026-02-24,DAMAGED_GOODS,8025.15,2026-05-10,RESOLVED
D001467,INV-0025773,C00239,2026-03-05,UNAUTH_CHARGEBACK,10330.44,,OPEN
D001468,INV-0025786,C00239,2026-04-28,UNAUTH_CHARGEBACK,3476.38,,OPEN
D001469,INV-0025818,C00240,2025-05-05,RETURN_CREDIT,7050.69,2025-08-03,RESOLVED
D001470,INV-0025825,C00240,2025-05-10,RETURN_CREDIT,8173.03,2025-08-15,RESOLVED
D001471,INV-0025844,C00240,2025-09-17,DAMAGED_GOODS,29791.95,2025-11-29,RESOLVED
D001472,INV-0025851,C00240,2025-11-12,PRICING_VARIANCE,11848.1,,OPEN
D001473,INV-0025861,C00240,2026-01-02,PRICING_VARIANCE,10085.27,2026-01-22,RESOLVED
D001474,INV-0025865,C00240,2026-01-24,DAMAGED_GOODS,30845.36,2026-04-21,RESOLVED
D001475,INV-0025873,C00240,2026-02-15,UNAUTH_CHARGEBACK,7808.22,2026-03-09,RESOLVED
D001476,INV-0025875,C00240,2026-03-13,PRICING_VARIANCE,14641.24,,OPEN
D001477,INV-0025937,C00241,2025-09-07,RETURN_CREDIT,1826.61,,OPEN
D001478,INV-0025940,C00241,2025-08-18,SHORT_SHIP,3219.24,2025-08-28,RESOLVED
D001479,INV-0025947,C00241,2025-09-13,DAMAGED_GOODS,20625.59,,OPEN
D001480,INV-0026041,C00242,2025-08-07,DAMAGED_GOODS,8390.94,,OPEN
D001481,INV-0026047,C00242,2025-08-18,SHORT_SHIP,27320.89,2025-10-07,RESOLVED
D001482,INV-0026070,C00242,2026-01-04,PRICING_VARIANCE,14487.79,2026-03-30,RESOLVED
D001483,INV-0026073,C00242,2026-02-13,UNAUTH_CHARGEBACK,4682.75,2026-05-27,RESOLVED
D001484,INV-0026074,C00242,2026-02-26,PROMO_ALLOWANCE,25557.65,,OPEN
D001485,INV-0026148,C00243,2025-07-31,PROMO_ALLOWANCE,24001.02,2025-11-01,RESOLVED
D001486,INV-0026156,C00243,2025-08-31,RETURN_CREDIT,13018.13,,OPEN
D001487,INV-0026167,C00243,2025-10-16,PRICING_VARIANCE,31780.53,2025-11-11,RESOLVED
D001488,INV-0026174,C00243,2025-11-24,DAMAGED_GOODS,8663.22,2025-12-13,RESOLVED
D001489,INV-0026181,C00243,2026-01-14,PROMO_ALLOWANCE,16629.32,,OPEN
D001490,INV-0026206,C00243,2026-05-05,RETURN_CREDIT,42423.03,,OPEN
D001491,INV-0026199,C00243,2026-04-30,PROMO_ALLOWANCE,30445.39,2026-06-23,RESOLVED
D001492,INV-0026250,C00244,2025-07-03,PROMO_ALLOWANCE,1336.49,2025-07-12,RESOLVED
D001493,INV-0026253,C00244,2025-07-09,DAMAGED_GOODS,4868.44,2025-08-06,RESOLVED
D001494,INV-0026282,C00244,2025-11-26,DAMAGED_GOODS,46188.19,2026-02-05,RESOLVED
D001495,INV-0026291,C00244,2026-01-11,RETURN_CREDIT,4183.06,2026-04-21,RESOLVED
D001496,INV-0026300,C00244,2026-01-05,UNAUTH_CHARGEBACK,5941.8,2026-04-12,RESOLVED
D001497,INV-0026320,C00244,2026-05-22,SHORT_SHIP,2277.61,,OPEN
D001498,INV-0026358,C00245,2025-06-04,SHORT_SHIP,21317.61,2025-08-24,RESOLVED
D001499,INV-0026393,C00245,2025-11-02,PROMO_ALLOWANCE,27331.21,2025-12-27,RESOLVED
D001500,INV-0026394,C00245,2025-11-04,PROMO_ALLOWANCE,23298.85,,OPEN
D001501,INV-0026399,C00245,2025-11-26,RETURN_CREDIT,47465.4,2025-12-29,RESOLVED
D001502,INV-0026468,C00246,2025-05-30,DAMAGED_GOODS,3399.54,2025-08-08,RESOLVED
D001503,INV-0026475,C00246,2025-06-08,SHORT_SHIP,14761.46,,OPEN
D001504,INV-0026476,C00246,2025-08-08,DAMAGED_GOODS,4184.91,,OPEN
D001505,INV-0026591,C00247,2025-10-29,SHORT_SHIP,4771.81,2025-12-13,RESOLVED
D001506,INV-0026615,C00247,2026-01-21,PROMO_ALLOWANCE,22286.48,,OPEN
D001507,INV-0026618,C00247,2026-02-24,PROMO_ALLOWANCE,4302.55,,OPEN
D001508,INV-0026625,C00247,2026-04-27,DAMAGED_GOODS,27567.82,,OPEN
D001509,INV-0026661,C00248,2025-05-15,RETURN_CREDIT,25668.71,2025-07-25,RESOLVED
D001510,INV-0026675,C00248,2025-08-14,SHORT_SHIP,23127.0,2025-08-26,RESOLVED
D001511,INV-0026730,C00248,2026-06-26,PRICING_VARIANCE,3360.18,,OPEN
D001512,INV-0026753,C00249,2025-04-24,DAMAGED_GOODS,14027.46,,OPEN
D001513,INV-0026765,C00249,2025-06-16,UNAUTH_CHARGEBACK,21835.43,2025-07-05,RESOLVED
D001514,INV-0026761,C00249,2025-07-02,UNAUTH_CHARGEBACK,10849.03,2025-09-02,RESOLVED
D001515,INV-0026768,C00249,2025-07-11,RETURN_CREDIT,11970.94,,OPEN
D001516,INV-0026798,C00249,2025-12-17,PROMO_ALLOWANCE,5170.31,2026-02-18,RESOLVED
D001517,INV-0026803,C00249,2025-12-21,RETURN_CREDIT,21647.93,,OPEN
D001518,INV-0026817,C00249,2026-03-12,RETURN_CREDIT,15780.66,,OPEN
D001519,INV-0026829,C00249,2026-04-23,DAMAGED_GOODS,20703.73,2026-06-19,RESOLVED
D001520,INV-0026838,C00249,2026-05-20,PROMO_ALLOWANCE,30405.64,,OPEN
D001521,INV-0026865,C00250,2025-05-15,DAMAGED_GOODS,6109.59,2025-08-02,RESOLVED
D001522,INV-0026876,C00250,2025-05-19,UNAUTH_CHARGEBACK,8605.0,,OPEN
D001523,INV-0026895,C00250,2025-10-03,PRICING_VARIANCE,5688.72,2025-12-18,RESOLVED
D001524,INV-0026897,C00250,2025-10-01,DAMAGED_GOODS,35902.11,2025-10-28,RESOLVED
D001525,INV-0026908,C00250,2025-12-05,PROMO_ALLOWANCE,37863.14,,OPEN
D001526,INV-0026937,C00250,2026-05-27,UNAUTH_CHARGEBACK,4155.12,,OPEN
D001527,INV-0026959,C00251,2025-03-30,SHORT_SHIP,704.9,2025-07-13,RESOLVED
D001528,INV-0026969,C00251,2025-06-09,SHORT_SHIP,31339.86,,OPEN
D001529,INV-0026971,C00251,2025-06-29,DAMAGED_GOODS,39415.77,2025-10-15,RESOLVED
D001530,INV-0026979,C00251,2025-07-19,DAMAGED_GOODS,7292.54,2025-09-28,RESOLVED
D001531,INV-0026996,C00251,2025-11-02,UNAUTH_CHARGEBACK,8738.97,2025-12-14,RESOLVED
D001532,INV-0027022,C00251,2026-03-15,UNAUTH_CHARGEBACK,19566.45,2026-03-26,RESOLVED
D001533,INV-0027033,C00251,2026-05-25,DAMAGED_GOODS,10968.27,2026-06-11,RESOLVED
D001534,INV-0027077,C00252,2025-07-11,PROMO_ALLOWANCE,27807.15,,OPEN
D001535,INV-0027158,C00253,2025-03-29,PRICING_VARIANCE,2778.83,2025-05-21,RESOLVED
D001536,INV-0027187,C00253,2025-09-04,PRICING_VARIANCE,6067.94,,OPEN
D001537,INV-0027206,C00253,2026-02-18,SHORT_SHIP,10309.6,,OPEN
D001538,INV-0027214,C00253,2026-02-20,PRICING_VARIANCE,17995.78,2026-05-23,RESOLVED
D001539,INV-0027216,C00253,2026-03-13,SHORT_SHIP,9616.11,2026-06-24,RESOLVED
D001540,INV-0027221,C00253,2026-04-12,PRICING_VARIANCE,10473.87,,OPEN
D001541,INV-0027227,C00253,2026-04-21,UNAUTH_CHARGEBACK,927.14,2026-05-28,RESOLVED
D001542,INV-0027255,C00254,2025-02-18,SHORT_SHIP,10506.72,,OPEN
D001543,INV-0027250,C00254,2025-03-10,DAMAGED_GOODS,31857.11,,OPEN
D001544,INV-0027259,C00254,2025-05-01,PROMO_ALLOWANCE,21686.25,2025-06-14,RESOLVED
D001545,INV-0027292,C00254,2025-11-18,PROMO_ALLOWANCE,14460.98,,OPEN
D001546,INV-0027315,C00254,2026-04-28,SHORT_SHIP,8711.3,2026-05-24,RESOLVED
D001547,INV-0027344,C00255,2025-02-17,RETURN_CREDIT,12221.65,2025-04-02,RESOLVED
D001548,INV-0027343,C00255,2025-03-20,RETURN_CREDIT,13906.27,2025-06-25,RESOLVED
D001549,INV-0027355,C00255,2025-04-11,SHORT_SHIP,30741.64,2025-05-29,RESOLVED
D001550,INV-0027354,C00255,2025-04-19,RETURN_CREDIT,14668.93,,OPEN
D001551,INV-0027396,C00255,2025-11-20,DAMAGED_GOODS,18769.78,2026-01-25,RESOLVED
D001552,INV-0027401,C00255,2025-12-10,DAMAGED_GOODS,22524.02,,OPEN
D001553,INV-0027400,C00255,2025-12-06,UNAUTH_CHARGEBACK,9424.27,,OPEN
D001554,INV-0027426,C00255,2026-06-02,UNAUTH_CHARGEBACK,4098.56,,OPEN
D001555,INV-0027460,C00256,2025-04-04,UNAUTH_CHARGEBACK,44400.79,2025-07-22,RESOLVED
D001556,INV-0027467,C00256,2025-07-17,PRICING_VARIANCE,2457.52,2025-11-01,RESOLVED
D001557,INV-0027476,C00256,2025-07-13,PROMO_ALLOWANCE,28252.11,,OPEN
D001558,INV-0027513,C00256,2026-01-29,UNAUTH_CHARGEBACK,22180.68,2026-04-05,RESOLVED
D001559,INV-0027511,C00256,2026-02-11,UNAUTH_CHARGEBACK,38119.5,,OPEN
D001560,INV-0027524,C00256,2026-03-26,DAMAGED_GOODS,32613.41,,OPEN
D001561,INV-0027531,C00256,2026-05-01,DAMAGED_GOODS,18589.66,2026-06-12,RESOLVED
D001562,INV-0027532,C00256,2026-05-15,RETURN_CREDIT,21269.8,,OPEN
D001563,INV-0027533,C00256,2026-05-06,UNAUTH_CHARGEBACK,5260.49,,OPEN
D001564,INV-0027545,C00256,2026-06-19,PROMO_ALLOWANCE,16355.45,,OPEN
D001565,INV-0027566,C00257,2025-04-05,SHORT_SHIP,12024.08,2025-04-28,RESOLVED
D001566,INV-0027577,C00257,2025-07-02,PROMO_ALLOWANCE,13761.47,,OPEN
D001567,INV-0027599,C00257,2025-10-22,PROMO_ALLOWANCE,37851.75,2025-12-25,RESOLVED
D001568,INV-0027601,C00257,2025-11-13,UNAUTH_CHARGEBACK,1744.7,,OPEN
D001569,INV-0027604,C00257,2025-11-20,RETURN_CREDIT,9082.63,,OPEN
D001570,INV-0027614,C00257,2026-02-14,PRICING_VARIANCE,4424.27,,OPEN
D001571,INV-0027639,C00257,2026-06-11,UNAUTH_CHARGEBACK,26551.02,,OPEN
D001572,INV-0027667,C00258,2025-04-21,PROMO_ALLOWANCE,5671.03,,OPEN
D001573,INV-0027668,C00258,2025-05-06,DAMAGED_GOODS,20443.14,2025-07-18,RESOLVED
D001574,INV-0027687,C00258,2025-08-13,PRICING_VARIANCE,11540.9,2025-10-19,RESOLVED
D001575,INV-0027694,C00258,2025-08-31,DAMAGED_GOODS,3827.99,2025-12-07,RESOLVED
D001576,INV-0027699,C00258,2025-09-25,SHORT_SHIP,2829.4,2025-12-23,RESOLVED
D001577,INV-0027705,C00258,2025-12-11,UNAUTH_CHARGEBACK,20884.93,2026-03-16,RESOLVED
D001578,INV-0027720,C00258,2026-01-28,DAMAGED_GOODS,11055.03,2026-03-15,RESOLVED
D001579,INV-0027759,C00259,2025-03-04,PROMO_ALLOWANCE,4214.15,,OPEN
D001580,INV-0027765,C00259,2025-03-30,PROMO_ALLOWANCE,1502.62,2025-06-29,RESOLVED
D001581,INV-0027776,C00259,2025-06-17,PROMO_ALLOWANCE,25758.49,2025-08-01,RESOLVED
D001582,INV-0027780,C00259,2025-07-26,UNAUTH_CHARGEBACK,29705.74,2025-09-19,RESOLVED
D001583,INV-0027795,C00259,2025-09-02,UNAUTH_CHARGEBACK,9595.0,2025-10-12,RESOLVED
D001584,INV-0027794,C00259,2025-08-30,DAMAGED_GOODS,5233.12,2025-11-01,RESOLVED
D001585,INV-0027797,C00259,2025-09-04,UNAUTH_CHARGEBACK,29282.47,2025-12-27,RESOLVED
D001586,INV-0027927,C00260,2026-01-20,UNAUTH_CHARGEBACK,15914.95,2026-03-21,RESOLVED
D001587,INV-0027929,C00260,2026-02-14,UNAUTH_CHARGEBACK,47180.4,2026-04-09,RESOLVED
D001588,INV-0027935,C00260,2026-04-12,RETURN_CREDIT,18181.62,,OPEN
D001589,INV-0027940,C00260,2026-04-23,UNAUTH_CHARGEBACK,3746.46,2026-05-03,RESOLVED
D001590,INV-0027948,C00260,2026-06-16,RETURN_CREDIT,25105.58,,OPEN
D001591,INV-0028006,C00261,2025-09-15,RETURN_CREDIT,11251.69,,OPEN
D001592,INV-0028013,C00261,2025-09-29,UNAUTH_CHARGEBACK,11050.18,2026-01-10,RESOLVED
D001593,INV-0028051,C00261,2026-05-02,UNAUTH_CHARGEBACK,3831.75,,OPEN
D001594,INV-0028126,C00262,2025-12-01,PROMO_ALLOWANCE,2004.24,,OPEN
D001595,INV-0028133,C00262,2025-12-29,PRICING_VARIANCE,8080.71,2026-02-02,RESOLVED
D001596,INV-0028132,C00262,2025-12-31,PROMO_ALLOWANCE,30095.82,2026-01-19,RESOLVED
D001597,INV-0028147,C00262,2026-03-21,DAMAGED_GOODS,3087.82,2026-06-05,RESOLVED
D001598,INV-0028154,C00262,2026-03-21,DAMAGED_GOODS,23382.85,,OPEN
D001599,INV-0028188,C00263,2025-03-14,PRICING_VARIANCE,38982.57,,OPEN
D001600,INV-0028187,C00263,2025-03-29,UNAUTH_CHARGEBACK,12648.79,2025-07-21,RESOLVED
D001601,INV-0028190,C00263,2025-04-17,DAMAGED_GOODS,4950.1,2025-06-30,RESOLVED
D001602,INV-0028200,C00263,2025-06-16,DAMAGED_GOODS,20288.43,2025-07-18,RESOLVED
D001603,INV-0028204,C00263,2025-07-22,UNAUTH_CHARGEBACK,7074.75,2025-09-23,RESOLVED
D001604,INV-0028259,C00263,2026-04-16,PROMO_ALLOWANCE,3109.62,,OPEN
D001605,INV-0028303,C00264,2025-06-25,SHORT_SHIP,26621.81,,OPEN
D001606,INV-0028310,C00264,2025-07-26,UNAUTH_CHARGEBACK,1886.11,2025-10-18,RESOLVED
D001607,INV-0028325,C00264,2025-10-14,DAMAGED_GOODS,25411.51,2025-11-21,RESOLVED
D001608,INV-0028334,C00264,2025-11-06,UNAUTH_CHARGEBACK,5879.57,2025-12-26,RESOLVED
D001609,INV-0028345,C00264,2026-01-07,DAMAGED_GOODS,27946.92,2026-02-17,RESOLVED
D001610,INV-0028389,C00265,2025-03-07,PROMO_ALLOWANCE,1098.95,2025-05-08,RESOLVED
D001611,INV-0028412,C00265,2025-07-25,PRICING_VARIANCE,30003.55,,OPEN
D001612,INV-0028436,C00265,2025-12-21,PROMO_ALLOWANCE,12892.13,,OPEN
D001613,INV-0028446,C00265,2026-01-09,DAMAGED_GOODS,10281.0,2026-02-12,RESOLVED
D001614,INV-0028454,C00265,2026-02-18,PROMO_ALLOWANCE,7896.97,2026-05-13,RESOLVED
D001615,INV-0028469,C00265,2026-05-02,DAMAGED_GOODS,13040.22,,OPEN
D001616,INV-0028465,C00265,2026-05-03,RETURN_CREDIT,1967.19,2026-06-20,RESOLVED
D001617,INV-0028467,C00265,2026-05-02,PROMO_ALLOWANCE,11177.92,,OPEN
D001618,INV-0028477,C00265,2026-05-12,PRICING_VARIANCE,4830.91,,OPEN
D001619,INV-0028472,C00265,2026-05-12,RETURN_CREDIT,5003.69,,OPEN
D001620,INV-0028487,C00266,2025-04-06,QUALITY_CLAIM,106654.71,2025-07-09,RESOLVED
D001621,INV-0028515,C00266,2025-11-15,VOLUME_REBATE,458192.78,2026-02-20,RESOLVED
D001622,INV-0028532,C00266,2026-03-18,SHORT_SHIP,550650.06,2026-05-09,RESOLVED
D001623,INV-0028581,C00267,2025-10-16,QUALITY_CLAIM,383090.14,,OPEN
D001624,INV-0028601,C00267,2026-03-06,QUALITY_CLAIM,1121100.66,2026-04-02,RESOLVED
D001625,INV-0028660,C00268,2025-09-15,QUALITY_CLAIM,154309.68,,OPEN
D001626,INV-0028711,C00269,2025-05-22,PRICING_VARIANCE,200078.98,2025-07-07,RESOLVED
D001627,INV-0028722,C00269,2025-08-22,VOLUME_REBATE,478696.62,2025-09-10,RESOLVED
D001628,INV-0028754,C00269,2026-06-09,PRICING_VARIANCE,633193.58,,OPEN
D001629,INV-0028771,C00270,2025-03-23,PRICING_VARIANCE,622285.78,2025-05-04,RESOLVED
D001630,INV-0028808,C00270,2026-02-28,QUALITY_CLAIM,377108.19,,OPEN
D001631,INV-0028807,C00270,2026-02-24,CONTRACT_TERMS,169203.48,,OPEN
D001632,INV-0028820,C00270,2026-06-03,QUALITY_CLAIM,133007.08,,OPEN
D001633,INV-0028842,C00271,2025-05-14,SHORT_SHIP,199125.27,2025-08-18,RESOLVED
D001634,INV-0028852,C00271,2025-07-21,VOLUME_REBATE,336931.78,,OPEN
D001635,INV-0028873,C00271,2025-12-10,QUALITY_CLAIM,788995.84,2026-03-17,RESOLVED
D001636,INV-0028897,C00271,2026-04-12,CONTRACT_TERMS,553301.05,,OPEN
D001637,INV-0028896,C00271,2026-03-30,SHORT_SHIP,493798.66,,OPEN
D001638,INV-0028911,C00271,2026-06-24,PRICING_VARIANCE,696322.88,,OPEN
D001639,INV-0028940,C00272,2025-09-09,PRICING_VARIANCE,83607.95,,OPEN
D001640,INV-0028962,C00272,2026-03-27,SHORT_SHIP,311144.25,,OPEN
D001641,INV-0028994,C00273,2025-04-15,VOLUME_REBATE,407907.19,2025-06-30,RESOLVED
D001642,INV-0029037,C00273,2026-02-13,PRICING_VARIANCE,533866.09,2026-05-19,RESOLVED
D001643,INV-0029076,C00274,2025-05-27,SHORT_SHIP,51176.53,,OPEN
D001644,INV-0029089,C00274,2025-07-24,PRICING_VARIANCE,482347.63,2025-10-07,RESOLVED
D001645,INV-0029092,C00274,2025-08-27,CONTRACT_TERMS,530413.49,2025-09-07,RESOLVED
D001646,INV-0029096,C00274,2025-08-17,PRICING_VARIANCE,337122.69,,OPEN
D001647,INV-0029105,C00274,2025-12-20,CONTRACT_TERMS,672794.92,2026-02-06,RESOLVED
D001648,INV-0029129,C00274,2026-04-24,PRICING_VARIANCE,152447.8,,OPEN
D001649,INV-0029131,C00274,2026-05-15,PRICING_VARIANCE,320125.0,,OPEN
D001650,INV-0029152,C00275,2025-05-05,PRICING_VARIANCE,627996.15,2025-07-15,RESOLVED
D001651,INV-0029157,C00275,2025-06-28,VOLUME_REBATE,383861.5,,OPEN
D001652,INV-0029171,C00275,2025-11-05,CONTRACT_TERMS,245288.21,2026-01-23,RESOLVED
D001653,INV-0029190,C00275,2026-04-07,CONTRACT_TERMS,129462.76,,OPEN
D001654,INV-0029197,C00275,2026-04-22,PRICING_VARIANCE,273264.19,2026-06-25,RESOLVED
D001655,INV-0029220,C00276,2025-05-31,QUALITY_CLAIM,228128.12,2025-07-04,RESOLVED
D001656,INV-0029229,C00276,2025-08-13,SHORT_SHIP,232139.61,,OPEN
D001657,INV-0029248,C00276,2026-02-06,PRICING_VARIANCE,611096.82,,OPEN
D001658,INV-0029303,C00277,2025-08-19,SHORT_SHIP,642992.64,2025-11-07,RESOLVED
D001659,INV-0029329,C00277,2026-02-26,PRICING_VARIANCE,1016302.54,2026-05-09,RESOLVED
D001660,INV-0029374,C00278,2025-08-19,QUALITY_CLAIM,167807.9,2025-11-29,RESOLVED
D001661,INV-0029436,C00279,2025-07-16,VOLUME_REBATE,115707.06,2025-09-30,RESOLVED
D001662,INV-0029560,C00280,2026-06-26,CONTRACT_TERMS,812173.3,,OPEN
D001663,INV-0029597,C00281,2025-11-21,VOLUME_REBATE,352508.06,2025-12-11,RESOLVED
D001664,INV-0029606,C00281,2026-01-09,SHORT_SHIP,288266.55,2026-02-01,RESOLVED
D001665,INV-0029660,C00282,2025-10-16,QUALITY_CLAIM,118803.37,2025-12-05,RESOLVED
D001666,INV-0029712,C00283,2025-03-15,VOLUME_REBATE,475593.37,2025-04-05,RESOLVED
D001667,INV-0029731,C00283,2025-08-28,CONTRACT_TERMS,263053.9,2025-10-09,RESOLVED
D001668,INV-0029743,C00283,2025-11-24,CONTRACT_TERMS,351588.33,,OPEN
D001669,INV-0029745,C00283,2025-12-05,CONTRACT_TERMS,122321.78,2026-02-04,RESOLVED
D001670,INV-0029794,C00284,2025-06-17,CONTRACT_TERMS,516312.92,,OPEN
D001671,INV-0029825,C00284,2026-06-05,PRICING_VARIANCE,176801.03,,OPEN
D001672,INV-0029849,C00285,2025-05-22,PRICING_VARIANCE,72521.86,2025-06-02,RESOLVED
D001673,INV-0029858,C00285,2025-08-13,PRICING_VARIANCE,320625.22,2025-09-06,RESOLVED
D001674,INV-0029867,C00285,2025-10-29,QUALITY_CLAIM,894250.4,2026-01-30,RESOLVED
D001675,INV-0029877,C00285,2025-12-23,VOLUME_REBATE,134055.85,,OPEN
D001676,INV-0029882,C00285,2026-01-16,CONTRACT_TERMS,275467.35,2026-01-29,RESOLVED
D001677,INV-0029935,C00286,2025-09-14,QUALITY_CLAIM,1110918.58,,OPEN
D001678,INV-0029946,C00286,2025-11-22,CONTRACT_TERMS,515919.53,,OPEN
D001679,INV-0029990,C00287,2025-04-16,SHORT_SHIP,206309.4,,OPEN
D001680,INV-0030002,C00287,2025-07-13,QUALITY_CLAIM,251398.18,2025-08-15,RESOLVED
D001681,INV-0030027,C00287,2026-02-01,SHORT_SHIP,639932.13,2026-04-22,RESOLVED
D001682,INV-0030043,C00287,2026-05-17,QUALITY_CLAIM,868665.62,,OPEN
D001683,INV-0030091,C00288,2025-08-23,VOLUME_REBATE,110891.73,2025-09-05,RESOLVED
D001684,INV-0030134,C00289,2025-04-04,CONTRACT_TERMS,133524.62,2025-05-30,RESOLVED
D001685,INV-0030153,C00289,2025-11-09,PRICING_VARIANCE,887186.18,2026-02-25,RESOLVED
D001686,INV-0030176,C00289,2026-03-14,VOLUME_REBATE,297146.34,,OPEN
D001687,INV-0030174,C00289,2026-04-08,SHORT_SHIP,147301.53,,OPEN
D001688,INV-0030225,C00290,2025-12-15,CONTRACT_TERMS,657397.1,2026-03-07,RESOLVED
D001689,INV-0030233,C00290,2026-01-04,VOLUME_REBATE,436137.26,2026-03-24,RESOLVED
D001690,INV-0030238,C00290,2026-03-07,VOLUME_REBATE,176970.38,2026-06-22,RESOLVED
D001691,INV-0030250,C00290,2026-06-04,CONTRACT_TERMS,539178.19,,OPEN
D001692,INV-0030270,C00291,2025-06-15,CONTRACT_TERMS,269254.71,2025-09-07,RESOLVED
D001693,INV-0030273,C00291,2025-06-29,PRICING_VARIANCE,614540.91,2025-08-28,RESOLVED
D001694,INV-0030287,C00291,2025-10-25,QUALITY_CLAIM,377065.87,2025-12-14,RESOLVED
D001695,INV-0030290,C00291,2025-12-03,VOLUME_REBATE,48004.86,2025-12-30,RESOLVED
D001696,INV-0030310,C00291,2026-06-12,SHORT_SHIP,313506.83,,OPEN
D001697,INV-0030336,C00292,2025-05-26,SHORT_SHIP,964800.66,2025-08-24,RESOLVED
D001698,INV-0030355,C00292,2025-09-28,VOLUME_REBATE,311415.5,2025-12-25,RESOLVED
D001699,INV-0030368,C00292,2026-01-23,CONTRACT_TERMS,82668.38,,OPEN
D001700,INV-0030379,C00292,2026-06-04,PRICING_VARIANCE,737931.13,,OPEN
D001701,INV-0030403,C00293,2025-05-25,PRICING_VARIANCE,125217.95,2025-06-07,RESOLVED
D001702,INV-0030415,C00293,2025-09-16,SHORT_SHIP,724384.29,2025-12-17,RESOLVED
D001703,INV-0030420,C00293,2025-09-23,PRICING_VARIANCE,213668.58,2025-12-29,RESOLVED
D001704,INV-0030427,C00293,2025-11-30,VOLUME_REBATE,519728.32,2026-01-31,RESOLVED
D001705,INV-0030430,C00293,2025-11-22,VOLUME_REBATE,614544.04,2026-03-16,RESOLVED
D001706,INV-0030457,C00293,2026-05-10,CONTRACT_TERMS,173333.76,,OPEN
D001707,INV-0030500,C00294,2025-08-31,PRICING_VARIANCE,357426.47,2025-10-14,RESOLVED
D001708,INV-0030503,C00294,2025-08-29,PRICING_VARIANCE,368123.4,2025-12-10,RESOLVED
D001709,INV-0030564,C00295,2025-06-10,CONTRACT_TERMS,31462.92,,OPEN
D001710,INV-0030565,C00295,2025-07-23,PRICING_VARIANCE,305662.9,,OPEN
D001711,INV-0030585,C00295,2026-03-08,PRICING_VARIANCE,671015.77,2026-06-21,RESOLVED
D001712,INV-0030624,C00296,2025-05-19,QUALITY_CLAIM,572212.88,2025-06-05,RESOLVED
D001713,INV-0030668,C00296,2026-05-07,VOLUME_REBATE,680978.44,2026-05-23,RESOLVED
D001714,INV-0030694,C00297,2025-06-20,SHORT_SHIP,177860.48,2025-08-31,RESOLVED
D001715,INV-0030721,C00297,2025-11-05,PRICING_VARIANCE,201451.93,2026-02-14,RESOLVED
D001716,INV-0030739,C00297,2026-04-28,VOLUME_REBATE,138211.92,,OPEN
D001717,INV-0030742,C00297,2026-05-27,VOLUME_REBATE,83732.39,,OPEN
D001718,INV-0030773,C00298,2025-07-03,CONTRACT_TERMS,100134.63,2025-07-19,RESOLVED
D001719,INV-0030845,C00299,2025-06-01,PRICING_VARIANCE,319237.47,2025-07-25,RESOLVED
D001720,INV-0030853,C00299,2025-07-26,VOLUME_REBATE,112107.31,2025-09-29,RESOLVED
D001721,INV-0030850,C00299,2025-08-02,CONTRACT_TERMS,457956.55,2025-09-16,RESOLVED
D001722,INV-0030926,C00300,2025-10-31,CONTRACT_TERMS,264344.97,2026-01-10,RESOLVED
D001723,INV-0030924,C00300,2025-11-08,VOLUME_REBATE,260061.5,,OPEN
